-- --------------------------------------------------------
-- 호스트:                          127.0.0.1
-- 서버 버전:                        8.0.35 - MySQL Community Server - GPL
-- 서버 OS:                        Win64
-- HeidiSQL 버전:                  12.6.0.6765
-- --------------------------------------------------------

/*!40101 SET @OLD_CHARACTER_SET_CLIENT=@@CHARACTER_SET_CLIENT */;
/*!40101 SET NAMES utf8 */;
/*!50503 SET NAMES utf8mb4 */;
/*!40103 SET @OLD_TIME_ZONE=@@TIME_ZONE */;
/*!40103 SET TIME_ZONE='+00:00' */;
/*!40014 SET @OLD_FOREIGN_KEY_CHECKS=@@FOREIGN_KEY_CHECKS, FOREIGN_KEY_CHECKS=0 */;
/*!40101 SET @OLD_SQL_MODE=@@SQL_MODE, SQL_MODE='NO_AUTO_VALUE_ON_ZERO' */;
/*!40111 SET @OLD_SQL_NOTES=@@SQL_NOTES, SQL_NOTES=0 */;


-- bank 데이터베이스 구조 내보내기
DROP DATABASE IF EXISTS `bank`;
CREATE DATABASE IF NOT EXISTS `bank` /*!40100 DEFAULT CHARACTER SET utf8mb4 COLLATE utf8mb4_0900_ai_ci */ /*!80016 DEFAULT ENCRYPTION='N' */;
USE `bank`;

-- 테이블 bank.bank_account 구조 내보내기
DROP TABLE IF EXISTS `bank_account`;
CREATE TABLE IF NOT EXISTS `bank_account` (
  `a_no` varchar(11) NOT NULL,
  `a_item_dist` char(2) NOT NULL,
  `a_item_name` varchar(20) NOT NULL,
  `a_c_no` varchar(14) NOT NULL,
  `a_balance` int NOT NULL DEFAULT '0',
  `a_open_date` date NOT NULL,
  PRIMARY KEY (`a_no`)
) ENGINE=InnoDB DEFAULT CHARSET=utf8mb4 COLLATE=utf8mb4_0900_ai_ci;

-- 테이블 데이터 bank.bank_account:~10 rows (대략적) 내보내기
DELETE FROM `bank_account`;
INSERT INTO `bank_account` (`a_no`, `a_item_dist`, `a_item_name`, `a_c_no`, `a_balance`, `a_open_date`) VALUES
	('101-11-1001', 'S1', '자유저축예금', '730423-1000001', 310000, '2005-07-21'),
	('101-11-1003', 'S1', '자유저축예금', '870830-1000004', 83000, '2007-02-17'),
	('101-11-2001', 'S1', '자유저축예금', '220-82-52237', 23000000, '2003-04-14'),
	('101-11-2002', 'S1', '자유저축예금', '361-22-42687', 4201000, '2008-12-30'),
	('101-11-2003', 'S1', '자유저축예금', '102-22-51094', 8325010, '2010-06-07'),
	('101-12-1002', 'S2', '정기적립예금', '830513-2000003', 1020000, '2011-05-13'),
	('101-13-1005', 'S3', '주택청약예금', '941127-1000006', 720800, '2012-10-15'),
	('101-21-1004', 'L1', '고객신용대출', '910912-2000005', 1200500, '2009-08-25'),
	('101-22-1006', 'L2', '예금담보대출', '730423-1000001', 25000, '2013-12-11'),
	('101-23-1007', 'L3', '주택담보대출', '750210-1000002', 2700000, '2020-09-23');

-- 테이블 bank.bank_customer 구조 내보내기
DROP TABLE IF EXISTS `bank_customer`;
CREATE TABLE IF NOT EXISTS `bank_customer` (
  `c_no` varchar(14) NOT NULL,
  `c_name` varchar(20) NOT NULL,
  `c_dist` int NOT NULL DEFAULT '0',
  `c_phone` varchar(20) NOT NULL,
  `c_addr` varchar(100) DEFAULT NULL,
  PRIMARY KEY (`c_no`),
  UNIQUE KEY `c_phone` (`c_phone`)
) ENGINE=InnoDB DEFAULT CHARSET=utf8mb4 COLLATE=utf8mb4_0900_ai_ci;

-- 테이블 데이터 bank.bank_customer:~9 rows (대략적) 내보내기
DELETE FROM `bank_customer`;
INSERT INTO `bank_customer` (`c_no`, `c_name`, `c_dist`, `c_phone`, `c_addr`) VALUES
	('102-22-51094', '부산의원', 2, '051-518-1010', '부산시 남구'),
	('220-82-52237', '(주)한국전산', 2, '02-134-1045', '서울시 강서구'),
	('361-22-42867', '(주)정보산업', 2, '031-563-1253', '경기도 광명시'),
	('730423-1000001', '김유신', 1, '010-1234-1001', '경기도 수원시'),
	('750210-1000002', '김춘추', 1, '010-1234-1002', '경기도 광주시'),
	('830513-2000003', '선덕여왕', 1, '010-1234-1003', '서울시 마포구'),
	('870803-1000004', '강감찬', 1, '010-1234-1004', '서울시 영등포구'),
	('910912-2000005', '신사임당', 1, '010-1234-1005', '강원도 강릉시'),
	('9411271000006', '이순신', 1, '010-1234-1006', '부산시 영도구');

-- 테이블 bank.bank_transaction 구조 내보내기
DROP TABLE IF EXISTS `bank_transaction`;
CREATE TABLE IF NOT EXISTS `bank_transaction` (
  `t_no` int NOT NULL AUTO_INCREMENT,
  `t_a_no` varchar(11) NOT NULL,
  `t_dist` int NOT NULL,
  `t_amount` int NOT NULL DEFAULT '0',
  `t_datetime` datetime NOT NULL,
  PRIMARY KEY (`t_no`)
) ENGINE=InnoDB AUTO_INCREMENT=11 DEFAULT CHARSET=utf8mb4 COLLATE=utf8mb4_0900_ai_ci;

-- 테이블 데이터 bank.bank_transaction:~10 rows (대략적) 내보내기
DELETE FROM `bank_transaction`;
INSERT INTO `bank_transaction` (`t_no`, `t_a_no`, `t_dist`, `t_amount`, `t_datetime`) VALUES
	(1, '101-11-1001', 1, 50000, '2022-08-21 04:26:52'),
	(2, '101-11-1003', 2, 120000, '2022-08-21 04:26:52'),
	(3, '101-11-2001', 2, 300000, '2022-08-21 04:26:52'),
	(4, '101-12-1002', 1, 1000000, '2022-08-21 04:26:52'),
	(5, '101-11-1001', 3, 0, '2022-08-21 04:26:52'),
	(6, '101-13-1005', 1, 200000, '2022-08-21 04:26:52'),
	(7, '101-11-1001', 1, 450000, '2022-08-21 04:26:52'),
	(8, '101-11-2002', 2, 32000, '2022-08-21 04:26:52'),
	(9, '101-11-2003', 3, 0, '2022-08-21 04:26:52'),
	(10, '101-11-1003', 1, 75000, '2022-08-21 04:26:52');


-- bankerd 데이터베이스 구조 내보내기
DROP DATABASE IF EXISTS `bankerd`;
CREATE DATABASE IF NOT EXISTS `bankerd` /*!40100 DEFAULT CHARACTER SET utf8mb3 */ /*!80016 DEFAULT ENCRYPTION='N' */;
USE `bankerd`;

-- 테이블 bankerd.bank_account 구조 내보내기
DROP TABLE IF EXISTS `bank_account`;
CREATE TABLE IF NOT EXISTS `bank_account` (
  `a_no` char(11) NOT NULL,
  `a_item_dist` char(2) NOT NULL,
  `a_item_name` varchar(20) NOT NULL,
  `a_c_no` varchar(14) NOT NULL,
  `a_balance` int NOT NULL DEFAULT '0',
  `a_open_date` date NOT NULL,
  PRIMARY KEY (`a_no`),
  KEY `fk_bank_account_bank_customer_idx` (`a_c_no`),
  CONSTRAINT `fk_bank_account_bank_customer` FOREIGN KEY (`a_c_no`) REFERENCES `bank_customer` (`c_no`)
) ENGINE=InnoDB DEFAULT CHARSET=utf8mb3;

-- 테이블 데이터 bankerd.bank_account:~4 rows (대략적) 내보내기
DELETE FROM `bank_account`;
INSERT INTO `bank_account` (`a_no`, `a_item_dist`, `a_item_name`, `a_c_no`, `a_balance`, `a_open_date`) VALUES
	('101-11-1001', 'S1', '자유저축예금', '730423-1000001', 1550000, '2011-04-11'),
	('101-11-1002', 'S1', '자유저축예금', '930423-1000005', 260000, '2011-05-12'),
	('101-12-1001', 'S2', '기업전용예금', '102-12-51094', 15000000, '2011-07-14'),
	('101-13-1001', 'S3', '정기저축예금', '730423-1000002', 1200000, '2011-08-15');

-- 테이블 bankerd.bank_customer 구조 내보내기
DROP TABLE IF EXISTS `bank_customer`;
CREATE TABLE IF NOT EXISTS `bank_customer` (
  `c_no` varchar(14) NOT NULL,
  `c_name` varchar(20) NOT NULL,
  `C_dist` tinyint NOT NULL DEFAULT '0',
  `c_phone` varchar(100) NOT NULL,
  `c_addr` char(13) DEFAULT NULL,
  PRIMARY KEY (`c_no`),
  UNIQUE KEY `c_addr_UNIQUE` (`c_addr`)
) ENGINE=InnoDB DEFAULT CHARSET=utf8mb3;

-- 테이블 데이터 bankerd.bank_customer:~5 rows (대략적) 내보내기
DELETE FROM `bank_customer`;
INSERT INTO `bank_customer` (`c_no`, `c_name`, `C_dist`, `c_phone`, `c_addr`) VALUES
	('102-12-51094', '(주)정보산업', 2, '051-500-1004', '부산시 부산진구'),
	('730423-1000001', '김유신', 1, '010-1234-1001', '경남 김해시'),
	('730423-1000002', '김춘추', 1, '010-1234-1002', '경남 경주시'),
	('730423-1000003', '장보고', 1, '010-1234-1003', '전남 완도군'),
	('930423-1000005', '이순신', 1, '010-1234-1005', '서울 종로구');

-- 테이블 bankerd.bank_transaction 구조 내보내기
DROP TABLE IF EXISTS `bank_transaction`;
CREATE TABLE IF NOT EXISTS `bank_transaction` (
  `t_no` int NOT NULL AUTO_INCREMENT,
  `t_a_no` char(11) NOT NULL,
  `t_dist` tinyint NOT NULL,
  `t_amount` int NOT NULL DEFAULT '0',
  `t_datetime` datetime NOT NULL,
  PRIMARY KEY (`t_no`,`t_a_no`),
  KEY `fk_bank_transaction_bank_account1_idx` (`t_a_no`),
  CONSTRAINT `fk_bank_transaction_bank_account1` FOREIGN KEY (`t_a_no`) REFERENCES `bank_account` (`a_no`)
) ENGINE=InnoDB AUTO_INCREMENT=19 DEFAULT CHARSET=utf8mb3;

-- 테이블 데이터 bankerd.bank_transaction:~11 rows (대략적) 내보내기
DELETE FROM `bank_transaction`;
INSERT INTO `bank_transaction` (`t_no`, `t_a_no`, `t_dist`, `t_amount`, `t_datetime`) VALUES
	(1, '101-11-1001', 1, 50000, '2023-01-01 13:15:10'),
	(2, '101-12-1001', 2, 1000000, '2023-01-02 13:15:12'),
	(3, '101-11-1002', 3, 260000, '2023-01-03 13:15:14'),
	(4, '101-11-1002', 2, 100000, '2023-01-04 13:15:16'),
	(6, '101-11-1001', 1, 150000, '2023-01-05 13:15:28'),
	(10, '101-11-1002', 2, 100000, '2023-01-04 13:15:16'),
	(11, '101-11-1001', 1, 50000, '2023-01-01 13:15:10'),
	(12, '101-12-1001', 2, 1000000, '2023-01-02 13:15:12'),
	(13, '101-11-1002', 3, 260000, '2023-01-03 13:15:14'),
	(14, '101-11-1002', 2, 100000, '2023-01-04 13:15:16'),
	(15, '101-11-1001', 1, 150000, '2023-01-05 13:15:28');


-- bookorder 데이터베이스 구조 내보내기
DROP DATABASE IF EXISTS `bookorder`;
CREATE DATABASE IF NOT EXISTS `bookorder` /*!40100 DEFAULT CHARACTER SET utf8mb3 */ /*!80016 DEFAULT ENCRYPTION='N' */;
USE `bookorder`;

-- 테이블 bookorder.book 구조 내보내기
DROP TABLE IF EXISTS `book`;
CREATE TABLE IF NOT EXISTS `book` (
  `bookNo` int NOT NULL,
  `bookName` varchar(45) DEFAULT NULL,
  PRIMARY KEY (`bookNo`)
) ENGINE=InnoDB DEFAULT CHARSET=utf8mb3;

-- 테이블 데이터 bookorder.book:~2 rows (대략적) 내보내기
DELETE FROM `book`;
INSERT INTO `book` (`bookNo`, `bookName`) VALUES
	(101, '프로그래밍'),
	(102, '자료구조'),
	(110, '데이터베이스');

-- 테이블 bookorder.order 구조 내보내기
DROP TABLE IF EXISTS `order`;
CREATE TABLE IF NOT EXISTS `order` (
  `orderNo` int NOT NULL,
  `bookNo` int NOT NULL,
  `count` int DEFAULT NULL,
  `price` int DEFAULT NULL,
  KEY `fk_Order_UserOrder1_idx` (`orderNo`),
  KEY `fk_Order_Book1_idx` (`bookNo`),
  CONSTRAINT `fk_Order_Book1` FOREIGN KEY (`bookNo`) REFERENCES `book` (`bookNo`),
  CONSTRAINT `fk_Order_UserOrder1` FOREIGN KEY (`orderNo`) REFERENCES `userorder` (`orderNo`)
) ENGINE=InnoDB DEFAULT CHARSET=utf8mb3;

-- 테이블 데이터 bookorder.order:~7 rows (대략적) 내보내기
DELETE FROM `order`;
INSERT INTO `order` (`orderNo`, `bookNo`, `count`, `price`) VALUES
	(10001, 101, 1, 28000),
	(10002, 101, 1, 28000),
	(10002, 102, 2, 32000),
	(10003, 102, 2, 32000),
	(10004, 110, 1, 25000),
	(10005, 110, 1, 25000),
	(10005, 102, 1, 16000);

-- 테이블 bookorder.user 구조 내보내기
DROP TABLE IF EXISTS `user`;
CREATE TABLE IF NOT EXISTS `user` (
  `userId` varchar(10) NOT NULL,
  `userName` varchar(10) DEFAULT NULL,
  `userAddr` varchar(45) DEFAULT NULL,
  PRIMARY KEY (`userId`)
) ENGINE=InnoDB DEFAULT CHARSET=utf8mb3;

-- 테이블 데이터 bookorder.user:~5 rows (대략적) 내보내기
DELETE FROM `user`;
INSERT INTO `user` (`userId`, `userName`, `userAddr`) VALUES
	('a101', '김유신', '김해'),
	('a102', '김춘추', '경주'),
	('a103', '장보고', '완도'),
	('a104', '강감찬', '서울'),
	('a105', '이순신', '서울');

-- 테이블 bookorder.userorder 구조 내보내기
DROP TABLE IF EXISTS `userorder`;
CREATE TABLE IF NOT EXISTS `userorder` (
  `orderNo` int NOT NULL,
  `orderDate` date DEFAULT NULL,
  `userId` varchar(10) NOT NULL,
  PRIMARY KEY (`orderNo`),
  KEY `fk_UserOrder_User1_idx` (`userId`),
  CONSTRAINT `fk_UserOrder_User1` FOREIGN KEY (`userId`) REFERENCES `user` (`userId`)
) ENGINE=InnoDB DEFAULT CHARSET=utf8mb3;

-- 테이블 데이터 bookorder.userorder:~5 rows (대략적) 내보내기
DELETE FROM `userorder`;
INSERT INTO `userorder` (`orderNo`, `orderDate`, `userId`) VALUES
	(10001, '2024-01-18', 'a101'),
	(10002, '2024-01-18', 'a102'),
	(10003, '2024-01-18', 'a103'),
	(10004, '2024-01-18', 'a104'),
	(10005, '2024-01-18', 'a105');


-- collegeerd 데이터베이스 구조 내보내기
DROP DATABASE IF EXISTS `collegeerd`;
CREATE DATABASE IF NOT EXISTS `collegeerd` /*!40100 DEFAULT CHARACTER SET utf8mb3 */ /*!80016 DEFAULT ENCRYPTION='N' */;
USE `collegeerd`;

-- 테이블 collegeerd.lecture 구조 내보내기
DROP TABLE IF EXISTS `lecture`;
CREATE TABLE IF NOT EXISTS `lecture` (
  `lecNo` int NOT NULL,
  `lecName` varchar(20) NOT NULL,
  `lecCredit` tinyint NOT NULL,
  `lecTime` tinyint NOT NULL,
  `lecClass` varchar(10) DEFAULT NULL,
  PRIMARY KEY (`lecNo`)
) ENGINE=InnoDB DEFAULT CHARSET=utf8mb3;

-- 테이블 데이터 collegeerd.lecture:~5 rows (대략적) 내보내기
DELETE FROM `lecture`;
INSERT INTO `lecture` (`lecNo`, `lecName`, `lecCredit`, `lecTime`, `lecClass`) VALUES
	(101, '컴퓨터과학 개론', 2, 40, '본301'),
	(102, '프로그래밍 언어', 3, 52, '본302'),
	(103, '데이터 베이스', 3, 56, '본303'),
	(104, '자료구조', 3, 60, '본304'),
	(105, '운영체제', 3, 52, '본305');

-- 테이블 collegeerd.register 구조 내보내기
DROP TABLE IF EXISTS `register`;
CREATE TABLE IF NOT EXISTS `register` (
  `regStdNo` char(8) NOT NULL,
  `reglecNo` int NOT NULL,
  `regMidScore` int DEFAULT NULL,
  `regFinalScore` int DEFAULT NULL,
  `regTotalScore` int DEFAULT NULL,
  `regGrade` char(1) DEFAULT NULL,
  PRIMARY KEY (`regStdNo`,`reglecNo`),
  KEY `fk_Register_Student_idx` (`regStdNo`),
  KEY `fk_Register_Lecture1_idx` (`reglecNo`),
  CONSTRAINT `fk_Register_Lecture1` FOREIGN KEY (`reglecNo`) REFERENCES `lecture` (`lecNo`),
  CONSTRAINT `fk_Register_Student` FOREIGN KEY (`regStdNo`) REFERENCES `student` (`stdNo`)
) ENGINE=InnoDB DEFAULT CHARSET=utf8mb3;

-- 테이블 데이터 collegeerd.register:~5 rows (대략적) 내보내기
DELETE FROM `register`;
INSERT INTO `register` (`regStdNo`, `reglecNo`, `regMidScore`, `regFinalScore`, `regTotalScore`, `regGrade`) VALUES
	('20210213', 103, 48, 40, NULL, NULL),
	('20210324', 103, 54, 36, NULL, NULL),
	('20210324', 104, 56, 35, NULL, NULL),
	('20220415', 101, 60, 30, NULL, NULL),
	('20220415', 102, 38, 40, NULL, NULL);

-- 테이블 collegeerd.student 구조 내보내기
DROP TABLE IF EXISTS `student`;
CREATE TABLE IF NOT EXISTS `student` (
  `stdNo` char(8) NOT NULL,
  `stdName` varchar(20) NOT NULL,
  `stdHp` char(13) NOT NULL,
  `stdYear` tinyint NOT NULL,
  `stdAddress` varchar(100) DEFAULT NULL,
  PRIMARY KEY (`stdNo`),
  UNIQUE KEY `stdHp_UNIQUE` (`stdHp`)
) ENGINE=InnoDB DEFAULT CHARSET=utf8mb3;

-- 테이블 데이터 collegeerd.student:~5 rows (대략적) 내보내기
DELETE FROM `student`;
INSERT INTO `student` (`stdNo`, `stdName`, `stdHp`, `stdYear`, `stdAddress`) VALUES
	('20201011', '김유신', '010-1234-1001', 3, '경남 김해시'),
	('20201122', '김춘추', '010-1234-1002', 3, '경남 경주시'),
	('20210213', '장보고', '010-1234-1003', 2, '전남 완도군'),
	('20210324', '강감찬', '010-1234-1004', 2, '서울 관악구'),
	('20220415', '이순신', '010-1234-1005', 1, '서울 종로구');


-- finance 데이터베이스 구조 내보내기
DROP DATABASE IF EXISTS `finance`;
CREATE DATABASE IF NOT EXISTS `finance` /*!40100 DEFAULT CHARACTER SET utf8mb4 COLLATE utf8mb4_0900_ai_ci */ /*!80016 DEFAULT ENCRYPTION='N' */;
USE `finance`;

-- 테이블 finance.account 구조 내보내기
DROP TABLE IF EXISTS `account`;
CREATE TABLE IF NOT EXISTS `account` (
  `acc_id` char(14) NOT NULL,
  `cust_jumin` varchar(20) NOT NULL,
  `acc_type` varchar(20) NOT NULL,
  `acc_balance` int NOT NULL,
  `acc_card` char(1) NOT NULL,
  `acc_register_date` datetime DEFAULT NULL,
  PRIMARY KEY (`acc_id`),
  KEY `fk_Account_Customer1_idx` (`cust_jumin`),
  CONSTRAINT `fk_Account_Customer1` FOREIGN KEY (`cust_jumin`) REFERENCES `customer` (`cust_jumin`)
) ENGINE=InnoDB DEFAULT CHARSET=utf8mb4 COLLATE=utf8mb4_0900_ai_ci;

-- 테이블 데이터 finance.account:~10 rows (대략적) 내보내기
DELETE FROM `account`;
INSERT INTO `account` (`acc_id`, `cust_jumin`, `acc_type`, `acc_balance`, `acc_card`, `acc_register_date`) VALUES
	('1011-1001-1001', '760121-1234567', '자유입출금', 4160000, 'Y', '2020-01-21 13:00:02'),
	('1011-1001-1002', '890530-1234567', '자유입출금', 376000, 'Y', '2020-06-11 13:00:02'),
	('1011-1001-1003', '790413-1234567', '자유입출금', 1200000, 'Y', '2020-05-30 13:00:02'),
	('1011-1001-1007', '721128-1234567', '자유입출금', 7620500, 'Y', '2020-06-15 13:00:02'),
	('1011-1001-1009', '891209-1234567', '자유입출금', 1763000, 'Y', '2020-11-28 13:00:02'),
	('1011-1002-1005', '840615-1234567', '자유입출금', 820000, 'Y', '2020-09-12 13:00:02'),
	('1011-1002-1006', '651021-1234567', '자유입출금', 3520000, 'Y', '2020-07-28 13:00:02'),
	('1011-2001-1004', '660912-1234567', '정기적금', 1000000, 'N', '2020-04-13 13:00:02'),
	('1011-2001-1008', '920907-1234567', '정기적금', 3400000, 'N', '2020-10-21 13:00:02'),
	('1011-2001-1010', '770314-1234567', '정기적금', 1080000, 'N', '2020-09-07 13:00:02');

-- 테이블 finance.card 구조 내보내기
DROP TABLE IF EXISTS `card`;
CREATE TABLE IF NOT EXISTS `card` (
  `card_no` char(14) NOT NULL,
  `cust_jumin` varchar(20) NOT NULL,
  `acc_id` char(14) DEFAULT NULL,
  `card_register_date` date DEFAULT NULL,
  `card_limit_money` int DEFAULT NULL,
  `card_approve_date` date DEFAULT NULL,
  `card_type` varchar(10) NOT NULL,
  PRIMARY KEY (`card_no`),
  KEY `fk_Card_Customer_idx` (`cust_jumin`),
  KEY `fk_Card_Account1_idx` (`acc_id`),
  CONSTRAINT `fk_Card_Account1` FOREIGN KEY (`acc_id`) REFERENCES `account` (`acc_id`),
  CONSTRAINT `fk_Card_Customer` FOREIGN KEY (`cust_jumin`) REFERENCES `customer` (`cust_jumin`)
) ENGINE=InnoDB DEFAULT CHARSET=utf8mb4 COLLATE=utf8mb4_0900_ai_ci;

-- 테이블 데이터 finance.card:~10 rows (대략적) 내보내기
DELETE FROM `card`;
INSERT INTO `card` (`card_no`, `cust_jumin`, `acc_id`, `card_register_date`, `card_limit_money`, `card_approve_date`, `card_type`) VALUES
	('2011-1001-1003', '790413-1234567', '1011-1001-1003', '2020-05-30', 5000000, '2020-06-25', 'CHECK'),
	('2041-1001-1002', '890530-1234567', '1011-1001-1002', '2020-06-11', 3000000, '2020-06-15', 'CHECK'),
	('2111-1001-1001', '760121-1234567', '1011-1001-1001', '2020-01-21', 1000000, '2020-02-10', 'CHECK'),
	('2144-1001-1009', '891209-1234567', '1011-1001-1009', '2020-11-28', 1000000, '2020-12-10', 'check'),
	('2221-1001-1008', '920907-1234567', NULL, '2020-10-21', 5000000, '2020-11-15', 'credit'),
	('2345-1001-1007', '721128-1234567', '1011-1001-1007', '2020-06-15', 2000000, '2020-07-28', 'check'),
	('2611-1001-1005', '840615-1234567', '1011-1002-1005', '2020-09-12', 1500000, '2020-10-10', 'check'),
	('2711-1001-1004', '660912-1234567', NULL, '2020-04-13', 1000000, '2020-05-10', 'credit'),
	('2781-1001-1006', '651021-1234567', '1011-1002-1006', '2020-07-28', 10000000, '2020-08-15', 'check'),
	('2789-1001-1010', '770314-1234567', NULL, '2020-09-07', 1000000, '2020-10-10', 'credit');

-- 테이블 finance.customer 구조 내보내기
DROP TABLE IF EXISTS `customer`;
CREATE TABLE IF NOT EXISTS `customer` (
  `cust_jumin` varchar(20) NOT NULL,
  `cust_name` varchar(20) NOT NULL,
  `cust_addr` varchar(100) NOT NULL,
  `cust_birth` date DEFAULT NULL,
  `cust_email` varchar(50) DEFAULT NULL,
  `cust_phnum` varchar(25) NOT NULL,
  `cust_job` varchar(30) DEFAULT NULL,
  PRIMARY KEY (`cust_jumin`),
  UNIQUE KEY `cust_email_UNIQUE` (`cust_email`)
) ENGINE=InnoDB DEFAULT CHARSET=utf8mb4 COLLATE=utf8mb4_0900_ai_ci;

-- 테이블 데이터 finance.customer:~12 rows (대략적) 내보내기
DELETE FROM `customer`;
INSERT INTO `customer` (`cust_jumin`, `cust_name`, `cust_addr`, `cust_birth`, `cust_email`, `cust_phnum`, `cust_job`) VALUES
	('651021-1234567', '김연아', '대구', '1965-10-21', 'yuna@daum.net', '010-5101-5610', '운동선수'),
	('660912-1234567', '원빈', '대전', '1966-09-12', 'one@daum.net', '010-2104-6609', '배우'),
	('721128-1234567', '유재석', '부산', '1972-11-28', NULL, '010-6101-7211', '개그맨'),
	('750611-1234567', '이정재', '서울', '1975-06-11', NULL, '010-1102-7506', '배우'),
	('760121-1234567', '정우성', '서울', '1976-01-21', NULL, '010-1101-7601', '배우'),
	('770314-1234567', '강동원', '광주', '1977-03-14', 'dong@naver.com', '010-8101-7703', '배우'),
	('790413-1234567', '이나영', '대전', '1979-04-13', 'lee@naver.com', '010-2101-7904', '회사원'),
	('790728-1234567', '장동건', '대구', '1979-07-28', 'jang@naver.com', '010-3101-7907', '배우'),
	('840615-1234567', '고소영', '대구', '1984-06-15', 'goso@daum.net', '010-4101-8406', '회사원'),
	('890530-1234567', '전지현', '대전', '1989-05-30', 'jjh@naver.com', '010-1103-8905', '자영업'),
	('891209-1234567', '조인성', '광주', '1989-12-09', 'join@gmail.com', '010-7104-8912', '배우'),
	('920907-1234567', '강호동', '부산', '1992-09-07', NULL, '010-7103-9209', '개그맨');

-- 테이블 finance.transaction 구조 내보내기
DROP TABLE IF EXISTS `transaction`;
CREATE TABLE IF NOT EXISTS `transaction` (
  `trans_id` int NOT NULL AUTO_INCREMENT,
  `trans_acc_id` char(14) NOT NULL,
  `trans_type` varchar(20) DEFAULT NULL,
  `trans_message` varchar(20) DEFAULT NULL,
  `trans_money` int DEFAULT NULL,
  `trans_date` datetime NOT NULL,
  PRIMARY KEY (`trans_id`),
  KEY `fk_Transaction_Account1_idx` (`trans_acc_id`),
  CONSTRAINT `fk_Transaction_Account1` FOREIGN KEY (`trans_acc_id`) REFERENCES `account` (`acc_id`)
) ENGINE=InnoDB AUTO_INCREMENT=12 DEFAULT CHARSET=utf8mb4 COLLATE=utf8mb4_0900_ai_ci;

-- 테이블 데이터 finance.transaction:~11 rows (대략적) 내보내기
DELETE FROM `transaction`;
INSERT INTO `transaction` (`trans_id`, `trans_acc_id`, `trans_type`, `trans_message`, `trans_money`, `trans_date`) VALUES
	(1, '1011-1001-1001', '입금', '2월 정기급여', 3500000, '2020-02-10 12:36:12'),
	(2, '1011-1001-1003', '출금', 'ATM 출금', 300000, '2024-03-08 11:22:04'),
	(3, '1011-1001-1003', '출금', 'ATM 출금', 300000, '2024-03-08 11:22:22'),
	(4, '1011-1001-1002', '입금', '2월 급여', 2800000, '2024-03-08 11:22:23'),
	(5, '1011-1001-1007', '출금', '2월 공과금', 116200, '2024-03-08 11:22:23'),
	(6, '1011-1002-1005', '출금', 'ATM 출금', 50000, '2024-03-08 11:22:24'),
	(7, '1011-1001-1007', '입금', '홍길동 이체', 400000, '2024-03-08 11:22:24'),
	(8, '1011-1001-1007', '출금', '2월 관리비', 145000, '2024-03-08 11:22:25'),
	(9, '1011-1001-1002', '입금', '홍길동 입금', 200000, '2024-03-08 11:22:25'),
	(10, '1011-1001-1009', '입금', '연말정산 환급', 112000, '2024-03-08 11:22:26'),
	(11, '1011-1002-1006', '출금', 'ATM 출금', 30000, '2024-03-08 11:22:27');


-- hospital 데이터베이스 구조 내보내기
DROP DATABASE IF EXISTS `hospital`;
CREATE DATABASE IF NOT EXISTS `hospital` /*!40100 DEFAULT CHARACTER SET utf8mb3 */ /*!80016 DEFAULT ENCRYPTION='N' */;
USE `hospital`;

-- 테이블 hospital.charts 구조 내보내기
DROP TABLE IF EXISTS `charts`;
CREATE TABLE IF NOT EXISTS `charts` (
  `char_id` char(8) NOT NULL,
  `treat_no` int NOT NULL,
  `doc_id` char(7) NOT NULL,
  `pat_id` char(7) NOT NULL,
  `chart_contents` varchar(255) NOT NULL,
  PRIMARY KEY (`treat_no`,`doc_id`,`pat_id`,`char_id`),
  CONSTRAINT `fk_Charts_Treatments1` FOREIGN KEY (`treat_no`, `doc_id`, `pat_id`) REFERENCES `treatments` (`treat_no`, `doc_id`, `pat_id`)
) ENGINE=InnoDB DEFAULT CHARSET=utf8mb3;

-- 테이블 데이터 hospital.charts:~12 rows (대략적) 내보내기
DELETE FROM `charts`;
INSERT INTO `charts` (`char_id`, `treat_no`, `doc_id`, `pat_id`, `chart_contents`) VALUES
	('C1021001', 1021001, 'D102101', 'P102101', '감기 주사 및 약 처방'),
	('C1021003', 1021003, 'D102104', 'P102102', '위내시경'),
	('C1021009', 1021009, 'D102104', 'P102103', '주사 처방'),
	('C1031002', 1031002, 'D103101', 'P103101', '입원 치료'),
	('C1031006', 1031006, 'D103101', 'P103102', '목 견인치료'),
	('C1041004', 1041004, 'D104101', 'P104101', '피부 감염 방지 주사'),
	('C1041007', 1041007, 'D104101', 'P104102', '여드름 치료약 처방'),
	('C1041012', 1041012, 'D104101', 'P104103', '화상 크림약 처방'),
	('C1051005', 1051005, 'D105101', 'P105101', '비염 치료'),
	('C1051011', 1051011, 'D105101', 'P105102', '귀 청소 및 약 처방'),
	('C1071010', 1071010, 'D107104', 'P107101', 'MRI 검사'),
	('C1081008', 1081008, 'D108101', 'P108101', '발목 깁스');

-- 테이블 hospital.department 구조 내보내기
DROP TABLE IF EXISTS `department`;
CREATE TABLE IF NOT EXISTS `department` (
  `dep_no` char(3) NOT NULL,
  `dep_name` varchar(20) NOT NULL,
  `dep_manager` varchar(20) NOT NULL,
  `dep_tel` varchar(20) NOT NULL,
  PRIMARY KEY (`dep_no`)
) ENGINE=InnoDB DEFAULT CHARSET=utf8mb3;

-- 테이블 데이터 hospital.department:~12 rows (대략적) 내보내기
DELETE FROM `department`;
INSERT INTO `department` (`dep_no`, `dep_name`, `dep_manager`, `dep_tel`) VALUES
	('101', '소아과', '김유신', '051-123-0101'),
	('102', '내과', '김춘추', '051-123-0102'),
	('103', '외과', '장보고', '051-123-0103'),
	('104', '피부과', '선덕여왕', '051-123-0104'),
	('105', '이비인후과', '강감찬', '051-123-0105'),
	('106', '산부인과', '신사임당', '051-123-0106'),
	('107', '흉부외과', '류성룡', '051-123-0107'),
	('108', '정형외과', '송상현', '051-123-0108'),
	('109', '신경외과', '이순신', '051-123-0109'),
	('110', '비뇨기과', '정약용', '051-123-0110'),
	('111', '안과', '박지원', '051-123-0111'),
	('112', '치과', '전봉준', '051-123-0112');

-- 테이블 hospital.doctors 구조 내보내기
DROP TABLE IF EXISTS `doctors`;
CREATE TABLE IF NOT EXISTS `doctors` (
  `doc_id` char(7) NOT NULL,
  `dep_no` char(3) NOT NULL,
  `doc_name` varchar(45) NOT NULL,
  `doc_birth` char(10) NOT NULL,
  `doc_gen` char(1) NOT NULL,
  `doc_pos` varchar(45) NOT NULL,
  `doc_phone` varchar(20) NOT NULL,
  `doc_email` varchar(45) NOT NULL,
  PRIMARY KEY (`doc_id`),
  UNIQUE KEY `doc_phone_UNIQUE` (`doc_phone`),
  UNIQUE KEY `doc_email_UNIQUE` (`doc_email`),
  KEY `fk_Doctors_Department1_idx` (`dep_no`),
  CONSTRAINT `fk_Doctors_Department1` FOREIGN KEY (`dep_no`) REFERENCES `department` (`dep_no`)
) ENGINE=InnoDB DEFAULT CHARSET=utf8mb3;

-- 테이블 데이터 hospital.doctors:~12 rows (대략적) 내보내기
DELETE FROM `doctors`;
INSERT INTO `doctors` (`doc_id`, `dep_no`, `doc_name`, `doc_birth`, `doc_gen`, `doc_pos`, `doc_phone`, `doc_email`) VALUES
	('D101101', '101', '김유신', '1976-01-21', 'M', '과장', '010-1101-1976', 'kimys@bw.com'),
	('D101102', '101', '계백', '1975-06-11', 'M', '전문의', '010-1101-1975', 'geaback@bw.com'),
	('D101103', '101', '김관창', '1989-05-30', 'M', '전문의', '010-1103-1989', 'kwanch@bw.com'),
	('D102101', '102', '김춘추', '1979-04-13', 'M', '과장', '010-2101-1979', 'kimcc@bw.com'),
	('D102104', '102', '이사부', '1966-09-12', 'M', '전문의', '010-2104-1966', 'leesabu@bw.com'),
	('D103101', '103', '장보고', '1979-07-28', 'M', '과장', '010-3101-1979', 'jangbg@bw.com'),
	('D104101', '104', '선덕여왕', '1984-06-15', 'F', '과장', '010-4101-1984', 'gueen@bw.com'),
	('D105101', '105', '강감찬', '1965-10-21', 'M', '과장', '010-5101-1965', 'kang@bw.com'),
	('D106101', '106', '신사임당', '1972-11-28', 'F', '과장', '010-6101-1972', 'sinsa@bw.com'),
	('D107101', '107', '이이', '1992-09-07', 'M', '전문의', '010-7103-1992', 'leelee@bw.com'),
	('D107104', '107', '이황', '1989-12-09', 'M', '전문의', '010-7104-1989', 'hwang@bw.com'),
	('D108101', '108', '송상현', '1977-03-14', 'M', '과장', '010-8101-1977', 'ssh@bw.com');

-- 테이블 hospital.nurses 구조 내보내기
DROP TABLE IF EXISTS `nurses`;
CREATE TABLE IF NOT EXISTS `nurses` (
  `nur_id` char(7) NOT NULL,
  `dep_no` char(3) NOT NULL,
  `nur_name` varchar(45) NOT NULL,
  `nur_birth` char(10) NOT NULL,
  `nur_gender` char(1) NOT NULL,
  `nur_pos` varchar(45) NOT NULL,
  `nur_phone` char(13) NOT NULL,
  `nur_email` varchar(45) DEFAULT NULL,
  PRIMARY KEY (`nur_id`),
  UNIQUE KEY `nur_phone_UNIQUE` (`nur_phone`),
  UNIQUE KEY `nur_email_UNIQUE` (`nur_email`),
  KEY `fk_Nurses_Department1_idx` (`dep_no`),
  CONSTRAINT `fk_Nurses_Department1` FOREIGN KEY (`dep_no`) REFERENCES `department` (`dep_no`)
) ENGINE=InnoDB DEFAULT CHARSET=utf8mb3;

-- 테이블 데이터 hospital.nurses:~10 rows (대략적) 내보내기
DELETE FROM `nurses`;
INSERT INTO `nurses` (`nur_id`, `dep_no`, `nur_name`, `nur_birth`, `nur_gender`, `nur_pos`, `nur_phone`, `nur_email`) VALUES
	('N101101', '101', '송승헌', '1976-02-21', 'M', '수간호사', '010-1101-7602', 'ssh@bW.com'),
	('N102101', '102', '이영애', '1975-07-11', 'F', '수간호사', '010-1102-7507', 'yung@bW.com'),
	('N102102', '102', '엄정화', '1989-06-30', 'F', '주임', '010-1103-8906', 'um@bW.com'),
	('N102103', '102', '박명수', '1979-05-13', 'M', '주임', '010-2101-7905', 'park@bW.com'),
	('N103101', '103', '정준하', '1966-10-12', 'M', '주임', '010-2104-6610', 'jung@bW.com'),
	('N104101', '104', '김태희', '1979-08-28', 'F', '주임', '010-3101-7908', 'taeh@bW.com'),
	('N105101', '105', '송혜교', '1984-07-15', 'F', '주임', '010-4101-8407', 'song@bW.com'),
	('N106101', '106', '공유', '1965-11-21', 'M', '간호사', '010-5101-6511', 'gong@bW.com'),
	('N107101', '107', '이병헌', '1972-12-28', 'M', '간호사', '010-6101-7212', 'byung@bW.com'),
	('N108101', '108', '송중기', '1992-10-07', 'M', '간호사', '010-7103-9210', 'jungi@bW.com');

-- 테이블 hospital.patients 구조 내보내기
DROP TABLE IF EXISTS `patients`;
CREATE TABLE IF NOT EXISTS `patients` (
  `pat_id` char(7) NOT NULL,
  `doc_id` char(7) NOT NULL,
  `nur_id` char(7) NOT NULL,
  `pat_name` varchar(45) NOT NULL,
  `pat_jumin` char(14) NOT NULL,
  `pat_gen` char(1) NOT NULL,
  `pat_addr` varchar(100) NOT NULL,
  `pat_phone` varchar(45) NOT NULL,
  `pat_email` varchar(45) DEFAULT NULL,
  `pat_job` varchar(45) DEFAULT NULL,
  PRIMARY KEY (`pat_id`),
  UNIQUE KEY `pat_jumin_UNIQUE` (`pat_jumin`),
  UNIQUE KEY `pat_phone_UNIQUE` (`pat_phone`),
  UNIQUE KEY `pat_email_UNIQUE` (`pat_email`),
  KEY `fk_Patients_Nurses1_idx` (`nur_id`),
  KEY `fk_Patients_Doctors1_idx` (`doc_id`),
  CONSTRAINT `fk_Patients_Doctors1` FOREIGN KEY (`doc_id`) REFERENCES `doctors` (`doc_id`),
  CONSTRAINT `fk_Patients_Nurses1` FOREIGN KEY (`nur_id`) REFERENCES `nurses` (`nur_id`)
) ENGINE=InnoDB DEFAULT CHARSET=utf8mb3;

-- 테이블 데이터 hospital.patients:~12 rows (대략적) 내보내기
DELETE FROM `patients`;
INSERT INTO `patients` (`pat_id`, `doc_id`, `nur_id`, `pat_name`, `pat_jumin`, `pat_gen`, `pat_addr`, `pat_phone`, `pat_email`, `pat_job`) VALUES
	('P102101', 'D102101', 'N102101', '정우성', '760121-1234567', 'M', '서울', '010-1101-7601', NULL, '배우'),
	('P102102', 'D102104', 'N102103', '전지현', '890530-1234567', 'F', '대전', '010-1103-8905', 'jhh@naver.com', '자영업'),
	('P102103', 'D102104', 'N102102', '유재석', '721128-1234567', 'M', '부산', '010-6101-7211', NULL, '개그맨'),
	('P103101', 'D103101', 'N103101', '이정재', '750611-1234567', 'M', '서울', '010-1102-7506', NULL, '배우'),
	('P103102', 'D103101', 'N103101', '장동건', '790728-1234567', 'M', '대구', '010-3101-7907', 'jang@naver.com', '배우'),
	('P104101', 'D104101', 'N104101', '이나영', '790413-1234567', 'F', '대전', '010-2101-7904', 'lee@naver.com', '회사원'),
	('P104102', 'D104101', 'N104101', '고소영', '840615-1234567', 'F', '대구', '010-4101-8406', 'goso@daum.com', '회사원'),
	('P104103', 'D104101', 'N104101', '강동원', '770314-1234567', 'M', '광주', '010-8101-7703', 'dong@daum.com', '배우'),
	('P105101', 'D105101', 'N105101', '원빈', '660912-1234567', 'M', '대전', '010-2104-6609', 'one@daum.com', '배우'),
	('P105102', 'D105101', 'N105101', '조인성', '891209-1234567', 'M', '광주', '010-7104-8912', 'join@gmail.com', '배우'),
	('P107101', 'D107104', 'N107101', '강호동', '920907-1234567', 'M', '부산', '010-7103-9209', NULL, '개그맨'),
	('P108101', 'D108101', 'N108101', '김연아', '651021-1234567', 'F', '대구', '010-5101-6510', 'yuna@daum.com', '운동선수');

-- 테이블 hospital.treatments 구조 내보내기
DROP TABLE IF EXISTS `treatments`;
CREATE TABLE IF NOT EXISTS `treatments` (
  `treat_no` int NOT NULL,
  `doc_id` char(7) NOT NULL,
  `pat_id` char(7) NOT NULL,
  `treat_contents` varchar(255) NOT NULL,
  `treat_datetime` datetime NOT NULL,
  PRIMARY KEY (`treat_no`,`doc_id`,`pat_id`),
  KEY `fk_Treatments_Doctors_idx` (`doc_id`),
  KEY `fk_Treatments_Patients1_idx` (`pat_id`),
  CONSTRAINT `fk_Treatments_Doctors` FOREIGN KEY (`doc_id`) REFERENCES `doctors` (`doc_id`),
  CONSTRAINT `fk_Treatments_Patients1` FOREIGN KEY (`pat_id`) REFERENCES `patients` (`pat_id`)
) ENGINE=InnoDB DEFAULT CHARSET=utf8mb3;

-- 테이블 데이터 hospital.treatments:~12 rows (대략적) 내보내기
DELETE FROM `treatments`;
INSERT INTO `treatments` (`treat_no`, `doc_id`, `pat_id`, `treat_contents`, `treat_datetime`) VALUES
	(1021001, 'D102101', 'P102101', '감기, 몸살', '2024-01-16 15:26:59'),
	(1021003, 'D102104', 'P102102', '위염, 장염', '2024-01-16 15:27:04'),
	(1021009, 'D102104', 'P102103', '소화불량', '2024-01-16 15:34:18'),
	(1031002, 'D103101', 'P103101', '교통사고 외상', '2024-01-16 15:27:04'),
	(1031006, 'D103101', 'P103102', '목디스크', '2024-01-16 15:27:04'),
	(1041004, 'D104101', 'P104101', '피부 트러블', '2024-01-16 15:27:04'),
	(1041007, 'D104101', 'P104102', '여드름', '2024-01-16 15:27:04'),
	(1041012, 'D104101', 'P104103', '발목 화상', '2024-01-16 15:34:20'),
	(1051005, 'D105101', 'P105101', '코막힘 및 비염', '2024-01-16 15:27:04'),
	(1051011, 'D105101', 'P105102', '귀 이명', '2024-01-16 15:34:19'),
	(1071010, 'D107104', 'P107101', '가슴통증', '2024-01-16 15:34:19'),
	(1081008, 'D108101', 'P108101', '오른쪽 발목 뼈 골절', '2024-01-16 15:34:17');


-- jboard 데이터베이스 구조 내보내기
DROP DATABASE IF EXISTS `jboard`;
CREATE DATABASE IF NOT EXISTS `jboard` /*!40100 DEFAULT CHARACTER SET utf8mb4 COLLATE utf8mb4_0900_ai_ci */ /*!80016 DEFAULT ENCRYPTION='N' */;
USE `jboard`;

-- 테이블 jboard.article 구조 내보내기
DROP TABLE IF EXISTS `article`;
CREATE TABLE IF NOT EXISTS `article` (
  `no` int NOT NULL AUTO_INCREMENT,
  `parent` int DEFAULT '0',
  `coment` int DEFAULT '0',
  `cate` varchar(20) DEFAULT 'free',
  `title` varchar(100) DEFAULT NULL,
  `content` text NOT NULL,
  `file` int NOT NULL,
  `hit` int DEFAULT '0',
  `writer` varchar(20) NOT NULL,
  `regip` varchar(20) NOT NULL,
  `rdate` datetime(6) DEFAULT NULL,
  `comment` int NOT NULL,
  PRIMARY KEY (`no`),
  KEY `writer` (`writer`),
  CONSTRAINT `article_ibfk_1` FOREIGN KEY (`writer`) REFERENCES `user` (`uid`)
) ENGINE=InnoDB AUTO_INCREMENT=2379 DEFAULT CHARSET=utf8mb4 COLLATE=utf8mb4_0900_ai_ci;

-- 테이블 데이터 jboard.article:~64 rows (대략적) 내보내기
DELETE FROM `article`;
INSERT INTO `article` (`no`, `parent`, `coment`, `cate`, `title`, `content`, `file`, `hit`, `writer`, `regip`, `rdate`, `comment`) VALUES
	(3, 0, 0, 'qna', '방가방가', '안녕하세요', 0, 14, 'a104', '0:0:0:0:0:0:0:1', '2024-02-07 10:11:07.000000', 0),
	(4, 0, 0, 'qna', '글쓰기 테스트...', '안녕하세요', 0, 8, 'a104', '0:0:0:0:0:0:0:1', '2024-02-07 10:10:46.000000', 0),
	(5, 0, 0, 'qna', '글쓰기 테스트 2...', '반갑습니다', 0, 9, 'a104', '0:0:0:0:0:0:0:1', '2024-02-07 10:10:56.000000', 0),
	(251, 0, 0, 'qna', '글쓰기 테스트...', '안녕하세요', 0, 0, 'a104', '0:0:0:0:0:0:0:1', '2024-02-07 10:10:46.000000', 0),
	(252, 0, 0, 'qna', '글쓰기 테스트 2...', '반갑습니다', 0, 1, 'a104', '0:0:0:0:0:0:0:1', '2024-02-07 10:10:56.000000', 0),
	(253, 0, 0, 'qna', '방가방가', '안녕하세요', 0, 0, 'a104', '0:0:0:0:0:0:0:1', '2024-02-07 10:11:07.000000', 0),
	(254, 0, 0, 'qna', '글쓰기 테스트...', '안녕하세요', 0, 0, 'a104', '0:0:0:0:0:0:0:1', '2024-02-07 10:10:46.000000', 0),
	(255, 0, 0, 'notice', '글쓰기 테스트 2...', '반갑습니다', 0, 1, 'a104', '0:0:0:0:0:0:0:1', '2024-02-07 10:10:56.000000', 0),
	(258, 0, 0, 'notice', '글쓰기 테스트...', '안녕하세요', 0, 0, 'a104', '0:0:0:0:0:0:0:1', '2024-02-07 10:10:46.000000', 0),
	(259, 0, 0, 'notice', '글쓰기 테스트 2...', '반갑습니다', 0, 0, 'a104', '0:0:0:0:0:0:0:1', '2024-02-07 10:10:56.000000', 0),
	(260, 0, 0, 'notice', '방가방가', '안녕하세요', 0, 0, 'a104', '0:0:0:0:0:0:0:1', '2024-02-07 10:11:07.000000', 0),
	(261, 0, 0, 'notice', '글쓰기 테스트...', '안녕하세요', 0, 1, 'a104', '0:0:0:0:0:0:0:1', '2024-02-07 10:10:46.000000', 0),
	(262, 0, 0, 'notice', '글쓰기 테스트 2...', '반갑습니다', 0, 0, 'a104', '0:0:0:0:0:0:0:1', '2024-02-07 10:10:56.000000', 0),
	(263, 0, 0, 'notice', '글쓰기 테스트...', '안녕하세요', 0, 0, 'a104', '0:0:0:0:0:0:0:1', '2024-02-07 10:10:46.000000', 0),
	(264, 0, 0, 'faq', '글쓰기 테스트 2...', '반갑습니다', 0, 0, 'a104', '0:0:0:0:0:0:0:1', '2024-02-07 10:10:56.000000', 0),
	(265, 0, 1, 'faq', '방가방가', '안녕하세요', 0, 2, 'a104', '0:0:0:0:0:0:0:1', '2024-02-07 10:11:07.000000', 0),
	(266, 0, 0, 'faq', '글쓰기 테스트...', '안녕하세요', 0, 0, 'a104', '0:0:0:0:0:0:0:1', '2024-02-07 10:10:46.000000', 0),
	(267, 0, 0, 'faq', '글쓰기 테스트 2...', '반갑습니다', 0, 0, 'a104', '0:0:0:0:0:0:0:1', '2024-02-07 10:10:56.000000', 0),
	(273, 0, 0, 'faq', '글쓰기 테스트...', '안녕하세요', 0, 0, 'a104', '0:0:0:0:0:0:0:1', '2024-02-07 10:10:46.000000', 0),
	(274, 0, 0, 'faq', '글쓰기 테스트 2...', '반갑습니다', 0, 0, 'a104', '0:0:0:0:0:0:0:1', '2024-02-07 10:10:56.000000', 0),
	(275, 0, 0, 'faq', '방가방가', '안녕하세요', 0, 2, 'a104', '0:0:0:0:0:0:0:1', '2024-02-07 10:11:07.000000', 0),
	(276, 0, 0, 'faq', '글쓰기 테스트...', '안녕하세요', 0, 0, 'a104', '0:0:0:0:0:0:0:1', '2024-02-07 10:10:46.000000', 0),
	(277, 0, 0, 'free', '글쓰기 테스트 2...', '반갑습니다', 0, 0, 'a104', '0:0:0:0:0:0:0:1', '2024-02-07 10:10:56.000000', 0),
	(278, 0, 0, 'free', '글쓰기 테스트...', '안녕하세요', 0, 0, 'a104', '0:0:0:0:0:0:0:1', '2024-02-07 10:10:46.000000', 0),
	(279, 0, 0, 'free', '글쓰기 테스트 2...', '반갑습니다', 0, 0, 'a104', '0:0:0:0:0:0:0:1', '2024-02-07 10:10:56.000000', 0),
	(280, 0, 0, 'free', '방가방가', '안녕하세요', 0, 0, 'a104', '0:0:0:0:0:0:0:1', '2024-02-07 10:11:07.000000', 0),
	(281, 0, 0, 'free', '글쓰기 테스트...', '안녕하세요', 0, 0, 'a104', '0:0:0:0:0:0:0:1', '2024-02-07 10:10:46.000000', 0),
	(282, 0, 0, 'free', '수정수정', '수정한 글입니다.22', 0, 8, 'a104', '0:0:0:0:0:0:0:1', '2024-02-07 10:10:56.000000', 0),
	(283, 0, 0, 'free', '글쓰기 테스트...', '안녕하세요', 0, 2, 'a104', '0:0:0:0:0:0:0:1', '2024-02-07 10:10:46.000000', 0),
	(284, 0, 0, 'free', '글쓰기 테스트 2...', '반갑습니다', 0, 3, 'a104', '0:0:0:0:0:0:0:1', '2024-02-07 10:10:56.000000', 0),
	(285, 0, 1, 'free', '방가방가', '안녕하세요', 0, 6, 'a104', '0:0:0:0:0:0:0:1', '2024-02-07 10:11:07.000000', 0),
	(286, 0, 1, 'free', '글쓰기 테스트...', '안녕하세요', 0, 3, 'a104', '0:0:0:0:0:0:0:1', '2024-02-07 10:10:46.000000', 0),
	(287, 0, 1, 'free', '글쓰기 테스트 2...', '반갑습니다', 0, 22, 'a104', '0:0:0:0:0:0:0:1', '2024-02-07 10:10:56.000000', 0),
	(288, 0, 2, 'free', '글쓰기 테스트...', '안녕하세요', 0, 26, 'a104', '0:0:0:0:0:0:0:1', '2024-02-07 10:10:46.000000', 0),
	(309, 265, 0, 'free', NULL, 'sdsdsdsd', 0, 0, 'a103', '0:0:0:0:0:0:0:1', '2024-02-08 17:41:23.000000', 0),
	(316, 288, 0, 'free', NULL, 'asdadasdas', 0, 0, 'a104', '0:0:0:0:0:0:0:1', '2024-02-13 09:37:22.000000', 0),
	(317, 288, 0, 'free', NULL, 'asdasd', 0, 0, 'a104', '0:0:0:0:0:0:0:1', '2024-02-13 09:45:07.000000', 0),
	(320, 287, 0, 'free', NULL, 'asdasdsad', 0, 0, 'a104', '0:0:0:0:0:0:0:1', '2024-02-13 09:57:50.000000', 0),
	(323, 285, 0, 'free', NULL, 'ㅁㄴㅇㅁㄴㅇㅁㄴㅇ', 0, 0, 'a103', '0:0:0:0:0:0:0:1', '2024-02-13 11:05:01.000000', 0),
	(324, 286, 0, 'free', NULL, 'ㅁㄴㅇㅁㄴㅇㅁㄴㅇ', 0, 0, 'a103', '0:0:0:0:0:0:0:1', '2024-02-13 11:10:36.000000', 0),
	(326, 0, 0, 'free', '안녕하세요', '신신신입니다.', 0, 8, 'a103', '0:0:0:0:0:0:0:1', '2024-02-13 11:42:18.000000', 0),
	(332, 0, 0, 'free', '제제제제제제제ㅔ제제', '냐냐냐냐냐ㅑ냐용', 0, 1, 'a101', '0:0:0:0:0:0:0:1', '2024-02-27 11:28:30.000000', 0),
	(335, 0, 0, 'free', '마지막 첨부 ', '아아아내요ㅕㅇ', 0, 2, 'a101', '0:0:0:0:0:0:0:1', '2024-02-27 11:50:44.000000', 0),
	(336, 0, 0, 'free', 'sedsdsd', 'seseseseae', 0, 0, 'a101', '0:0:0:0:0:0:0:1', '2024-02-27 12:11:08.000000', 0),
	(337, 0, 0, 'free', 'wreasd', 'q2qra', 2, 18, 'a101', '0:0:0:0:0:0:0:1', '2024-02-27 12:16:15.000000', 0),
	(338, 0, 0, 'free', '42wsdxf', '243rfa', 0, 9, 'a101', '0:0:0:0:0:0:0:1', '2024-02-27 12:16:31.000000', 0),
	(341, 0, 0, 'free', '@@@수정수정@@@', '@@@@완@@@', 0, 24, 'a101', '0:0:0:0:0:0:0:1', '2024-02-27 12:48:18.000000', 0),
	(345, 0, 0, 'free', '파일있다아아아', '내용내용', 0, 119, 'a101', '0:0:0:0:0:0:0:1', '2024-02-28 16:20:45.000000', 0),
	(351, 341, 0, 'free', NULL, '12323123415', 0, 0, 'a101', '0:0:0:0:0:0:0:1', '2024-02-29 10:03:51.000000', 0),
	(353, 341, 0, 'free', NULL, '안녕하세용', 0, 0, 'a101', '0:0:0:0:0:0:0:1', '2024-02-29 10:07:20.000000', 0),
	(357, 338, 0, 'free', NULL, '댓글달아용', 0, 0, 'a101', '0:0:0:0:0:0:0:1', '2024-02-29 11:22:16.000000', 0),
	(358, 338, 0, 'free', NULL, '댓글댓글용', 0, 0, 'a101', '0:0:0:0:0:0:0:1', '2024-02-29 11:31:06.000000', 0),
	(363, 337, 0, 'free', NULL, 'ㅇㄴㅇㄴㅇㄴㅇㄴ', 0, 0, 'a101', '0:0:0:0:0:0:0:1', '2024-02-29 11:48:36.000000', 0),
	(369, 326, 0, 'free', NULL, 'ffytfyfyfy', 0, 0, 'a101', '0:0:0:0:0:0:0:1', '2024-02-29 13:17:54.000000', 0),
	(371, 0, 0, 'free', '파이리가있어요', '파이리이리일', 0, 50, 'a101', '0:0:0:0:0:0:0:1', '2024-02-29 13:43:51.000000', 0),
	(381, 0, 0, '', '', '', 0, 0, 'kc5353', '0:0:0:0:0:0:0:1', '2024-03-19 16:51:41.154361', 0),
	(382, 0, 0, 'free', '글제목제묵', '내요ㅕ눙뇬우우', 0, 0, 'kc5353', '0:0:0:0:0:0:0:1', '2024-03-19 16:58:25.199512', 0),
	(383, 0, 0, 'free', '글글글글글', '파일ㅇ첨첨ㅊ처러첨부', 0, 0, 'kc5353', '0:0:0:0:0:0:0:1', '2024-03-20 09:29:22.201234', 0),
	(384, 0, 0, 'free', '파일글파일글파일', '파파알아파ㅏㅇ라', 0, 0, 'kc5353', '0:0:0:0:0:0:0:1', '2024-03-20 09:30:48.871714', 0),
	(385, 0, 0, 'free', '@@@@@파일', '업로드도로듣', 2, 3, 'kc5353', '0:0:0:0:0:0:0:1', '2024-03-20 10:50:58.136964', 0),
	(2365, 0, 0, 'notice', '@#@팡라이saease', '2323ㅈㅊㄹㄴ', 2, 4, 'kc5353', '0:0:0:0:0:0:0:1', '2024-03-21 09:54:07.334178', 0),
	(2368, 0, 0, 'notice', 'qwew', '22edwsad', 1, 1, 'kc5353', '0:0:0:0:0:0:0:1', '2024-03-21 12:19:19.307380', 0),
	(2369, 263, 0, NULL, NULL, 'rasrar', 0, 0, 'kc5353', '0:0:0:0:0:0:0:1', '2024-03-21 12:20:03.899575', 0),
	(2378, 385, 0, NULL, NULL, '★★★★★★★★★★@@\n', 0, 0, 'kc5353', '0:0:0:0:0:0:0:1', '2024-03-22 13:17:45.057653', 0);

-- 테이블 jboard.config 구조 내보내기
DROP TABLE IF EXISTS `config`;
CREATE TABLE IF NOT EXISTS `config` (
  `cate` varchar(255) NOT NULL,
  `admin` varchar(255) DEFAULT NULL,
  `boardName` varchar(255) DEFAULT NULL,
  `createDate` datetime(6) DEFAULT NULL,
  `total` int NOT NULL DEFAULT '0',
  PRIMARY KEY (`cate`)
) ENGINE=InnoDB DEFAULT CHARSET=utf8mb4 COLLATE=utf8mb4_0900_ai_ci;

-- 테이블 데이터 jboard.config:~4 rows (대략적) 내보내기
DELETE FROM `config`;
INSERT INTO `config` (`cate`, `admin`, `boardName`, `createDate`, `total`) VALUES
	('feq', 'kc5353', '자주묻는질문', '2024-03-19 17:14:27.000000', 0),
	('free', 'kc5353', '자유게시판', '2024-03-19 17:14:56.000000', 0),
	('notice', 'kc5353', '공지사항', '2024-03-19 17:15:11.000000', 0),
	('qna', 'kc5353', '묻고답하기', '2024-03-19 17:15:25.000000', 0);

-- 테이블 jboard.file 구조 내보내기
DROP TABLE IF EXISTS `file`;
CREATE TABLE IF NOT EXISTS `file` (
  `fno` int NOT NULL AUTO_INCREMENT,
  `ano` int NOT NULL,
  `oName` varchar(100) NOT NULL,
  `sName` varchar(100) NOT NULL,
  `download` int DEFAULT '0',
  `rdate` datetime NOT NULL,
  `article_no` int DEFAULT NULL,
  PRIMARY KEY (`fno`),
  KEY `ano` (`ano`),
  KEY `FKb096kkd696shg4g2iqxndfs3l` (`article_no`),
  CONSTRAINT `file_ibfk_1` FOREIGN KEY (`ano`) REFERENCES `article` (`no`),
  CONSTRAINT `FKb096kkd696shg4g2iqxndfs3l` FOREIGN KEY (`article_no`) REFERENCES `article` (`no`)
) ENGINE=InnoDB AUTO_INCREMENT=26 DEFAULT CHARSET=utf8mb4 COLLATE=utf8mb4_0900_ai_ci;

-- 테이블 데이터 jboard.file:~5 rows (대략적) 내보내기
DELETE FROM `file`;
INSERT INTO `file` (`fno`, `ano`, `oName`, `sName`, `download`, `rdate`, `article_no`) VALUES
	(16, 371, 'Linux Workbook.pdf', 'b62f51c4-4625-4ee0-bdc9-2670b44580b5.pdf', 0, '2024-02-29 16:40:57', NULL),
	(19, 385, 'Oracle Workbook.pdf', 'ce9ccfcd-b645-4665-a924-86248184ad5d.pdf', 3, '2024-03-20 10:50:58', NULL),
	(20, 385, 'Linux+Workbook.pdf', 'd9852aca-d147-4b11-8f3c-a77f10775ee1.pdf', 0, '2024-03-20 10:50:58', NULL),
	(21, 2365, 'Oracle Workbook.pdf', 'b01349f3-d92b-4ec3-8b49-5fb15efd4983.pdf', 3, '2024-03-21 09:54:07', NULL),
	(22, 2365, 'Linux+Workbook.pdf', '6ea30236-2815-4e54-8256-ab9b662bd1ce.pdf', 3, '2024-03-21 09:54:07', NULL),
	(23, 2368, 'Oracle Workbook (1).pdf', 'b59a3e37-ee1c-47ca-8d2d-501cf1b7953a.pdf', 0, '2024-03-21 12:19:19', NULL);

-- 테이블 jboard.terms 구조 내보내기
DROP TABLE IF EXISTS `terms`;
CREATE TABLE IF NOT EXISTS `terms` (
  `terms` text,
  `privacy` text,
  `sms` text
) ENGINE=InnoDB DEFAULT CHARSET=utf8mb4 COLLATE=utf8mb4_0900_ai_ci;

-- 테이블 데이터 jboard.terms:~1 rows (대략적) 내보내기
DELETE FROM `terms`;
INSERT INTO `terms` (`terms`, `privacy`, `sms`) VALUES
	('여러분을 환영합니다.\r\n네이버 서비스 및 제품(이하 ‘서비스’)을 이용해 주셔서 감사합니다. 본 약관은 다양한 네이버 서비스의 이용과 관련하여 네이버 서비스를 제공하는 네이버 주식회사(이하 ‘네이버’)와 이를 이용하는 네이버 서비스 회원(이하 ‘회원’) 또는 비회원과의 관계를 설명하며, 아울러 여러분의 네이버 서비스 이용에 도움이 될 수 있는 유익한 정보를 포함하고 있습니다.\r\n\r\n네이버 서비스를 이용하시거나 네이버 서비스 회원으로 가입하실 경우 여러분은 본 약관 및 관련 운영 정책을 확인하거나 동의하게 되므로, 잠시 시간을 내시어 주의 깊게 살펴봐 주시기 바랍니다.\r\n\r\n다양한 네이버 서비스를 즐겨보세요.\r\n네이버는 www.naver.com을 비롯한 네이버 도메인의 웹사이트 및 응용프로그램(어플리케이션, 앱)을 통해 정보 검색, 다른 이용자와의 커뮤니케이션, 콘텐츠 제공, 상품 쇼핑 등 여러분의 생활에 편리함을 더할 수 있는 다양한 서비스를 제공하고 있습니다.\r\n여러분은 PC, 휴대폰 등 인터넷 이용이 가능한 각종 단말기를 통해 각양각색의 네이버 서비스를 자유롭게 이용하실 수 있으며, 개별 서비스들의 구체적인 내용은 각 서비스 상의 안내, 공지사항, 네이버 웹고객센터(이하 ‘고객센터’) 도움말 등에서 쉽게 확인하실 수 있습니다.\r\n\r\n네이버는 기본적으로 여러분 모두에게 동일한 내용의 서비스를 제공합니다. 다만, \'청소년보호법\' 등 관련 법령이나 기타 개별 서비스 제공에서의 특별한 필요에 의해서 연령 또는 일정한 등급을 기준으로 이용자를 구분하여 제공하는 서비스의 내용, 이용 시간, 이용 횟수 등을 다르게 하는 등 일부 이용을 제한하는 경우가 있습니다. 자세한 내용은 역시 각 서비스 상의 안내, 공지사항, 고객센터 도움말 등에서 확인하실 수 있습니다.\r\n\r\n네이버 서비스에는 기본적으로 본 약관이 적용됩니다만 네이버가 다양한 서비스를 제공하는 과정에서 부득이 본 약관 외 별도의 약관, 운영정책 등을 적용하는 경우(예, 네이버페이, V LIVE 등)가 있습니다. 그리고 네이버 계열사가 제공하는 특정 서비스의 경우에도(예, LINE, SNOW등) 해당 운영 회사가 정한 고유의 약관, 운영정책 등이 적용될 수 있습니다. 이러한 내용은 각각의 해당 서비스 초기 화면에서 확인해 주시기 바랍니다.\r\n\r\n회원으로 가입하시면 네이버 서비스를 보다 편리하게 이용할 수 있습니다.\r\n여러분은 본 약관을 읽고 동의하신 후 회원 가입을 신청하실 수 있으며, 네이버는 이에 대한 승낙을 통해 회원 가입 절차를 완료하고 여러분께 네이버 서비스 이용 계정(이하 ‘계정’)을 부여합니다. 계정이란 회원이 네이버 서비스에 로그인한 이후 이용하는 각종 서비스 이용 이력을 회원 별로 관리하기 위해 설정한 회원 식별 단위를 말합니다. 회원은 자신의 계정을 통해 좀더 다양한 네이버 서비스를 보다 편리하게 이용할 수 있습니다. 이와 관련한 상세한 내용은 계정 운영정책 및 고객센터 내 네이버 회원가입 방법 등에서 확인해 주세요.\r\n\r\n네이버는 단체에 속한 여러 구성원들이 공동의 계정으로 네이버 서비스를 함께 이용할 수 있도록 단체회원 계정도 부여하고 있습니다. 단체회원 구성원들은 하나의 계정 및 아이디(ID)를 공유하되 각자 개별적으로 설정한 비밀번호를 입력하여 계정에 로그인하고 각종 서비스를 이용하게 됩니다. 단체회원은 관리자와 멤버로 구성되며, 관리자는 구성원 전부로부터 권한을 위임 받아 단체회원을 대표하고 단체회원 계정을 운용합니다.\r\n따라서 관리자는 단체회원 계정을 통해 별도 약관 또는 기존 약관 개정에 대해 동의하거나 단체회원에서 탈퇴할 수 있고, 멤버들의 단체회원 계정 로그인 방법 및 이를 통한 게시물 게재 등 네이버 서비스 이용을 관리(게시물 삭제 포함)할 수 있습니다. 본 약관에서 규정한 사항은 원칙적으로 구성원 모두에게 적용되며, 각각의 구성원은 다른 구성원들의 단체회원 계정 및 아이디(ID)를 통한 서비스 이용에 관해 연대책임을 부담합니다.\r\n\r\n단체회원 계정 사용에서의 관리자, 멤버 등의 권한 및 (공동)책임에 관한 사항 등은 계정 운영정책 및 고객센터 내 네이버 단체회원(단체 아이디) 소개 등에서 확인해 주시기 바랍니다.\r\n\r\n여러분이 제공한 콘텐츠를 소중히 다룰 것입니다.\r\n네이버는 여러분이 게재한 게시물이 네이버 서비스를 통해 다른 이용자들에게 전달되어 우리 모두의 삶을 더욱 풍요롭게 해줄 것을 기대합니다. 게시물은 여러분이 타인 또는 자신이 보게 할 목적으로 네이버 서비스 상에 게재한 부호, 문자, 음성, 음향, 그림, 사진, 동영상, 링크 등으로 구성된 각종 콘텐츠 자체 또는 파일을 말합니다.\r\n\r\n네이버는 여러분의 생각과 감정이 표현된 콘텐츠를 소중히 보호할 것을 약속 드립니다. 여러분이 제작하여 게재한 게시물에 대한 지식재산권 등의 권리는 당연히 여러분에게 있습니다.\r\n\r\n한편, 네이버 서비스를 통해 여러분이 게재한 게시물을 적법하게 제공하려면 해당 콘텐츠에 대한 저장, 복제, 수정, 공중 송신, 전시, 배포, 2차적 저작물 작성(단, 번역에 한함) 등의 이용 권한(기한과 지역 제한에 정함이 없으며, 별도 대가 지급이 없는 라이선스)이 필요합니다.\r\n게시물 게재로 여러분은 네이버에게 그러한 권한을 부여하게 되므로, 여러분은 이에 필요한 권리를 보유하고 있어야 합니다.\r\n\r\n네이버는 여러분이 부여해 주신 콘텐츠 이용 권한을 저작권법 등 관련 법령에서 정하는 바에 따라 네이버 서비스 내 노출, 서비스 홍보를 위한 활용, 서비스 운영, 개선 및 새로운 서비스 개발을 위한 연구, 웹 접근성 등 법률상 의무 준수, 외부 사이트에서의 검색, 수집 및 링크 허용을 위해서만 제한적으로 행사할 것입니다.\r\n만약, 그 밖의 목적을 위해 부득이 여러분의 콘텐츠를 이용하고자 할 경우엔 사전에 여러분께 설명을 드리고 동의를 받도록 하겠습니다.\r\n\r\n또한 여러분이 제공한 소중한 콘텐츠는 네이버 서비스를 개선하고 새로운 네이버 서비스를 제공하기 위해 인공지능 분야 기술 등의 연구 개발 목적으로 네이버 및 네이버 계열사에서 사용될 수 있습니다. 네이버는 지속적인 연구 개발을 통해 여러분께 좀 더 편리하고 유용한 서비스를 제공해 드릴 수 있도록 최선을 다하겠습니다.\r\n\r\n네이버는 여러분이 자신이 제공한 콘텐츠에 대한 네이버 또는 다른 이용자들의 이용 또는 접근을 보다 쉽게 관리할 수 있도록 다양한 수단을 제공하기 위해 노력하고 있습니다. 여러분은 네이버 서비스 내에 콘텐츠 삭제, 비공개 등의 관리기능이 제공되는 경우 이를 통해 직접 타인의 이용 또는 접근을 통제할 수 있고, 고객센터를 통해서도 콘텐츠의 삭제, 비공개, 검색결과 제외 등의 조치를 요청할 수 있습니다.\r\n다만, 일부 네이버 서비스의 경우 삭제, 비공개 등의 처리가 어려울 수 있으며, 이러한 내용은 각 서비스 상의 안내, 공지사항, 고객센터 도움말 등에서 확인해 주시길 부탁 드립니다.\r\n\r\n여러분의 개인정보를 소중히 보호합니다.\r\n네이버는 서비스의 원활한 제공을 위하여 회원이 동의한 목적과 범위 내에서만 개인정보를 수집∙이용하며, 개인정보 보호 관련 법령에 따라 안전하게 관리합니다. 네이버가 이용자 및 회원에 대해 관련 개인정보를 안전하게 처리하기 위하여 기울이는 노력이나 기타 상세한 사항은 개인정보 처리방침에서 확인하실 수 있습니다.\r\n\r\n네이버는 여러분이 서비스를 이용하기 위해 일정 기간 동안 로그인 혹은 접속한 기록이 없는 경우, 전자메일, 서비스 내 알림 또는 기타 적절한 전자적 수단을 통해 사전에 안내해 드린 후 여러분의 정보를 파기하거나 분리 보관할 수 있으며, 만약 이로 인해 서비스 제공을 위해 필수적인 정보가 부족해질 경우 부득이 관련 서비스 이용계약을 해지할 수 있습니다.\r\n\r\n타인의 권리를 존중해 주세요.\r\n여러분이 무심코 게재한 게시물로 인해 타인의 저작권이 침해되거나 명예훼손 등 권리 침해가 발생할 수 있습니다. 네이버는 이에 대한 문제 해결을 위해 ‘정보통신망 이용촉진 및 정보보호 등에 관한 법률’ 및 ‘저작권법’ 등을 근거로 권리침해 주장자의 요청에 따른 게시물 게시중단, 원 게시자의 이의신청에 따른 해당 게시물 게시 재개 등을 내용으로 하는 게시중단요청서비스를 운영하고 있습니다. 보다 상세한 내용 및 절차는 고객센터 내 게시중단요청서비스 소개를 참고해 주세요.\r\n\r\n한편, 네이버 서비스를 통해 타인의 콘텐츠를 이용한다고 하여 여러분이 해당 콘텐츠에 대한 지식재산권을 보유하게 되는 것은 아닙니다. 여러분이 해당 콘텐츠를 자유롭게 이용하기 위해서는 그 이용이 저작권법 등 관련 법률에 따라 허용되는 범위 내에 있거나, 해당 콘텐츠의 지식재산권자로부터 별도의 이용 허락을 받아야 하므로 각별한 주의가 필요합니다.\r\n\r\n네이버는 여러분이 네이버 서비스를 마음껏 이용할 수 있도록 여러분께 네이버 서비스에 수반되는 관련 소프트웨어 사용에 관한 이용 권한을 부여합니다. 이 경우 여러분의 자유로운 이용은 네이버가 제시하는 이용 조건에 부합하는 범위 내에서만 허용되고, 이러한 권한은 양도가 불가능하며, 비독점적 조건 및 법적고지가 적용된다는 점을 유의해 주세요.\r\n\r\n네이버에서 제공하는 다양한 포인트를 요긴하게 활용해 보세요.\r\n네이버는 여러분이 네이버 서비스를 효율적으로 이용할 수 있도록 포인트를 부여하고 있습니다. 포인트는 여러분의 일정한 네이버 서비스 이용과 연동하여 네이버가 임의로 책정하거나 조정하여 지급하는 일정한 계산 단위를 갖는 서비스 상의 가상 데이터를 말합니다. 포인트는 재산적 가치가 없기 때문에 금전으로 환불 또는 전환할 수 없지만, 포인트의 많고 적음에 따라 여러분의 네이버 서비스 이용에 영향을 주는 경우가 있으므로 경우에 따라 적절히 활용해 보세요.\r\n\r\n네이버는 네이버 서비스의 효율적 이용을 지원하거나 서비스 운영을 개선하기 위해 필요한 경우 사전에 여러분께 안내 드린 후 부득이 포인트의 일부 또는 전부를 조정할 수 있습니다. 그리고 포인트는 네이버가 정한 기간에 따라 주기적으로 소멸할 수도 있으니 포인트가 부여되는 네이버 서비스 이용 시 유의해 주시기 바랍니다.\r\n\r\n네이버 서비스 이용과 관련하여 몇 가지 주의사항이 있습니다.\r\n네이버는 여러분이 네이버 서비스를 자유롭고 편리하게 이용할 수 있도록 최선을 다하고 있습니다. 다만, 여러분이 네이버 서비스를 보다 안전하게 이용하고 네이버 서비스에서 여러분과 타인의 권리가 서로 존중되고 보호받으려면 여러분의 도움과 협조가 필요합니다. 여러분의 안전한 서비스 이용과 권리 보호를 위해 부득이 아래와 같은 경우 여러분의 게시물 게재나 네이버 서비스 이용이 제한될 수 있으므로, 이에 대한 확인 및 준수를 요청 드립니다.\r\n\r\n회원 가입 시 이름, 생년월일, 휴대전화번호 등의 정보를 허위로 기재해서는 안 됩니다. 회원 계정에 등록된 정보는 항상 정확한 최신 정보가 유지될 수 있도록 관리해 주세요. 자신의 계정을 다른 사람에게 판매, 양도, 대여 또는 담보로 제공하거나 다른 사람에게 그 사용을 허락해서는 안 됩니다. 아울러 자신의 계정이 아닌 타인의 계정을 무단으로 사용해서는 안 됩니다. 이에 관한 상세한 내용은 계정 운영정책을 참고해 주시기 바랍니다.\r\n타인에 대해 직접적이고 명백한 신체적 위협을 가하는 내용의 게시물, 타인의 자해 행위 또는 자살을 부추기거나 권장하는 내용의 게시물, 타인의 신상정보, 사생활 등 비공개 개인정보를 드러내는 내용의 게시물, 타인을 지속적으로 따돌리거나 괴롭히는 내용의 게시물, 성매매를 제안, 알선, 유인 또는 강요하는 내용의 게시물, 공공 안전에 대해 직접적이고 심각한 위협을 가하는 내용의 게시물은 제한될 수 있습니다.\r\n관련 법령상 금지되거나 형사처벌의 대상이 되는 행위를 수행하거나 이를 교사 또는 방조하는 등의 범죄 관련 직접적인 위험이 확인된 게시물, 관련 법령에서 홍보, 광고, 판매 등을 금지하고 있는 물건 또는 서비스를 홍보, 광고, 판매하는 내용의 게시물, 타인의 지식재산권 등을 침해하거나 모욕, 사생활 침해 또는 명예훼손 등 타인의 권리를 침해하는 내용이 확인된 게시물은 제한될 수 있습니다.\r\n자극적이고 노골적인 성행위를 묘사하는 등 타인에게 성적 수치심을 유발시키거나 왜곡된 성 의식 등을 야기할 수 있는 내용의 게시물, 타인에게 잔혹감 또는 혐오감을 일으킬 수 있는 폭력적이고 자극적인 내용의 게시물, 본인 이외의 자를 사칭하거나 허위사실을 주장하는 등 타인을 기만하는 내용의 게시물, 과도한 욕설, 비속어 등을 계속하여 반복적으로 사용하여 심한 혐오감 또는 불쾌감을 일으키는 내용의 게시물은 제한될 수 있습니다.\r\n자동화된 수단을 활용하는 등 네이버 서비스의 기능을 비정상적으로 이용하여 게재된 게시물, 네이버 각 개별 서비스의 제공 취지와 부합하지 않는 내용의 게시물은 다른 이용자들의 정상적인 네이버 서비스 이용에 불편을 초래하고 더 나아가 네이버의 원활한 서비스 제공을 방해하므로 역시 제한될 수 있습니다. 기타 제한되는 게시물에 관한 상세한 내용은 게시물 운영정책 및 각 개별 서비스에서의 약관, 운영정책 등을 참고해 주시기 바랍니다.\r\n네이버의 사전 허락 없이 자동화된 수단(예: 매크로 프로그램, 로봇(봇), 스파이더, 스크래퍼 등)을 이용하여 네이버 서비스 회원으로 가입을 시도 또는 가입하거나, 네이버 서비스에 로그인을 시도 또는 로그인하거나, 네이버 서비스 상에 게시물을 게재하거나, 네이버 서비스를 통해 커뮤니케이션하거나(예: 전자메일, 쪽지 등), 네이버 서비스에 게재된 회원의 아이디(ID), 게시물 등을 수집하거나, 네이버 검색 서비스에서 특정 질의어로 검색하거나 혹은 그 검색결과에서 특정 검색결과를 선택(이른바 ‘클릭’)하는 등 이용자(사람)의 실제 이용을 전제로 하는 네이버 서비스의 제공 취지에 부합하지 않는 방식으로 네이버 서비스를 이용하거나 이와 같은 네이버 서비스에 대한 어뷰징(남용) 행위를 막기 위한 네이버의 기술적 조치를 무력화하려는 일체의 행위(예: IP를 지속적으로 바꿔가며 접속하는 행위, Captcha를 외부 솔루션 등을 통해 우회하거나 무력화 하는 행위 등)를 시도해서는 안 됩니다.\r\n네이버의 동의 없이 자동화된 수단에 의해 네이버 서비스 상에 광고가 게재되는 영역 또는 그 밖의 영역에 부호, 문자, 음성, 음향, 그림, 사진, 동영상, 링크 등으로 구성된 각종 콘텐츠 자체 또는 파일을 삽입해서는 안 됩니다. 또한, 네이버 서비스 또는 이에 포함된 소프트웨어를 복사, 수정할 수 없으며, 이를 판매, 양도, 대여 또는 담보로 제공하거나 타인에게 그 이용을 허락해서는 안 됩니다. 네이버 서비스에 포함된 소프트웨어를 역 설계, 소스코드 추출 시도, 복제, 분해, 모방, 기타 변형하는 등의 행위도 금지됩니다(다만, 오픈소스에 해당되는 경우 그 자체 조건에 따릅니다). 그 밖에 바이러스나 기타 악성 코드를 업로드하거나 네이버 서비스의 원활한 운영을 방해할 목적으로 서비스 기능을 비정상적으로 이용하는 행위 역시 금지됩니다.\r\n네이버는 본 약관의 범위 내에서 게시물 운영정책, 각 개별 서비스에서의 약관 또는 운영정책, 각 서비스 상의 안내, 공지사항, 고객센터 도움말 등을 두어, 여러분에게 안정적이고 원활한 서비스 이용이 가능하도록 지원하고 있습니다. 각 세부 정책에는 여러분이 참고할 수 있도록 보다 구체적인 유의사항을 포함하고 있으니, 본 약관 본문 및 구성 페이지 상의 링크 등을 통해 이를 확인해 주시기 바랍니다.\r\n\r\n부득이 서비스 이용을 제한할 경우 합리적인 절차를 준수합니다.\r\n네이버는 다양한 정보와 의견이 담긴 여러분의 콘텐츠를 소중히 다룰 것을 약속 드립니다만, 여러분이 게재한 게시물이 관련 법령, 본 약관, 게시물 운영정책, 각 개별 서비스에서의 약관, 운영정책 등에 위배되는 경우, 부득이 이를 비공개 또는 삭제 처리하거나 게재를 거부할 수 있습니다. 다만, 이것이 네이버가 모든 콘텐츠를 검토할 의무가 있다는 것을 의미하지는 않습니다.\r\n\r\n또한 여러분이 관련 법령, 본 약관, 계정 및 게시물 운영정책, 각 개별 서비스에서의 약관, 운영정책 등을 준수하지 않을 경우, 네이버는 여러분의 관련 행위 내용을 확인할 수 있으며, 그 확인 결과에 따라 네이버 서비스 이용에 대한 주의를 당부하거나, 네이버 서비스 이용을 일부 또는 전부, 일시 또는 영구히 정지시키는 등 그 이용을 제한할 수 있습니다. 한편, 이러한 이용 제한에도 불구하고 더 이상 네이버 서비스 이용계약의 온전한 유지를 기대하기 어려운 경우엔 부득이 여러분과의 이용계약을 해지할 수 있습니다.\r\n\r\n부득이 여러분의 서비스 이용을 제한해야 할 경우 명백한 법령 위반이나 타인의 권리침해로서 긴급한 위험 또는 피해 차단이 요구되는 사안 외에는 위와 같은 단계적 서비스 이용제한 원칙을 준수 하겠습니다. 명백한 법령 위반 등을 이유로 부득이 서비스 이용을 즉시 영구 정지시키는 경우 서비스 이용을 통해 획득한 포인트 및 기타 혜택 등은 모두 소멸되고 이에 대해 별도로 보상하지 않으므로 유의해 주시기 바랍니다. 서비스 이용 제한의 조건, 세부 내용 등은 계정 운영정책 및 각 개별 서비스에서의 운영정책을 참고하시기 바랍니다.\r\n\r\n네이버의 잘못은 네이버가 책임집니다.\r\n네이버는 여러분이 네이버 서비스를 이용함에 있어 네이버의 고의 또는 과실로 인하여 손해를 입게 될 경우 관련 법령에 따라 여러분의 손해를 배상합니다. 다만, 천재지변 또는 이에 준하는 불가항력으로 인하여 네이버가 서비스를 제공할 수 없거나 이용자의 고의 또는 과실로 인하여 서비스를 이용할 수 없어 발생한 손해에 대해서 네이버는 책임을 부담하지 않습니다.\r\n\r\n그리고 네이버가 손해배상책임을 부담하는 경우에도 통상적으로 예견이 불가능하거나 특별한 사정으로 인한 특별 손해 또는 간접 손해, 기타 징벌적 손해에 대해서는 관련 법령에 특별한 규정이 없는 한 책임을 부담하지 않습니다.\r\n\r\n한편, 네이버 서비스를 매개로 한 여러분과 다른 회원 간 또는 여러분과 비회원 간의 의견 교환, 거래 등에서 발생한 손해나 여러분이 서비스 상에 게재된 타인의 게시물 등의 콘텐츠를 신뢰함으로써 발생한 손해에 대해서도 네이버는 특별한 사정이 없는 한 이에 대해 책임을 부담하지 않습니다.\r\n\r\n언제든지 네이버 서비스 이용계약을 해지하실 수 있습니다.\r\n네이버에게는 참 안타까운 일입니다만, 회원은 언제든지 네이버 서비스 이용계약 해지를 신청하여 회원에서 탈퇴할 수 있으며, 이 경우 네이버는 관련 법령 등이 정하는 바에 따라 이를 지체 없이 처리하겠습니다.\r\n\r\n네이버 서비스 이용계약이 해지되면, 관련 법령 및 개인정보처리방침에 따라 네이버가 해당 회원의 정보를 보유할 수 있는 경우를 제외하고, 해당 회원 계정에 부속된 게시물 일체를 포함한 회원의 모든 데이터는 소멸됨과 동시에 복구할 수 없게 됩니다. 다만, 이 경우에도 다른 회원이 별도로 담아갔거나 스크랩한 게시물과 공용 게시판에 등록한 댓글 등의 게시물은 삭제되지 않으므로 반드시 해지 신청 이전에 삭제하신 후 탈퇴하시기 바랍니다.\r\n\r\n일부 네이버 서비스에는 광고가 포함되어 있습니다.\r\n여러분이 다양한 네이버 서비스를 이용하다 보면 간혹 일부 개별 서비스에 광고가 포함된 경우가 있습니다. 네이버 서비스를 이용하면서 발생할 수 있는 데이터 통신요금은 가입하신 통신사업자와의 이용계약에 따라 여러분이 부담하며, 포함된 광고 열람으로 인해 추가적으로 발생하는 비용 역시 여러분이 부담합니다.\r\n\r\n원하는 네이버 서비스를 이용하기 위해 원하지 않는 광고를 봐야 하는 경우가 있습니다. 이는 여러분에게 제공하는 다양한 네이버 서비스를 원칙적으로 무료로 제공할 수 있게 해주는 데 기여하며, 더 나아가 네이버가 연구 개발에 투자하여 더 나은 서비스를 제공할 수 있는 기반이 됩니다. 최근 타사의 일부 서비스들이 광고 없는 서비스 이용을 강조하며 주된 서비스를 유료로 제공하고 있는 관행이 이를 뒷받침합니다.\r\n\r\n네이버는 여러분의 본의 아닌 불편이나 부담이 최소화될 수 있는 방법에 대해 항상 고민하고 개선해 나가겠습니다.\r\n\r\n서비스 중단 또는 변경 시 꼭 알려드리겠습니다.\r\n네이버는 연중 무휴, 1일 24시간 안정적으로 서비스를 제공하기 위해 최선을 다하고 있습니다만, 컴퓨터, 서버 등 정보통신설비의 보수점검, 교체 또는 고장, 통신두절 등 운영상 상당한 이유가 있는 경우 부득이 서비스의 전부 또는 일부를 중단할 수 있습니다.\r\n\r\n한편, 네이버는 서비스 운영 또는 개선을 위해 상당한 필요성이 있는 경우 서비스의 전부 또는 일부를 수정, 변경 또는 종료할 수 있습니다. 무료로 제공되는 서비스의 전부 또는 일부를 수정, 변경 또는 종료하게 된 경우 관련 법령에 특별한 규정이 없는 한 별도의 보상을 하지 않습니다.\r\n\r\n이 경우 네이버는 예측 가능한 경우 상당기간 전에 이를 안내하며, 만약 예측 불가능한 경우라면 사후 지체 없이 상세히 설명하고 안내 드리겠습니다. 또한 서비스 중단의 경우에는 여러분 자신의 콘텐츠를 백업할 수 있도록 합리적이고 충분한 기회를 제공하도록 하겠습니다.\r\n\r\n주요 사항을 잘 안내하고 여러분의 소중한 의견에 귀 기울이겠습니다.\r\n네이버는 서비스 이용에 필요한 주요사항을 적시에 잘 안내해 드릴 수 있도록 힘쓰겠습니다. 회원에게 통지를 하는 경우 전자메일, 서비스 내 알림 또는 기타 적절한 전자적 수단을 통해 개별적으로 알려 드릴 것이며, 다만 회원 전체에 대한 통지가 필요할 경우엔 7일 이상 www.naver.com을 비롯한 네이버 도메인의 웹사이트 및 응용프로그램(어플리케이션, 앱) 초기 화면 또는 공지사항 등에 관련 내용을 게시하도록 하겠습니다.\r\n\r\n네이버는 여러분의 소중한 의견에 귀 기울이겠습니다. 여러분은 언제든지 고객센터를 통해 서비스 이용과 관련된 의견이나 개선사항을 전달할 수 있으며, 네이버는 합리적 범위 내에서 가능한 그 처리과정 및 결과를 여러분께 전달할 수 있도록 하겠습니다.\r\n\r\n여러분이 쉽게 알 수 있도록 약관 및 운영정책을 게시하며 사전 공지 후 개정합니다.\r\n네이버는 본 약관의 내용을 여러분이 쉽게 확인할 수 있도록 서비스 초기 화면에 게시하고 있습니다.\r\n\r\n네이버는 수시로 본 약관, 계정 및 게시물 운영정책을 개정할 수 있습니다만, 관련 법령을 위배하지 않는 범위 내에서 개정할 것이며, 사전에 그 개정 이유와 적용 일자를 서비스 내에 알리도록 하겠습니다. 또한 여러분에게 불리할 수 있는 중대한 내용의 약관 변경의 경우에는 최소 30일 이전에 해당 서비스 내 공지하고 별도의 전자적 수단(전자메일, 서비스 내 알림 등)을 통해 개별적으로 알릴 것입니다.\r\n\r\n네이버는 변경된 약관을 게시한 날로부터 효력이 발생되는 날까지 약관 변경에 대한 여러분의 의견을 기다립니다. 위 기간이 지나도록 여러분의 의견이 네이버에 접수되지 않으면, 여러분이 변경된 약관에 따라 서비스를 이용하는 데에 동의하는 것으로 간주됩니다. 네이버로서는 매우 안타까운 일이지만, 여러분이 변경된 약관에 동의하지 않는 경우 변경된 약관의 적용을 받는 해당 서비스의 제공이 더 이상 불가능하게 될 수 있습니다.\r\n\r\n네이버 서비스에는 기본적으로 본 약관이 적용됩니다만, 부득이 각 개별 서비스의 고유한 특성을 반영하기 위해 본 약관 외 별도의 약관, 운영정책이 추가로 적용될 때가 있습니다. 따라서 별도의 약관, 운영정책에서 그 개별 서비스 제공에 관하여 본 약관, 계정 및 게시물 운영정책과 다르게 정한 경우에는 별도의 약관, 운영정책이 우선하여 적용됩니다. 이러한 내용은 각각의 개별 서비스 초기 화면에서 확인해 주시기 바랍니다.\r\n\r\n본 약관은 한국어를 정본으로 합니다. 본 약관 또는 네이버 서비스와 관련된 여러분과 네이버와의 관계에는 대한민국의 법령이 적용됩니다. 그리고 본 약관 또는 네이버 서비스와 관련하여 여러분과 네이버 사이에 분쟁이 발생할 경우, 그 분쟁의 처리는 대한민국 \'민사소송법\'에서 정한 절차를 따릅니다.\r\n\r\n공지 일자: 2018년 3월 30일\r\n적용 일자: 2018년 5월 1일\r\n네이버 서비스와 관련하여 궁금하신 사항이 있으시면 고객센터(대표번호: 1588 – 3820/ 평일 09:00~18:00)로 문의 주시기 바랍니다.', '개인정보보호법에 따라 네이버에 회원가입 신청하시는 분께 수집하는 개인정보의 항목, 개인정보의 수집 및 이용목적, 개인정보의 보유 및 이용기간, 동의 거부권 및 동의 거부 시 불이익에 관한 사항을 안내 드리오니 자세히 읽은 후 동의하여 주시기 바랍니다.\r\n\r\n1. 수집하는 개인정보\r\n이용자는 회원가입을 하지 않아도 정보 검색, 뉴스 보기 등 대부분의 네이버 서비스를 회원과 동일하게 이용할 수 있습니다. 이용자가 메일, 캘린더, 카페, 블로그 등과 같이 개인화 혹은 회원제 서비스를 이용하기 위해 회원가입을 할 경우, 네이버는 서비스 이용을 위해 필요한 최소한의 개인정보를 수집합니다.\r\n\r\n회원가입 시점에 네이버가 이용자로부터 수집하는 개인정보는 아래와 같습니다.\r\n- 회원 가입 시 필수항목으로 아이디, 비밀번호, 이름, 생년월일, 성별, 휴대전화번호를, 선택항목으로 이메일주소를 수집합니다. 실명 인증된 아이디로 가입 시, 암호화된 동일인 식별정보(CI), 중복가입 확인정보(DI), 내외국인 정보를 함께 수집합니다. 만 14세 미만 아동의 경우, 법정대리인 정보(법정대리인의 이름, 생년월일, 성별, 중복가입확인정보(DI), 휴대전화번호)를 추가로 수집합니다.\r\n- 비밀번호 없이 회원 가입 시에는 필수항목으로 아이디, 이름, 생년월일, 휴대전화번호를, 선택항목으로 비밀번호를 수집합니다.\r\n- 단체 회원가입 시 필수 항목으로 단체아이디, 비밀번호, 단체이름, 이메일주소, 휴대전화번호를, 선택항목으로 단체 대표자명을 수집합니다.\r\n서비스 이용 과정에서 이용자로부터 수집하는 개인정보는 아래와 같습니다.\r\n- 회원정보 또는 개별 서비스에서 프로필 정보(별명, 프로필 사진)를 설정할 수 있습니다. 회원정보에 별명을 입력하지 않은 경우에는 마스킹 처리된 아이디가 별명으로 자동 입력됩니다.\r\n- 네이버 내의 개별 서비스 이용, 이벤트 응모 및 경품 신청 과정에서 해당 서비스의 이용자에 한해 추가 개인정보 수집이 발생할 수 있습니다. 추가로 개인정보를 수집할 경우에는 해당 개인정보 수집 시점에서 이용자에게 ‘수집하는 개인정보 항목, 개인정보의 수집 및 이용목적, 개인정보의 보관기간’에 대해 안내 드리고 동의를 받습니다.\r\n\r\n\r\n\r\n서비스 이용 과정에서 IP 주소, 쿠키, 서비스 이용 기록, 기기정보, 위치정보가 생성되어 수집될 수 있습니다. 또한 이미지 및 음성을 이용한 검색 서비스 등에서 이미지나 음성이 수집될 수 있습니다.\r\n구체적으로 1) 서비스 이용 과정에서 이용자에 관한 정보를 자동화된 방법으로 생성하여 이를 저장(수집)하거나, 2) 이용자 기기의 고유한 정보를 원래의 값을 확인하지 못 하도록 안전하게 변환하여 수집합니다.\r\n서비스 이용 과정에서 위치정보가 수집될 수 있으며,\r\n네이버에서 제공하는 위치기반 서비스에 대해서는 \'네이버 위치기반서비스 이용약관\'에서 자세하게 규정하고 있습니다.\r\n이와 같이 수집된 정보는 개인정보와의 연계 여부 등에 따라 개인정보에 해당할 수 있고, 개인정보에 해당하지 않을 수도 있습니다.\r\n생성정보 수집에 대한 추가 설명\r\n- IP(Internet Protocol) 주소란?\r\nIP 주소는 인터넷 망 사업자가 인터넷에 접속하는 이용자의 PC 등 기기에 부여하는 온라인 주소정보 입니다. IP 주소가 개인정보에 해당하는지 여부에 대해서는 각국마다 매우 다양한 견해가 있습니다.\r\n- 서비스 이용기록이란?\r\n네이버 접속 일시, 이용한 서비스 목록 및 서비스 이용 과정에서 발생하는 정상 또는 비정상 로그 일체,메일 수발신 과정에서 기록되는 이메일주소, 친구 초대하기 또는 선물하기 등에서 입력하는 휴대전화번호, 스마트스토어 판매자와 구매자간 상담내역(네이버톡톡 및 상품 Q&A 게시글) 등을 의미합니다.\r\n- 기기정보란?\r\n본 개인정보처리방침에 기재된 기기정보는 생산 및 판매 과정에서 기기에 부여된 정보뿐 아니라, 기기의 구동을 위해 사용되는 S/W를 통해 확인 가능한 정보를 모두 일컫습니다. OS(Windows, MAC OS 등) 설치 과정에서 이용자가 PC에 부여하는 컴퓨터의 이름, PC에 장착된 주변기기의 일련번호, 스마트폰의 통신에 필요한 고유한 식별값(IMEI, IMSI), AAID 혹은 IDFA, 설정언어 및 설정 표준시, USIM의 통신사 코드 등을 의미합니다. 단, 네이버는 IMEI와 같은 기기의 고유한 식별값을 수집할 필요가 있는 경우, 이를 수집하기 전에 네이버도 원래의 값을 알아볼 수 없는 방식으로 암호화 하여 식별성(Identifiability)을 제거한 후에 수집합니다.\r\n- 쿠키(cookie)란?\r\n쿠키는 이용자가 웹사이트를 접속할 때에 해당 웹사이트에서 이용자의 웹브라우저를 통해 이용자의 PC에 저장하는 매우 작은 크기의 텍스트 파일입니다. 이후 이용자가 다시 웹사이트를 방문할 경우 웹사이트 서버는 이용자 PC에 저장된 쿠키의 내용을 읽어 이용자가 설정한 서비스 이용 환경을 유지하여 편리한 인터넷 서비스 이용을 가능케 합니다. 또한 방문한 서비스 정보, 서비스 접속 시간 및 빈도, 서비스 이용 과정에서 생성된 또는 제공(입력)한 정보 등을 분석하여 이용자의 취향과 관심에 특화된 서비스(광고 포함)를 제공할 수 있습니다. 이용자는 쿠키에 대한 선택권을 가지고 있으며, 웹브라우저에서 옵션을 설정함으로써 모든 쿠키를 허용하거나, 쿠키가 저장될 때마다 확인을 거치거나, 아니면 모든 쿠키의 저장을 거부할 수도 있습니다. 다만, 쿠키의 저장을 거부할 경우에는 로그인이 필요한 네이버 일부 서비스의 이용에 불편이 있을 수 있습니다.\r\n쿠키에 관한 자세한 내용(네이버 프라이버시 센터) 알아보기\r\n\r\n2. 수집한 개인정보의 이용\r\n네이버 및 네이버 관련 제반 서비스(모바일 웹/앱 포함)의 회원관리, 서비스 개발・제공 및 향상, 안전한 인터넷 이용환경 구축 등 아래의 목적으로만 개인정보를 이용합니다.\r\n\r\n- 회원 가입 의사의 확인, 연령 확인 및 법정대리인 동의 진행, 이용자 및 법정대리인의 본인 확인, 이용자 식별, 회원탈퇴 의사의 확인 등 회원관리를 위하여 개인정보를 이용합니다.\r\n- 콘텐츠 등 기존 서비스 제공(광고 포함)에 더하여, 인구통계학적 분석, 서비스 방문 및 이용기록의 분석, 개인정보 및 관심에 기반한 이용자간 관계의 형성, 지인 및 관심사 등에 기반한 맞춤형 서비스 제공 등 신규 서비스 요소의 발굴 및 기존 서비스 개선 등을 위하여 개인정보를 이용합니다.\r\n- 법령 및 네이버 이용약관을 위반하는 회원에 대한 이용 제한 조치, 부정 이용 행위를 포함하여 서비스의 원활한 운영에 지장을 주는 행위에 대한 방지 및 제재, 계정도용 및 부정거래 방지, 약관 개정 등의 고지사항 전달, 분쟁조정을 위한 기록 보존, 민원처리 등 이용자 보호 및 서비스 운영을 위하여 개인정보를 이용합니다.\r\n- 유료 서비스 제공에 따르는 본인인증, 구매 및 요금 결제, 상품 및 서비스의 배송을 위하여 개인정보를 이용합니다.\r\n- 이벤트 정보 및 참여기회 제공, 광고성 정보 제공 등 마케팅 및 프로모션 목적으로 개인정보를 이용합니다.\r\n- 서비스 이용기록과 접속 빈도 분석, 서비스 이용에 대한 통계, 서비스 분석 및 통계에 따른 맞춤 서비스 제공 및 광고 게재 등에 개인정보를 이용합니다.\r\n- 보안, 프라이버시, 안전 측면에서 이용자가 안심하고 이용할 수 있는 서비스 이용환경 구축을 위해 개인정보를 이용합니다.\r\n3. 개인정보의 보관기간\r\n회사는 원칙적으로 이용자의 개인정보를 회원 탈퇴 시 지체없이 파기하고 있습니다.\r\n단, 이용자에게 개인정보 보관기간에 대해 별도의 동의를 얻은 경우, 또는 법령에서 일정 기간 정보보관 의무를 부과하는 경우에는 해당 기간 동안 개인정보를 안전하게 보관합니다.\r\n이용자에게 개인정보 보관기간에 대해 회원가입 시 또는 서비스 가입 시 동의를 얻은 경우는 아래와 같습니다.\r\n- 부정 가입 및 이용 방지\r\n부정 이용자의 가입인증 휴대전화번호 또는 DI (만 14세 미만의 경우 법정대리인DI) : 탈퇴일로부터 6개월 보관\r\n탈퇴한 이용자의 휴대전화번호(휴대전화 인증 시), DI(아이핀 인증 시): 탈퇴일로부터 6개월 보관(복호화가 불가능한 일방향 암호화(해시)하여 보관)\r\n- 네이버 서비스 제공을 위한 본인 확인\r\n통신사 정보 : 수집 시점으로부터 1년 보관\r\n- QR코드 복구 요청 대응\r\nQR코드 등록 정보:삭제 시점으로부터6개월 보관\r\n- 스마트플레이스 분쟁 조정 및 고객문의 대응\r\n휴대전화번호:등록/수정/삭제 요청 시로부터 최대1년\r\n- 네이버 플러스 멤버십 서비스 혜택 중복 제공 방지\r\n암호화처리(해시처리)한DI : 네이버 회원 탈퇴일로부터 6개월 보관\r\n- 네이버 엑스퍼트 재가입 신청 및 부정 이용 방지\r\n네이버 엑스퍼트 서비스 및 네이버 엑스퍼트 센터 가입 등록정보&판매자 이름 : 신청일로부터 6개월(등록 거절 시, 거절 의사 표시한 날로부터 30일) 보관\r\n- 전자서명 인증 업무\r\n개인정보: 네이버 인증서 서비스 해지 시까지 보관\r\n- 인증서와 인증 업무에 관한 기록: 인증서 효력 상실일로부터 5년 보관\r\n전자상거래 등에서의 소비자 보호에 관한 법률, 전자문서 및 전자거래 기본법, 통신비밀보호법 등 법령에서 일정기간 정보의 보관을 규정하는 경우는 아래와 같습니다. 네이버는 이 기간 동안 법령의 규정에 따라 개인정보를 보관하며, 본 정보를 다른 목적으로는 절대 이용하지 않습니다.\r\n- 전자상거래 등에서 소비자 보호에 관한 법률\r\n계약 또는 청약철회 등에 관한 기록: 5년 보관\r\n대금결제 및 재화 등의 공급에 관한 기록: 5년 보관\r\n소비자의 불만 또는 분쟁처리에 관한 기록: 3년 보관\r\n- 전자문서 및 전자거래 기본법\r\n공인전자주소를 통한 전자문서 유통에 관한 기록 : 10년 보관\r\n- 통신비밀보호법\r\n로그인 기록: 3개월\r\n\r\n4. 개인정보 수집 및 이용 동의를 거부할 권리\r\n이용자는 개인정보의 수집 및 이용 동의를 거부할 권리가 있습니다. 회원가입 시 수집하는 최소한의 개인정보, 즉, 필수 항목에 대한 수집 및 이용 동의를 거부하실 경우, 회원가입이 어려울 수 있습니다.', '네이버 및 제휴 서비스의 이벤트・혜택 등의 정보 발송을 위해 네이버 아이디(아이디 식별값 포함), 휴대전화번호(네이버 앱 알림 또는 문자), 이메일주소를 수집합니다.\r\n\r\n네이버 아이디(아이디 식별값 포함), 휴대전화번호 및 이메일주소는 네이버 서비스 제공을 위한 필수 수집항목으로서 네이버 회원 가입 기간 동안 보관하나, 이벤트 혜택 정보 수신 동의를 철회하시면 본 목적으로의 개인정보 처리는 중지됩니다.\r\n정보주체는 개인정보 수집 및 이용 동의를 거부하실 수 있으며, 미동의 시에도 서비스 이용은 가능합니다.\r\n\r\n※ 일부 서비스(별개의 회원체계 운영, 네이버 가입 후 추가 가입하는 서비스 등)의 경우, 수신에 대해 별도로 안내 드리며, 동의를 구합니다.\r\n');

-- 테이블 jboard.user 구조 내보내기
DROP TABLE IF EXISTS `user`;
CREATE TABLE IF NOT EXISTS `user` (
  `uid` varchar(20) NOT NULL,
  `pass` varchar(225) NOT NULL,
  `name` varchar(20) NOT NULL,
  `nick` varchar(20) NOT NULL,
  `email` varchar(30) NOT NULL,
  `hp` varchar(255) DEFAULT NULL,
  `role` varchar(20) DEFAULT 'USER',
  `zip` varchar(255) DEFAULT NULL,
  `addr1` varchar(100) DEFAULT NULL,
  `addr2` varchar(100) DEFAULT NULL,
  `rgip` varchar(50) DEFAULT NULL,
  `sms` varchar(255) DEFAULT NULL,
  `leaveDate` datetime DEFAULT NULL,
  `regDate` datetime(6) DEFAULT NULL,
  `regip` varchar(255) DEFAULT NULL,
  PRIMARY KEY (`uid`),
  UNIQUE KEY `nick` (`nick`),
  UNIQUE KEY `email` (`email`),
  UNIQUE KEY `hp` (`hp`)
) ENGINE=InnoDB DEFAULT CHARSET=utf8mb4 COLLATE=utf8mb4_0900_ai_ci;

-- 테이블 데이터 jboard.user:~11 rows (대략적) 내보내기
DELETE FROM `user`;
INSERT INTO `user` (`uid`, `pass`, `name`, `nick`, `email`, `hp`, `role`, `zip`, `addr1`, `addr2`, `rgip`, `sms`, `leaveDate`, `regDate`, `regip`) VALUES
	('a101', '03ac674216f3e15c761ee1a5e255f067953623c8b388b4459e13f978d7c846f4', '강감찬', '감차니', 'aaa@aaaa', '010-1234-1111', 'USER', NULL, NULL, NULL, '0:0:0:0:0:0:0:1', NULL, NULL, NULL, NULL),
	('a102', '03ac674216f3e15c761ee1a5e255f067953623c8b388b4459e13f978d7c846f4', '홍길동', '길동이', 'bbb@bbbb', '010-1234-2221', 'USER', NULL, NULL, NULL, '0:0:0:0:0:0:0:1', NULL, NULL, NULL, NULL),
	('a103', '03ac674216f3e15c761ee1a5e255f067953623c8b388b4459e13f978d7c846f4', '김유신', '신신신', 'ccc@cccc', '010-1234-2222', 'USER', NULL, NULL, NULL, '0:0:0:0:0:0:0:1', NULL, NULL, NULL, NULL),
	('a104', '03ac674216f3e15c761ee1a5e255f067953623c8b388b4459e13f978d7c846f4', '김춘추', '추추추', 'ddd@dddd', '010-1234-3333', 'USER', NULL, NULL, NULL, '0:0:0:0:0:0:0:1', NULL, NULL, NULL, NULL),
	('a105', '03ac674216f3e15c761ee1a5e255f067953623c8b388b4459e13f978d7c846f4', '장보고', '보고보고', 'eee@eeee', '010-1234-5555', 'USER', NULL, NULL, NULL, '0:0:0:0:0:0:0:1', NULL, NULL, NULL, NULL),
	('a106', '03ac674216f3e15c761ee1a5e255f067953623c8b388b4459e13f978d7c846f4', '김땡땡', '땡땡이', 'fff@ffff', '010-1234-6666', 'USER', NULL, NULL, NULL, '0:0:0:0:0:0:0:1', 'Y', NULL, NULL, NULL),
	('a107', '03ac674216f3e15c761ee1a5e255f067953623c8b388b4459e13f978d7c846f4', '김랄랄', '날라리', 'ggg@gggg', '010-1234-7777', 'USER', NULL, NULL, NULL, '0:0:0:0:0:0:0:1', 'N', NULL, NULL, NULL),
	('abcd12345', '0909c9f9e4f841f6301d0526961b266242793c89a49b17e71ba42a22868ac14e', '김땡칠', '칠치리', 'ssss@ssa.sds', '010-1234-1134', 'USER', NULL, NULL, NULL, '0:0:0:0:0:0:0:1', 'N', NULL, NULL, NULL),
	('asdasd', '8d6f3245be847d75357a9e4e9db22c8096b8d4e8f2d02f1f76bf39da77cfb2d6', 'ase', 'asdasd', 'asdasd@asdad', '0101010101010', 'USER', NULL, NULL, NULL, '0:0:0:0:0:0:0:1', 'N', NULL, NULL, NULL),
	('ase124', '03ac674216f3e15c761ee1a5e255f067953623c8b388b4459e13f978d7c846f4', 'srsar', 'aaarw', 'wwww@wwwww', '010-1111-1234', 'USER', NULL, NULL, NULL, '0:0:0:0:0:0:0:1', 'Y', NULL, NULL, NULL),
	('k101', '$2a$10$VKdIl35Te3464cDYJz7ZoeA51lTtKTC/MO4BDmujqw9zJ6/xkq3j.', '테스트', '훈', 'te', '010-5678-2311', 'USER', '', NULL, NULL, '0:0:0:0:0:0:0:1', NULL, NULL, '2024-03-18 12:22:03.000000', NULL),
	('kc5353', '$2a$10$hc8pBuGBHuBb1YclWTR1.Oybk/CYezTDE5aZ2lFYbypjajJNBFA1C', '본인', '나다', 'ksgg1645@naver.com', '010-2899-3735', 'USER', '46221', NULL, '몰라', '0:0:0:0:0:0:0:1', NULL, NULL, '2024-03-19 13:39:53.000000', NULL);


-- market_db 데이터베이스 구조 내보내기
DROP DATABASE IF EXISTS `market_db`;
CREATE DATABASE IF NOT EXISTS `market_db` /*!40100 DEFAULT CHARACTER SET utf8mb4 COLLATE utf8mb4_0900_ai_ci */ /*!80016 DEFAULT ENCRYPTION='N' */;
USE `market_db`;

-- 테이블 market_db.buy 구조 내보내기
DROP TABLE IF EXISTS `buy`;
CREATE TABLE IF NOT EXISTS `buy` (
  `num` int NOT NULL AUTO_INCREMENT,
  `mem_id` char(8) NOT NULL,
  `prod_name` char(6) NOT NULL,
  `group_name` char(4) DEFAULT NULL,
  `price` int NOT NULL,
  `amount` smallint NOT NULL,
  PRIMARY KEY (`num`),
  KEY `mem_id` (`mem_id`),
  CONSTRAINT `buy_ibfk_1` FOREIGN KEY (`mem_id`) REFERENCES `member` (`mem_id`)
) ENGINE=InnoDB AUTO_INCREMENT=13 DEFAULT CHARSET=utf8mb4 COLLATE=utf8mb4_0900_ai_ci;

-- 테이블 데이터 market_db.buy:~12 rows (대략적) 내보내기
DELETE FROM `buy`;
INSERT INTO `buy` (`num`, `mem_id`, `prod_name`, `group_name`, `price`, `amount`) VALUES
	(1, 'BLK', '지갑', NULL, 30, 2),
	(2, 'BLK', '맥북프로', '디지털', 1000, 1),
	(3, 'APN', '아이폰', '디지털', 200, 1),
	(4, 'MMU', '아이폰', '디지털', 200, 5),
	(5, 'BLK', '청바지', '패션', 50, 3),
	(6, 'MMU', '에어팟', '디지털', 80, 10),
	(7, 'GRL', '혼공SQL', '서적', 15, 5),
	(8, 'APN', '혼공SQL', '서적', 15, 2),
	(9, 'APN', '청바지', '패션', 50, 1),
	(10, 'MMU', '지갑', NULL, 30, 1),
	(11, 'APN', '혼공SQL', '서적', 15, 1),
	(12, 'MMU', '지갑', NULL, 30, 4);

-- 테이블 market_db.city_popul 구조 내보내기
DROP TABLE IF EXISTS `city_popul`;
CREATE TABLE IF NOT EXISTS `city_popul` (
  `city_name` char(35) DEFAULT NULL,
  `population` int DEFAULT NULL
) ENGINE=InnoDB DEFAULT CHARSET=utf8mb4 COLLATE=utf8mb4_0900_ai_ci;

-- 테이블 데이터 market_db.city_popul:~7,966 rows (대략적) 내보내기
DELETE FROM `city_popul`;
INSERT INTO `city_popul` (`city_name`, `population`) VALUES
	('Kabul', 178),
	('Qandahar', 24),
	('Herat', 19),
	('Mazar-e-Sharif', 13),
	('Amsterdam', 73),
	('Rotterdam', 59),
	('Haag', 44),
	('Utrecht', 23),
	('Eindhoven', 20),
	('Tilburg', 19),
	('Groningen', 17),
	('Breda', 16),
	('Apeldoorn', 15),
	('Nijmegen', 15),
	('Enschede', 15),
	('Haarlem', 15),
	('Almere', 14),
	('Arnhem', 14),
	('Zaanstad', 14),
	('´s-Hertogenbosch', 13),
	('Amersfoort', 13),
	('Maastricht', 12),
	('Dordrecht', 12),
	('Leiden', 12),
	('Haarlemmermeer', 11),
	('Zoetermeer', 11),
	('Emmen', 11),
	('Zwolle', 11),
	('Ede', 10),
	('Delft', 10),
	('Heerlen', 10),
	('Alkmaar', 9),
	('Willemstad', 0),
	('Tirana', 27),
	('Alger', 217),
	('Oran', 61),
	('Constantine', 44),
	('Annaba', 22),
	('Batna', 18),
	('Sétif', 18),
	('Sidi Bel Abbès', 15),
	('Skikda', 13),
	('Biskra', 13),
	('Blida (el-Boulaida)', 13),
	('Béjaïa', 12),
	('Mostaganem', 12),
	('Tébessa', 11),
	('Tlemcen (Tilimsen)', 11),
	('Béchar', 11),
	('Tiaret', 10),
	('Ech-Chleff (el-Asnam)', 10),
	('Ghardaïa', 9),
	('Tafuna', 1),
	('Fagatogo', 0),
	('Andorra la Vella', 2),
	('Luanda', 202),
	('Huambo', 16),
	('Lobito', 13),
	('Benguela', 13),
	('Namibe', 12),
	('South Hill', 0),
	('The Valley', 0),
	('Saint John´s', 2),
	('Dubai', 67),
	('Abu Dhabi', 40),
	('Sharja', 32),
	('al-Ayn', 23),
	('Ajman', 11),
	('Buenos Aires', 298),
	('La Matanza', 127),
	('Córdoba', 116),
	('Rosario', 91),
	('Lomas de Zamora', 62),
	('Quilmes', 56),
	('Almirante Brown', 54),
	('La Plata', 52),
	('Mar del Plata', 51),
	('San Miguel de Tucumán', 47),
	('Lanús', 47),
	('Merlo', 46),
	('General San Martín', 42),
	('Salta', 37),
	('Moreno', 36),
	('Santa Fé', 35),
	('Avellaneda', 35),
	('Tres de Febrero', 35),
	('Morón', 35),
	('Florencio Varela', 32),
	('San Isidro', 31),
	('Tigre', 30),
	('Malvinas Argentinas', 29),
	('Vicente López', 29),
	('Berazategui', 28),
	('Corrientes', 26),
	('San Miguel', 25),
	('Bahía Blanca', 24),
	('Esteban Echeverría', 24),
	('Resistencia', 23),
	('José C. Paz', 22),
	('Paraná', 21),
	('Godoy Cruz', 21),
	('Posadas', 20),
	('Guaymallén', 20),
	('Santiago del Estero', 19),
	('San Salvador de Jujuy', 18),
	('Hurlingham', 17),
	('Neuquén', 17),
	('Ituzaingó', 16),
	('San Fernando', 15),
	('Formosa', 15),
	('Las Heras', 15),
	('La Rioja', 14),
	('San Fernando del Valle de Cata', 13),
	('Río Cuarto', 13),
	('Comodoro Rivadavia', 12),
	('Mendoza', 12),
	('San Nicolás de los Arroyos', 12),
	('San Juan', 12),
	('Escobar', 12),
	('Concordia', 12),
	('Pilar', 11),
	('San Luis', 11),
	('Ezeiza', 10),
	('San Rafael', 9),
	('Tandil', 9),
	('Yerevan', 125),
	('Gjumri', 21),
	('Vanadzor', 17),
	('Oranjestad', 3),
	('Sydney', 328),
	('Melbourne', 287),
	('Brisbane', 129),
	('Perth', 110),
	('Adelaide', 98),
	('Canberra', 32),
	('Gold Coast', 31),
	('Central Coast', 23),
	('Wollongong', 22),
	('Hobart', 13),
	('Geelong', 13),
	('Townsville', 11),
	('Cairns', 9),
	('Baku', 179),
	('Gäncä', 30),
	('Sumqayit', 28),
	('Mingäçevir', 9),
	('Nassau', 17),
	('al-Manama', 15),
	('Dhaka', 361),
	('Chittagong', 139),
	('Khulna', 66),
	('Rajshahi', 29),
	('Narayanganj', 20),
	('Rangpur', 19),
	('Mymensingh', 19),
	('Barisal', 17),
	('Tungi', 17),
	('Jessore', 14),
	('Comilla', 14),
	('Nawabganj', 13),
	('Dinajpur', 13),
	('Bogra', 12),
	('Sylhet', 12),
	('Brahmanbaria', 11),
	('Tangail', 11),
	('Jamalpur', 10),
	('Pabna', 10),
	('Naogaon', 10),
	('Sirajganj', 10),
	('Narsinghdi', 10),
	('Saidpur', 10),
	('Gazipur', 10),
	('Bridgetown', 1),
	('Antwerpen', 45),
	('Gent', 22),
	('Charleroi', 20),
	('Liège', 19),
	('Bruxelles [Brussel]', 13),
	('Brugge', 12),
	('Schaerbeek', 11),
	('Namur', 11),
	('Mons', 9),
	('Belize City', 6),
	('Belmopan', 1),
	('Cotonou', 54),
	('Porto-Novo', 19),
	('Djougou', 13),
	('Parakou', 10),
	('Saint George', 0),
	('Hamilton', 0),
	('Thimphu', 2),
	('Santa Cruz de la Sierra', 94),
	('La Paz', 76),
	('El Alto', 53),
	('Cochabamba', 48),
	('Oruro', 22),
	('Sucre', 18),
	('Potosí', 14),
	('Tarija', 13),
	('Sarajevo', 36),
	('Banja Luka', 14),
	('Zenica', 10),
	('Gaborone', 21),
	('Francistown', 10),
	('São Paulo', 997),
	('Rio de Janeiro', 560),
	('Salvador', 230),
	('Belo Horizonte', 214),
	('Fortaleza', 210),
	('Brasília', 197),
	('Curitiba', 158),
	('Recife', 138),
	('Porto Alegre', 131),
	('Manaus', 126),
	('Belém', 119),
	('Guarulhos', 110),
	('Goiânia', 106),
	('Campinas', 95),
	('São Gonçalo', 87),
	('Nova Iguaçu', 86),
	('São Luís', 84),
	('Maceió', 79),
	('Duque de Caxias', 75),
	('São Bernardo do Campo', 72),
	('Teresina', 69),
	('Natal', 69),
	('Osasco', 66),
	('Campo Grande', 65),
	('Santo André', 63),
	('João Pessoa', 58),
	('Jaboatão dos Guararapes', 56),
	('Contagem', 52),
	('São José dos Campos', 52),
	('Uberlândia', 49),
	('Feira de Santana', 48),
	('Ribeirão Preto', 47),
	('Sorocaba', 47),
	('Niterói', 46),
	('Cuiabá', 45),
	('Juiz de Fora', 45),
	('Aracaju', 45),
	('São João de Meriti', 44),
	('Londrina', 43),
	('Joinville', 43),
	('Belford Roxo', 43),
	('Santos', 41),
	('Ananindeua', 40),
	('Campos dos Goytacazes', 40),
	('Mauá', 38),
	('Carapicuíba', 36),
	('Olinda', 35),
	('Campina Grande', 35),
	('São José do Rio Preto', 35),
	('Caxias do Sul', 35),
	('Moji das Cruzes', 34),
	('Diadema', 34),
	('Aparecida de Goiânia', 32),
	('Piracicaba', 32),
	('Cariacica', 32),
	('Vila Velha', 32),
	('Pelotas', 32),
	('Bauru', 31),
	('Porto Velho', 31),
	('Serra', 30),
	('Betim', 30),
	('Jundíaí', 30),
	('Canoas', 29),
	('Franca', 29),
	('São Vicente', 29),
	('Maringá', 29),
	('Montes Claros', 29),
	('Anápolis', 28),
	('Florianópolis', 28),
	('Petrópolis', 28),
	('Itaquaquecetuba', 27),
	('Vitória', 27),
	('Ponta Grossa', 27),
	('Rio Branco', 26),
	('Foz do Iguaçu', 26),
	('Macapá', 26),
	('Ilhéus', 25),
	('Vitória da Conquista', 25),
	('Uberaba', 25),
	('Paulista', 25),
	('Limeira', 25),
	('Blumenau', 24),
	('Caruaru', 24),
	('Santarém', 24),
	('Volta Redonda', 24),
	('Novo Hamburgo', 24),
	('Caucaia', 24),
	('Santa Maria', 24),
	('Cascavel', 24),
	('Guarujá', 24),
	('Ribeirão das Neves', 23),
	('Governador Valadares', 23),
	('Taubaté', 23),
	('Imperatriz', 22),
	('Gravataí', 22),
	('Embu', 22),
	('Mossoró', 21),
	('Várzea Grande', 21),
	('Petrolina', 21),
	('Barueri', 21),
	('Viamão', 21),
	('Ipatinga', 21),
	('Juazeiro', 20),
	('Juazeiro do Norte', 20),
	('Taboão da Serra', 20),
	('São José dos Pinhais', 20),
	('Magé', 20),
	('Suzano', 20),
	('São Leopoldo', 19),
	('Marília', 19),
	('São Carlos', 19),
	('Sumaré', 19),
	('Presidente Prudente', 19),
	('Divinópolis', 19),
	('Sete Lagoas', 18),
	('Rio Grande', 18),
	('Itabuna', 18),
	('Jequié', 18),
	('Arapiraca', 18),
	('Colombo', 18),
	('Americana', 18),
	('Alvorada', 18),
	('Araraquara', 17),
	('Itaboraí', 17),
	('Santa Bárbara d´Oeste', 17),
	('Nova Friburgo', 17),
	('Jacareí', 17),
	('Araçatuba', 17),
	('Barra Mansa', 17),
	('Praia Grande', 17),
	('Marabá', 17),
	('Criciúma', 17),
	('Boa Vista', 17),
	('Passo Fundo', 17),
	('Dourados', 16),
	('Santa Luzia', 16),
	('Rio Claro', 16),
	('Maracanaú', 16),
	('Guarapuava', 16),
	('Rondonópolis', 16),
	('São José', 16),
	('Cachoeiro de Itapemirim', 16),
	('Nilópolis', 15),
	('Itapevi', 15),
	('Cabo de Santo Agostinho', 15),
	('Camaçari', 15),
	('Sobral', 15),
	('Itajaí', 15),
	('Chapecó', 14),
	('Cotia', 14),
	('Lages', 14),
	('Ferraz de Vasconcelos', 14),
	('Indaiatuba', 14),
	('Hortolândia', 14),
	('Caxias', 13),
	('São Caetano do Sul', 13),
	('Itu', 13),
	('Nossa Senhora do Socorro', 13),
	('Parnaíba', 13),
	('Poços de Caldas', 13),
	('Teresópolis', 13),
	('Barreiras', 13),
	('Castanhal', 13),
	('Alagoinhas', 13),
	('Itapecerica da Serra', 13),
	('Uruguaiana', 13),
	('Paranaguá', 13),
	('Ibirité', 13),
	('Timon', 13),
	('Luziânia', 13),
	('Macaé', 13),
	('Teófilo Otoni', 12),
	('Moji-Guaçu', 12),
	('Palmas', 12),
	('Pindamonhangaba', 12),
	('Francisco Morato', 12),
	('Bagé', 12),
	('Sapucaia do Sul', 12),
	('Cabo Frio', 12),
	('Itapetininga', 12),
	('Patos de Minas', 12),
	('Camaragibe', 12),
	('Bragança Paulista', 12),
	('Queimados', 12),
	('Araguaína', 11),
	('Garanhuns', 11),
	('Vitória de Santo Antão', 11),
	('Santa Rita', 11),
	('Barbacena', 11),
	('Abaetetuba', 11),
	('Jaú', 11),
	('Lauro de Freitas', 11),
	('Franco da Rocha', 11),
	('Teixeira de Freitas', 11),
	('Varginha', 11),
	('Ribeirão Pires', 11),
	('Sabará', 11),
	('Catanduva', 11),
	('Rio Verde', 11),
	('Botucatu', 11),
	('Colatina', 11),
	('Santa Cruz do Sul', 11),
	('Linhares', 11),
	('Apucarana', 11),
	('Barretos', 10),
	('Guaratinguetá', 10),
	('Cachoeirinha', 10),
	('Codó', 10),
	('Jaraguá do Sul', 10),
	('Cubatão', 10),
	('Itabira', 10),
	('Itaituba', 10),
	('Araras', 10),
	('Resende', 10),
	('Atibaia', 10),
	('Pouso Alegre', 10),
	('Toledo', 10),
	('Crato', 10),
	('Passos', 10),
	('Araguari', 10),
	('São José de Ribamar', 10),
	('Pinhais', 10),
	('Sertãozinho', 10),
	('Conselheiro Lafaiete', 10),
	('Paulo Afonso', 10),
	('Angra dos Reis', 10),
	('Eunápolis', 10),
	('Salto', 10),
	('Ourinhos', 10),
	('Parnamirim', 10),
	('Jacobina', 10),
	('Coronel Fabriciano', 10),
	('Birigui', 9),
	('Tatuí', 9),
	('Ji-Paraná', 9),
	('Bacabal', 9),
	('Cametá', 9),
	('Guaíba', 9),
	('São Lourenço da Mata', 9),
	('Santana do Livramento', 9),
	('Votorantim', 9),
	('Campo Largo', 9),
	('Patos', 9),
	('Ituiutaba', 9),
	('Corumbá', 9),
	('Palhoça', 9),
	('Barra do Piraí', 9),
	('Bento Gonçalves', 9),
	('Poá', 9),
	('Águas Lindas de Goiás', 9),
	('London', 729),
	('Birmingham', 101),
	('Glasgow', 62),
	('Liverpool', 46),
	('Edinburgh', 45),
	('Sheffield', 43),
	('Manchester', 43),
	('Leeds', 42),
	('Bristol', 40),
	('Cardiff', 32),
	('Coventry', 30),
	('Leicester', 29),
	('Bradford', 29),
	('Belfast', 29),
	('Nottingham', 29),
	('Kingston upon Hull', 26),
	('Plymouth', 25),
	('Stoke-on-Trent', 25),
	('Wolverhampton', 24),
	('Derby', 24),
	('Swansea', 23),
	('Southampton', 22),
	('Aberdeen', 21),
	('Northampton', 20),
	('Dudley', 19),
	('Portsmouth', 19),
	('Sunderland', 18),
	('Luton', 18),
	('Swindon', 18),
	('Southend-on-Sea', 18),
	('Walsall', 17),
	('Bournemouth', 16),
	('Peterborough', 16),
	('Brighton', 16),
	('Blackpool', 15),
	('Dundee', 15),
	('West Bromwich', 15),
	('Reading', 15),
	('Oldbury/Smethwick (Warley)', 15),
	('Middlesbrough', 15),
	('Huddersfield', 14),
	('Oxford', 14),
	('Poole', 14),
	('Bolton', 14),
	('Blackburn', 14),
	('Preston', 14),
	('Stockport', 13),
	('Norwich', 12),
	('Rotherham', 12),
	('Cambridge', 12),
	('Watford', 11),
	('Ipswich', 11),
	('Slough', 11),
	('Exeter', 11),
	('Cheltenham', 11),
	('Gloucester', 11),
	('Saint Helens', 11),
	('Sutton Coldfield', 11),
	('York', 10),
	('Oldham', 10),
	('Basildon', 10),
	('Worthing', 10),
	('Chelmsford', 10),
	('Colchester', 10),
	('Crawley', 10),
	('Gillingham', 9),
	('Solihull', 9),
	('Rochdale', 9),
	('Birkenhead', 9),
	('Worcester', 10),
	('Hartlepool', 9),
	('Halifax', 9),
	('Woking/Byfleet', 9),
	('Southport', 9),
	('Maidstone', 9),
	('Eastbourne', 9),
	('Grimsby', 9),
	('Saint Helier', 3),
	('Douglas', 2),
	('Road Town', 1),
	('Bandar Seri Begawan', 2),
	('Sofija', 112),
	('Plovdiv', 34),
	('Varna', 30),
	('Burgas', 20),
	('Ruse', 17),
	('Stara Zagora', 15),
	('Pleven', 12),
	('Sliven', 11),
	('Dobric', 10),
	('Šumen', 9),
	('Ouagadougou', 82),
	('Bobo-Dioulasso', 30),
	('Koudougou', 11),
	('Bujumbura', 30),
	('George Town', 2),
	('Santiago de Chile', 470),
	('Puente Alto', 39),
	('Viña del Mar', 31),
	('Valparaíso', 29),
	('Talcahuano', 28),
	('Antofagasta', 25),
	('San Bernardo', 24),
	('Temuco', 23),
	('Concepción', 22),
	('Rancagua', 21),
	('Arica', 19),
	('Talca', 19),
	('Chillán', 18),
	('Iquique', 18),
	('Los Angeles', 16),
	('Puerto Montt', 15),
	('Coquimbo', 14),
	('Osorno', 14),
	('La Serena', 14),
	('Calama', 14),
	('Valdivia', 13),
	('Punta Arenas', 13),
	('Copiapó', 12),
	('Quilpué', 12),
	('Curicó', 12),
	('Ovalle', 9),
	('Coronel', 9),
	('San Pedro de la Paz', 9),
	('Melipilla', 9),
	('Avarua', 1),
	('San José', 34),
	('Djibouti', 38),
	('Roseau', 2),
	('Santo Domingo de Guzmán', 161),
	('Santiago de los Caballeros', 37),
	('La Romana', 14),
	('San Pedro de Macorís', 12),
	('San Francisco de Macorís', 11),
	('San Felipe de Puerto Plata', 9),
	('Guayaquil', 207),
	('Quito', 157),
	('Cuenca', 27),
	('Machala', 21),
	('Santo Domingo de los Colorados', 20),
	('Portoviejo', 18),
	('Ambato', 17),
	('Manta', 16),
	('Duran [Eloy Alfaro]', 15),
	('Ibarra', 13),
	('Quevedo', 13),
	('Milagro', 12),
	('Loja', 12),
	('Ríobamba', 12),
	('Esmeraldas', 12),
	('Cairo', 679),
	('Alexandria', 333),
	('Giza', 222),
	('Shubra al-Khayma', 87),
	('Port Said', 47),
	('Suez', 42),
	('al-Mahallat al-Kubra', 40),
	('Tanta', 37),
	('al-Mansura', 37),
	('Luxor', 36),
	('Asyut', 34),
	('Bahtim', 28),
	('Zagazig', 27),
	('al-Faiyum', 26),
	('Ismailia', 25),
	('Kafr al-Dawwar', 23),
	('Assuan', 22),
	('Damanhur', 21),
	('al-Minya', 20),
	('Bani Suwayf', 17),
	('Qina', 17),
	('Sawhaj', 17),
	('Shibin al-Kawm', 16),
	('Bulaq al-Dakrur', 15),
	('Banha', 15),
	('Warraq al-Arab', 13),
	('Kafr al-Shaykh', 12),
	('Mallawi', 12),
	('Bilbays', 11),
	('Mit Ghamr', 10),
	('al-Arish', 10),
	('Talkha', 10),
	('Qalyub', 10),
	('Jirja', 10),
	('Idfu', 9),
	('al-Hawamidiya', 9),
	('Disuq', 9),
	('San Salvador', 42),
	('Santa Ana', 14),
	('Mejicanos', 14),
	('Soyapango', 13),
	('San Miguel', 13),
	('Nueva San Salvador', 10),
	('Apopa', 9),
	('Asmara', 43),
	('Madrid', 288),
	('Barcelona', 150),
	('Valencia', 74),
	('Sevilla', 70),
	('Zaragoza', 60),
	('Málaga', 53),
	('Bilbao', 36),
	('Las Palmas de Gran Canaria', 35),
	('Murcia', 35),
	('Palma de Mallorca', 33),
	('Valladolid', 32),
	('Córdoba', 31),
	('Vigo', 28),
	('Alicante [Alacant]', 27),
	('Gijón', 27),
	('L´Hospitalet de Llobregat', 25),
	('Granada', 24),
	('A Coruña (La Coruña)', 24),
	('Vitoria-Gasteiz', 22),
	('Santa Cruz de Tenerife', 21),
	('Badalona', 21),
	('Oviedo', 20),
	('Móstoles', 20),
	('Elche [Elx]', 19),
	('Sabadell', 18),
	('Santander', 18),
	('Jerez de la Frontera', 18),
	('Pamplona [Iruña]', 18),
	('Donostia-San Sebastián', 18),
	('Cartagena', 18),
	('Leganés', 17),
	('Fuenlabrada', 17),
	('Almería', 17),
	('Terrassa', 17),
	('Alcalá de Henares', 16),
	('Burgos', 16),
	('Salamanca', 16),
	('Albacete', 15),
	('Getafe', 15),
	('Cádiz', 14),
	('Alcorcón', 14),
	('Huelva', 14),
	('León', 14),
	('Castellón de la Plana [Castell', 14),
	('Badajoz', 14),
	('[San Cristóbal de] la Laguna', 13),
	('Logroño', 13),
	('Santa Coloma de Gramenet', 12),
	('Tarragona', 11),
	('Lleida (Lérida)', 11),
	('Jaén', 11),
	('Ourense (Orense)', 11),
	('Mataró', 10),
	('Algeciras', 10),
	('Marbella', 10),
	('Barakaldo', 10),
	('Dos Hermanas', 9),
	('Santiago de Compostela', 9),
	('Torrejón de Ardoz', 9),
	('Cape Town', 235),
	('Soweto', 90),
	('Johannesburg', 76),
	('Port Elizabeth', 75),
	('Pretoria', 66),
	('Inanda', 63),
	('Durban', 57),
	('Vanderbijlpark', 47),
	('Kempton Park', 44),
	('Alberton', 41),
	('Pinetown', 38),
	('Pietermaritzburg', 37),
	('Benoni', 37),
	('Randburg', 34),
	('Umlazi', 34),
	('Bloemfontein', 33),
	('Vereeniging', 33),
	('Wonderboom', 28),
	('Roodepoort', 28),
	('Boksburg', 26),
	('Klerksdorp', 26),
	('Soshanguve', 24),
	('East London', 22),
	('Welkom', 20),
	('Kimberley', 20),
	('Uitenhage', 19),
	('Chatsworth', 19),
	('Mdantsane', 18),
	('Krugersdorp', 18),
	('Botshabelo', 18),
	('Brakpan', 17),
	('Witbank', 17),
	('Oberholzer', 16),
	('Germiston', 16),
	('Springs', 16),
	('Westonaria', 16),
	('Randfontein', 12),
	('Paarl', 11),
	('Potchefstroom', 10),
	('Rustenburg', 10),
	('Nigel', 10),
	('George', 9),
	('Ladysmith', 9),
	('Addis Abeba', 250),
	('Dire Dawa', 16),
	('Nazret', 13),
	('Gonder', 11),
	('Dese', 10),
	('Mekele', 10),
	('Bahir Dar', 10),
	('Stanley', 0),
	('Suva', 8),
	('Quezon', 217),
	('Manila', 158),
	('Kalookan', 118),
	('Davao', 115),
	('Cebu', 72),
	('Zamboanga', 60),
	('Pasig', 51),
	('Valenzuela', 49),
	('Las Piñas', 47),
	('Antipolo', 47),
	('Taguig', 47),
	('Cagayan de Oro', 46),
	('Parañaque', 45),
	('Makati', 44),
	('Bacolod', 43),
	('General Santos', 41),
	('Marikina', 39),
	('Dasmariñas', 38),
	('Muntinlupa', 38),
	('Iloilo', 37),
	('Pasay', 35),
	('Malabon', 34),
	('San José del Monte', 32),
	('Bacoor', 31),
	('Iligan', 29),
	('Calamba', 28),
	('Mandaluyong', 28),
	('Butuan', 27),
	('Angeles', 26),
	('Tarlac', 26),
	('Mandaue', 26),
	('Baguio', 25),
	('Batangas', 25),
	('Cainta', 24),
	('San Pedro', 23),
	('Navotas', 23),
	('Cabanatuan', 22),
	('San Fernando', 22),
	('Lipa', 22),
	('Lapu-Lapu', 22),
	('San Pablo', 21),
	('Biñan', 20),
	('Taytay', 20),
	('Lucena', 20),
	('Imus', 20),
	('Olongapo', 19),
	('Binangonan', 19),
	('Santa Rosa', 19),
	('Tagum', 18),
	('Tacloban', 18),
	('Malolos', 18),
	('Mabalacat', 17),
	('Cotabato', 16),
	('Meycauayan', 16),
	('Puerto Princesa', 16),
	('Legazpi', 16),
	('Silang', 16),
	('Ormoc', 15),
	('San Carlos', 15),
	('Kabankalan', 15),
	('Talisay', 15),
	('Valencia', 15),
	('Calbayog', 15),
	('Santa Maria', 14),
	('Pagadian', 14),
	('Cadiz', 14),
	('Bago', 14),
	('Toledo', 14),
	('Naga', 14),
	('San Mateo', 14),
	('Panabo', 13),
	('Koronadal', 13),
	('Marawi', 13),
	('Dagupan', 13),
	('Sagay', 13),
	('Roxas', 13),
	('Lubao', 13),
	('Digos', 13),
	('San Miguel', 12),
	('Malaybalay', 12),
	('Tuguegarao', 12),
	('Ilagan', 12),
	('Baliuag', 12),
	('Surigao', 12),
	('San Carlos', 12),
	('San Juan del Monte', 12),
	('Tanauan', 12),
	('Concepcion', 12),
	('Rodriguez (Montalban)', 12),
	('Sariaya', 11),
	('Malasiqui', 11),
	('General Mariano Alvarez', 11),
	('Urdaneta', 11),
	('Hagonoy', 11),
	('San Jose', 11),
	('Polomolok', 11),
	('Santiago', 11),
	('Tanza', 11),
	('Ozamis', 11),
	('Mexico', 11),
	('San Jose', 11),
	('Silay', 11),
	('General Trias', 11),
	('Tabaco', 11),
	('Cabuyao', 11),
	('Calapan', 11),
	('Mati', 11),
	('Midsayap', 11),
	('Cauayan', 10),
	('Gingoog', 10),
	('Dumaguete', 10),
	('San Fernando', 10),
	('Arayat', 10),
	('Bayawan (Tulong)', 10),
	('Kidapawan', 10),
	('Daraga (Locsin)', 10),
	('Marilao', 10),
	('Malita', 10),
	('Dipolog', 10),
	('Cavite', 10),
	('Danao', 10),
	('Bislig', 10),
	('Talavera', 10),
	('Guagua', 10),
	('Bayambang', 10),
	('Nasugbu', 10),
	('Baybay', 10),
	('Capas', 10),
	('Sultan Kudarat', 9),
	('Laoag', 9),
	('Bayugan', 9),
	('Malungon', 9),
	('Santa Cruz', 9),
	('Sorsogon', 9),
	('Candelaria', 9),
	('Ligao', 9),
	('Tórshavn', 1),
	('Libreville', 42),
	('Serekunda', 10),
	('Banjul', 4),
	('Tbilisi', 124),
	('Kutaisi', 24),
	('Rustavi', 16),
	('Batumi', 14),
	('Sohumi', 11),
	('Accra', 107),
	('Kumasi', 39),
	('Tamale', 15),
	('Tema', 11),
	('Sekondi-Takoradi', 10),
	('Gibraltar', 3),
	('Saint George´s', 0),
	('Nuuk', 1),
	('Les Abymes', 6),
	('Basse-Terre', 1),
	('Tamuning', 1),
	('Agaña', 0),
	('Ciudad de Guatemala', 82),
	('Mixco', 21),
	('Villa Nueva', 10),
	('Quetzaltenango', 9),
	('Conakry', 109),
	('Bissau', 24),
	('Georgetown', 25),
	('Port-au-Prince', 88),
	('Carrefour', 29),
	('Delmas', 24),
	('Le-Cap-Haïtien', 10),
	('Tegucigalpa', 81),
	('San Pedro Sula', 38),
	('La Ceiba', 9),
	('Kowloon and New Kowloon', 199),
	('Victoria', 131),
	('Longyearbyen', 0),
	('Jakarta', 960),
	('Surabaya', 266),
	('Bandung', 243),
	('Medan', 184),
	('Palembang', 122),
	('Tangerang', 120),
	('Semarang', 110),
	('Ujung Pandang', 106),
	('Malang', 72),
	('Bandar Lampung', 68),
	('Bekasi', 64),
	('Padang', 53),
	('Surakarta', 52),
	('Banjarmasin', 48),
	('Pekan Baru', 44),
	('Denpasar', 44),
	('Yogyakarta', 42),
	('Pontianak', 41),
	('Samarinda', 40),
	('Jambi', 39),
	('Depok', 37),
	('Cimahi', 34),
	('Balikpapan', 34),
	('Manado', 33),
	('Mataram', 31),
	('Pekalongan', 30),
	('Tegal', 29),
	('Bogor', 29),
	('Ciputat', 27),
	('Pondokgede', 26),
	('Cirebon', 25),
	('Kediri', 25),
	('Ambon', 25),
	('Jember', 22),
	('Cilacap', 21),
	('Cimanggis', 21),
	('Pematang Siantar', 20),
	('Purwokerto', 20),
	('Ciomas', 19),
	('Tasikmalaya', 18),
	('Madiun', 17),
	('Bengkulu', 15),
	('Karawang', 15),
	('Banda Aceh', 14),
	('Palu', 14),
	('Pasuruan', 13),
	('Kupang', 13),
	('Tebing Tinggi', 13),
	('Percut Sei Tuan', 13),
	('Binjai', 13),
	('Sukabumi', 13),
	('Waru', 12),
	('Pangkal Pinang', 12),
	('Magelang', 12),
	('Blitar', 12),
	('Serang', 12),
	('Probolinggo', 12),
	('Cilegon', 12),
	('Cianjur', 11),
	('Ciparay', 11),
	('Lhokseumawe', 11),
	('Taman', 11),
	('Depok', 11),
	('Citeureup', 11),
	('Pemalang', 10),
	('Klaten', 10),
	('Salatiga', 10),
	('Cibinong', 10),
	('Palangka Raya', 10),
	('Mojokerto', 10),
	('Purwakarta', 10),
	('Garut', 10),
	('Kudus', 10),
	('Kendari', 9),
	('Jaya Pura', 9),
	('Gorontalo', 9),
	('Majalaya', 9),
	('Pondok Aren', 9),
	('Jombang', 9),
	('Sunggal', 9),
	('Batam', 9),
	('Padang Sidempuan', 9),
	('Sawangan', 9),
	('Banyuwangi', 9),
	('Tanjung Pinang', 9),
	('Mumbai (Bombay)', 1050),
	('Delhi', 721),
	('Calcutta [Kolkata]', 440),
	('Chennai (Madras)', 384),
	('Hyderabad', 296),
	('Ahmedabad', 288),
	('Bangalore', 266),
	('Kanpur', 187),
	('Nagpur', 162),
	('Lucknow', 162),
	('Pune', 157),
	('Surat', 150),
	('Jaipur', 146),
	('Indore', 109),
	('Bhopal', 106),
	('Ludhiana', 104),
	('Vadodara (Baroda)', 103),
	('Kalyan', 101),
	('Madurai', 98),
	('Haora (Howrah)', 95),
	('Varanasi (Benares)', 93),
	('Patna', 92),
	('Srinagar', 89),
	('Agra', 89),
	('Coimbatore', 82),
	('Thane (Thana)', 80),
	('Allahabad', 79),
	('Meerut', 75),
	('Vishakhapatnam', 75),
	('Jabalpur', 74),
	('Amritsar', 71),
	('Faridabad', 70),
	('Vijayawada', 70),
	('Gwalior', 69),
	('Jodhpur', 67),
	('Nashik (Nasik)', 66),
	('Hubli-Dharwad', 65),
	('Solapur (Sholapur)', 60),
	('Ranchi', 60),
	('Bareilly', 59),
	('Guwahati (Gauhati)', 58),
	('Shambajinagar (Aurangabad)', 57),
	('Cochin (Kochi)', 56),
	('Rajkot', 56),
	('Kota', 54),
	('Thiruvananthapuram (Trivandrum', 52),
	('Pimpri-Chinchwad', 52),
	('Jalandhar (Jullundur)', 51),
	('Gorakhpur', 51),
	('Chandigarh', 50),
	('Mysore', 48),
	('Aligarh', 48),
	('Guntur', 47),
	('Jamshedpur', 46),
	('Ghaziabad', 45),
	('Warangal', 45),
	('Raipur', 44),
	('Moradabad', 43),
	('Durgapur', 43),
	('Amravati', 42),
	('Calicut (Kozhikode)', 42),
	('Bikaner', 42),
	('Bhubaneswar', 41),
	('Kolhapur', 41),
	('Kataka (Cuttack)', 40),
	('Ajmer', 40),
	('Bhavnagar', 40),
	('Tiruchirapalli', 39),
	('Bhilai', 39),
	('Bhiwandi', 38),
	('Saharanpur', 37),
	('Ulhasnagar', 37),
	('Salem', 37),
	('Ujjain', 36),
	('Malegaon', 34),
	('Jamnagar', 34),
	('Bokaro Steel City', 33),
	('Akola', 33),
	('Belgaum', 33),
	('Rajahmundry', 32),
	('Nellore', 32),
	('Udaipur', 31),
	('Bhatpara', 30),
	('Gulbarga', 30),
	('Jhansi', 30),
	('Gaya', 29),
	('Kakinada', 28),
	('Dhule (Dhulia)', 28),
	('Panihati', 28),
	('Nanded (Nander)', 28),
	('Mangalore', 27),
	('Dehra Dun', 27),
	('Kamarhati', 27),
	('Davangere', 27),
	('Asansol', 26),
	('Bhagalpur', 25),
	('Bellary', 25),
	('Barddhaman (Burdwan)', 25),
	('Rampur', 24),
	('Jalgaon', 24),
	('Muzaffarpur', 24),
	('Nizamabad', 24),
	('Muzaffarnagar', 24),
	('Patiala', 24),
	('Shahjahanpur', 24),
	('Kurnool', 24),
	('Tiruppur (Tirupper)', 24),
	('Rohtak', 23),
	('South Dum Dum', 23),
	('Mathura', 23),
	('Chandrapur', 23),
	('Barahanagar (Baranagar)', 22),
	('Darbhanga', 22),
	('Siliguri (Shiliguri)', 22),
	('Raurkela', 22),
	('Ambattur', 22),
	('Panipat', 22),
	('Firozabad', 22),
	('Ichalkaranji', 21),
	('Jammu', 21),
	('Ramagundam', 21),
	('Eluru', 21),
	('Brahmapur', 21),
	('Alwar', 21),
	('Pondicherry', 20),
	('Thanjavur', 20),
	('Bihar Sharif', 20),
	('Tuticorin', 20),
	('Imphal', 20),
	('Latur', 20),
	('Sagar', 20),
	('Farrukhabad-cum-Fatehgarh', 19),
	('Sangli', 19),
	('Parbhani', 19),
	('Nagar Coil', 19),
	('Bijapur', 19),
	('Kukatpalle', 19),
	('Bally', 18),
	('Bhilwara', 18),
	('Ratlam', 18),
	('Avadi', 18),
	('Dindigul', 18),
	('Ahmadnagar', 18),
	('Bilaspur', 18),
	('Shimoga', 18),
	('Kharagpur', 18),
	('Mira Bhayandar', 18),
	('Vellore', 18),
	('Jalna', 17),
	('Burnpur', 17),
	('Anantapur', 17),
	('Allappuzha (Alleppey)', 17),
	('Tirupati', 17),
	('Karnal', 17),
	('Burhanpur', 17),
	('Hisar (Hissar)', 17),
	('Tiruvottiyur', 17),
	('Mirzapur-cum-Vindhyachal', 17),
	('Secunderabad', 17),
	('Nadiad', 17),
	('Dewas', 16),
	('Murwara (Katni)', 16),
	('Ganganagar', 16),
	('Vizianagaram', 16),
	('Erode', 16),
	('Machilipatnam (Masulipatam)', 16),
	('Bhatinda (Bathinda)', 16),
	('Raichur', 16),
	('Agartala', 16),
	('Arrah (Ara)', 16),
	('Satna', 16),
	('Lalbahadur Nagar', 16),
	('Aizawl', 16),
	('Uluberia', 16),
	('Katihar', 15),
	('Cuddalore', 15),
	('Hugli-Chinsurah', 15),
	('Dhanbad', 15),
	('Raiganj', 15),
	('Sambhal', 15),
	('Durg', 15),
	('Munger (Monghyr)', 15),
	('Kanchipuram', 15),
	('North Dum Dum', 15),
	('Karimnagar', 15),
	('Bharatpur', 15),
	('Sikar', 15),
	('Hardwar (Haridwar)', 15),
	('Dabgram', 15),
	('Morena', 15),
	('Noida', 15),
	('Hapur', 15),
	('Bhusawal', 15),
	('Khandwa', 15),
	('Yamuna Nagar', 14),
	('Sonipat (Sonepat)', 14),
	('Tenali', 14),
	('Raurkela Civil Township', 14),
	('Kollam (Quilon)', 14),
	('Kumbakonam', 14),
	('Ingraj Bazar (English Bazar)', 14),
	('Timkur', 14),
	('Amroha', 14),
	('Serampore', 14),
	('Chapra', 14),
	('Pali', 14),
	('Maunath Bhanjan', 14),
	('Adoni', 14),
	('Jaunpur', 14),
	('Tirunelveli', 14),
	('Bahraich', 14),
	('Gadag Betigeri', 13),
	('Proddatur', 13),
	('Chittoor', 13),
	('Barrackpur', 13),
	('Bharuch (Broach)', 13),
	('Naihati', 13),
	('Shillong', 13),
	('Sambalpur', 13),
	('Junagadh', 13),
	('Rae Bareli', 13),
	('Rewa', 13),
	('Gurgaon', 13),
	('Khammam', 13),
	('Bulandshahr', 13),
	('Navsari', 13),
	('Malkajgiri', 13),
	('Midnapore (Medinipur)', 13),
	('Miraj', 13),
	('Raj Nandgaon', 13),
	('Alandur', 13),
	('Puri', 13),
	('Navadwip', 13),
	('Sirsa', 13),
	('Korba', 12),
	('Faizabad', 12),
	('Etawah', 12),
	('Pathankot', 12),
	('Gandhinagar', 12),
	('Palghat (Palakkad)', 12),
	('Veraval', 12),
	('Hoshiarpur', 12),
	('Ambala', 12),
	('Sitapur', 12),
	('Bhiwani', 12),
	('Cuddapah', 12),
	('Bhimavaram', 12),
	('Krishnanagar', 12),
	('Chandannagar', 12),
	('Mandya', 12),
	('Dibrugarh', 12),
	('Nandyal', 12),
	('Balurghat', 12),
	('Neyveli', 12),
	('Fatehpur', 12),
	('Mahbubnagar', 12),
	('Budaun', 12),
	('Porbandar', 12),
	('Silchar', 12),
	('Berhampore (Baharampur)', 12),
	('Purnea (Purnia)', 11),
	('Bankura', 11),
	('Rajapalaiyam', 11),
	('Titagarh', 11),
	('Halisahar', 11),
	('Hathras', 11),
	('Bhir (Bid)', 11),
	('Pallavaram', 11),
	('Anand', 11),
	('Mango', 11),
	('Santipur', 11),
	('Bhind', 11),
	('Gondiya', 11),
	('Tiruvannamalai', 11),
	('Yeotmal (Yavatmal)', 11),
	('Kulti-Barakar', 11),
	('Moga', 11),
	('Shivapuri', 11),
	('Bidar', 11),
	('Guntakal', 11),
	('Unnao', 11),
	('Barasat', 11),
	('Tambaram', 11),
	('Abohar', 11),
	('Pilibhit', 11),
	('Valparai', 11),
	('Gonda', 11),
	('Surendranagar', 11),
	('Qutubullapur', 11),
	('Beawar', 11),
	('Hindupur', 10),
	('Gandhidham', 10),
	('Haldwani-cum-Kathgodam', 10),
	('Tellicherry (Thalassery)', 10),
	('Wardha', 10),
	('Rishra', 10),
	('Bhuj', 10),
	('Modinagar', 10),
	('Gudivada', 10),
	('Basirhat', 10),
	('Uttarpara-Kotrung', 10),
	('Ongole', 10),
	('North Barrackpur', 10),
	('Guna', 10),
	('Haldia', 10),
	('Habra', 10),
	('Kanchrapara', 10),
	('Tonk', 10),
	('Champdani', 10),
	('Orai', 10),
	('Pudukkottai', 10),
	('Sasaram', 10),
	('Hazaribag', 10),
	('Palayankottai', 10),
	('Banda', 10),
	('Godhra', 10),
	('Hospet', 10),
	('Ashoknagar-Kalyangarh', 10),
	('Achalpur', 10),
	('Patan', 10),
	('Mandasor', 10),
	('Damoh', 10),
	('Satara', 10),
	('Meerut Cantonment', 9),
	('Dehri', 9),
	('Delhi Cantonment', 9),
	('Chhindwara', 9),
	('Bansberia', 9),
	('Nagaon', 9),
	('Kanpur Cantonment', 9),
	('Vidisha', 9),
	('Bettiah', 9),
	('Purulia', 9),
	('Hassan', 9),
	('Ambala Sadar', 9),
	('Baidyabati', 9),
	('Morvi', 9),
	('Raigarh', 9),
	('Vejalpur', 9),
	('Baghdad', 434),
	('Mosul', 88),
	('Irbil', 49),
	('Kirkuk', 42),
	('Basra', 41),
	('al-Sulaymaniya', 36),
	('al-Najaf', 31),
	('Karbala', 30),
	('al-Hilla', 27),
	('al-Nasiriya', 27),
	('al-Amara', 21),
	('al-Diwaniya', 20),
	('al-Ramadi', 19),
	('al-Kut', 18),
	('Baquba', 11),
	('Teheran', 676),
	('Mashhad', 189),
	('Esfahan', 127),
	('Tabriz', 119),
	('Shiraz', 105),
	('Karaj', 94),
	('Ahvaz', 80),
	('Qom', 78),
	('Kermanshah', 69),
	('Urmia', 44),
	('Zahedan', 42),
	('Rasht', 42),
	('Hamadan', 40),
	('Kerman', 38),
	('Arak', 38),
	('Ardebil', 34),
	('Yazd', 33),
	('Qazvin', 29),
	('Zanjan', 29),
	('Sanandaj', 28),
	('Bandar-e-Abbas', 27),
	('Khorramabad', 27),
	('Eslamshahr', 27),
	('Borujerd', 22),
	('Abadan', 21),
	('Dezful', 20),
	('Kashan', 20),
	('Sari', 20),
	('Gorgan', 19),
	('Najafabad', 18),
	('Sabzevar', 17),
	('Khomeynishahr', 17),
	('Amol', 16),
	('Neyshabur', 16),
	('Babol', 16),
	('Khoy', 15),
	('Malayer', 14),
	('Bushehr', 14),
	('Qaemshahr', 14),
	('Qarchak', 14),
	('Qods', 14),
	('Sirjan', 14),
	('Bojnurd', 13),
	('Maragheh', 13),
	('Birjand', 13),
	('Ilam', 13),
	('Bukan', 12),
	('Masjed-e-Soleyman', 12),
	('Saqqez', 12),
	('Gonbad-e Qabus', 11),
	('Saveh', 11),
	('Mahabad', 11),
	('Varamin', 11),
	('Andimeshk', 11),
	('Khorramshahr', 11),
	('Shahrud', 10),
	('Marv Dasht', 10),
	('Zabol', 10),
	('Shahr-e Kord', 10),
	('Bandar-e Anzali', 10),
	('Rafsanjan', 10),
	('Marand', 10),
	('Torbat-e Heydariyeh', 9),
	('Jahrom', 9),
	('Semnan', 9),
	('Miandoab', 9),
	('Qomsheh', 9),
	('Dublin', 48),
	('Cork', 13),
	('Reykjavík', 11),
	('Jerusalem', 63),
	('Tel Aviv-Jaffa', 35),
	('Haifa', 27),
	('Rishon Le Ziyyon', 19),
	('Beerseba', 16),
	('Holon', 16),
	('Petah Tiqwa', 16),
	('Ashdod', 16),
	('Netanya', 15),
	('Bat Yam', 14),
	('Bene Beraq', 13),
	('Ramat Gan', 13),
	('Ashqelon', 9),
	('Rehovot', 9),
	('Roma', 264),
	('Milano', 130),
	('Napoli', 100),
	('Torino', 90),
	('Palermo', 68),
	('Genova', 64),
	('Bologna', 38),
	('Firenze', 38),
	('Catania', 34),
	('Bari', 33),
	('Venezia', 28),
	('Messina', 26),
	('Verona', 26),
	('Trieste', 22),
	('Padova', 21),
	('Taranto', 21),
	('Brescia', 19),
	('Reggio di Calabria', 18),
	('Modena', 18),
	('Prato', 17),
	('Parma', 17),
	('Cagliari', 17),
	('Livorno', 16),
	('Perugia', 16),
	('Foggia', 15),
	('Reggio nell´ Emilia', 14),
	('Salerno', 14),
	('Ravenna', 14),
	('Ferrara', 13),
	('Rimini', 13),
	('Syrakusa', 13),
	('Sassari', 12),
	('Monza', 12),
	('Bergamo', 12),
	('Pescara', 12),
	('Latina', 11),
	('Vicenza', 11),
	('Terni', 11),
	('Forlì', 11),
	('Trento', 10),
	('Novara', 10),
	('Piacenza', 10),
	('Ancona', 10),
	('Lecce', 10),
	('Bolzano', 10),
	('Catanzaro', 10),
	('La Spezia', 10),
	('Udine', 9),
	('Torre del Greco', 9),
	('Andria', 9),
	('Brindisi', 9),
	('Giugliano in Campania', 9),
	('Pisa', 9),
	('Barletta', 9),
	('Arezzo', 9),
	('Alessandria', 9),
	('Cesena', 9),
	('Pesaro', 9),
	('Dili', 5),
	('Wien', 161),
	('Graz', 24),
	('Linz', 19),
	('Salzburg', 14),
	('Innsbruck', 11),
	('Klagenfurt', 9),
	('Spanish Town', 11),
	('Kingston', 10),
	('Portmore', 10),
	('Tokyo', 798),
	('Jokohama [Yokohama]', 334),
	('Osaka', 260),
	('Nagoya', 215),
	('Sapporo', 179),
	('Kioto', 146),
	('Kobe', 143),
	('Fukuoka', 131),
	('Kawasaki', 122),
	('Hiroshima', 112),
	('Kitakyushu', 102),
	('Sendai', 99),
	('Chiba', 86),
	('Sakai', 80),
	('Kumamoto', 66),
	('Okayama', 62),
	('Sagamihara', 59),
	('Hamamatsu', 57),
	('Kagoshima', 55),
	('Funabashi', 55),
	('Higashiosaka', 52),
	('Hachioji', 51),
	('Niigata', 50),
	('Amagasaki', 48),
	('Himeji', 48),
	('Shizuoka', 47),
	('Urawa', 47),
	('Matsuyama', 47),
	('Matsudo', 46),
	('Kanazawa', 46),
	('Kawaguchi', 45),
	('Ichikawa', 44),
	('Omiya', 44),
	('Utsunomiya', 44),
	('Oita', 43),
	('Nagasaki', 43),
	('Yokosuka', 43),
	('Kurashiki', 43),
	('Gifu', 41),
	('Hirakata', 40),
	('Nishinomiya', 40),
	('Toyonaka', 40),
	('Wakayama', 39),
	('Fukuyama', 38),
	('Fujisawa', 37),
	('Asahikawa', 36),
	('Machida', 36),
	('Nara', 36),
	('Takatsuki', 36),
	('Iwaki', 36),
	('Nagano', 36),
	('Toyohashi', 36),
	('Toyota', 35),
	('Suita', 35),
	('Takamatsu', 33),
	('Koriyama', 33),
	('Okazaki', 33),
	('Kawagoe', 33),
	('Tokorozawa', 33),
	('Toyama', 33),
	('Kochi', 32),
	('Kashiwa', 32),
	('Akita', 31),
	('Miyazaki', 30),
	('Koshigaya', 30),
	('Naha', 30),
	('Aomori', 30),
	('Hakodate', 29),
	('Akashi', 29),
	('Yokkaichi', 29),
	('Fukushima', 29),
	('Morioka', 29),
	('Maebashi', 28),
	('Kasugai', 28),
	('Otsu', 28),
	('Ichihara', 28),
	('Yao', 28),
	('Ichinomiya', 27),
	('Tokushima', 27),
	('Kakogawa', 27),
	('Ibaraki', 26),
	('Neyagawa', 26),
	('Shimonoseki', 26),
	('Yamagata', 26),
	('Fukui', 25),
	('Hiratsuka', 25),
	('Mito', 25),
	('Sasebo', 24),
	('Hachinohe', 24),
	('Takasaki', 24),
	('Shimizu', 24),
	('Kurume', 24),
	('Fuji', 23),
	('Soka', 22),
	('Fuchu', 22),
	('Chigasaki', 22),
	('Atsugi', 21),
	('Numazu', 21),
	('Ageo', 21),
	('Yamato', 21),
	('Matsumoto', 21),
	('Kure', 21),
	('Takarazuka', 21),
	('Kasukabe', 20),
	('Chofu', 20),
	('Odawara', 20),
	('Kofu', 20),
	('Kushiro', 20),
	('Kishiwada', 20),
	('Hitachi', 20),
	('Nagaoka', 19),
	('Itami', 19),
	('Uji', 19),
	('Suzuka', 18),
	('Hirosaki', 18),
	('Ube', 18),
	('Kodaira', 17),
	('Takaoka', 17),
	('Obihiro', 17),
	('Tomakomai', 17),
	('Saga', 17),
	('Sakura', 17),
	('Kamakura', 17),
	('Mitaka', 17),
	('Izumi', 17),
	('Hino', 17),
	('Hadano', 17),
	('Ashikaga', 17),
	('Tsu', 16),
	('Sayama', 16),
	('Yachiyo', 16),
	('Tsukuba', 16),
	('Tachikawa', 16),
	('Kumagaya', 16),
	('Moriguchi', 16),
	('Otaru', 16),
	('Anjo', 15),
	('Narashino', 15),
	('Oyama', 15),
	('Ogaki', 15),
	('Matsue', 15),
	('Kawanishi', 15),
	('Hitachinaka', 15),
	('Niiza', 15),
	('Nagareyama', 15),
	('Tottori', 15),
	('Tama', 15),
	('Iruma', 15),
	('Ota', 15),
	('Omuta', 14),
	('Komaki', 14),
	('Ome', 14),
	('Kadoma', 14),
	('Yamaguchi', 14),
	('Higashimurayama', 14),
	('Yonago', 14),
	('Matsubara', 14),
	('Musashino', 13),
	('Tsuchiura', 13),
	('Joetsu', 13),
	('Miyakonojo', 13),
	('Misato', 13),
	('Kakamigahara', 13),
	('Daito', 13),
	('Seto', 13),
	('Kariya', 13),
	('Urayasu', 13),
	('Beppu', 13),
	('Niihama', 13),
	('Minoo', 13),
	('Fujieda', 13),
	('Abiko', 13),
	('Nobeoka', 13),
	('Tondabayashi', 13),
	('Ueda', 12),
	('Kashihara', 12),
	('Matsusaka', 12),
	('Isesaki', 12),
	('Zama', 12),
	('Kisarazu', 12),
	('Noda', 12),
	('Ishinomaki', 12),
	('Fujinomiya', 12),
	('Kawachinagano', 12),
	('Imabari', 12),
	('Aizuwakamatsu', 12),
	('Higashihiroshima', 12),
	('Habikino', 12),
	('Ebetsu', 12),
	('Hofu', 12),
	('Kiryu', 12),
	('Okinawa', 12),
	('Yaizu', 12),
	('Toyokawa', 12),
	('Ebina', 12),
	('Asaka', 11),
	('Higashikurume', 11),
	('Ikoma', 11),
	('Kitami', 11),
	('Koganei', 11),
	('Iwatsuki', 11),
	('Mishima', 11),
	('Handa', 11),
	('Muroran', 11),
	('Komatsu', 11),
	('Yatsushiro', 11),
	('Iida', 11),
	('Tokuyama', 11),
	('Kokubunji', 11),
	('Akishima', 11),
	('Iwakuni', 11),
	('Kusatsu', 11),
	('Kuwana', 11),
	('Sanda', 11),
	('Hikone', 11),
	('Toda', 10),
	('Tajimi', 10),
	('Ikeda', 10),
	('Fukaya', 10),
	('Ise', 10),
	('Sakata', 10),
	('Kasuga', 10),
	('Kamagaya', 10),
	('Tsuruoka', 10),
	('Hoya', 10),
	('Nishio', 10),
	('Tokai', 10),
	('Inazawa', 10),
	('Sakado', 10),
	('Isehara', 10),
	('Takasago', 10),
	('Fujimi', 10),
	('Urasoe', 10),
	('Yonezawa', 10),
	('Konan', 10),
	('Yamatokoriyama', 10),
	('Maizuru', 9),
	('Onomichi', 9),
	('Higashimatsuyama', 9),
	('Kimitsu', 9),
	('Isahaya', 9),
	('Kanuma', 9),
	('Izumisano', 9),
	('Kameoka', 9),
	('Mobara', 9),
	('Narita', 9),
	('Kashiwazaki', 9),
	('Tsuyama', 9),
	('Sanaa', 50),
	('Aden', 40),
	('Taizz', 32),
	('Hodeida', 30),
	('al-Mukalla', 12),
	('Ibb', 10),
	('Amman', 100),
	('al-Zarqa', 39),
	('Irbid', 23),
	('al-Rusayfa', 14),
	('Wadi al-Sir', 9),
	('Flying Fish Cove', 0),
	('Beograd', 120),
	('Novi Sad', 18),
	('Niš', 18),
	('Priština', 16),
	('Kragujevac', 15),
	('Podgorica', 14),
	('Subotica', 10),
	('Prizren', 9),
	('Phnom Penh', 57),
	('Battambang', 13),
	('Siem Reap', 11),
	('Douala', 145),
	('Yaoundé', 137),
	('Garoua', 18),
	('Maroua', 14),
	('Bamenda', 14),
	('Bafoussam', 13),
	('Nkongsamba', 11),
	('Montréal', 102),
	('Calgary', 77),
	('Toronto', 69),
	('North York', 62),
	('Winnipeg', 62),
	('Edmonton', 62),
	('Mississauga', 61),
	('Scarborough', 59),
	('Vancouver', 51),
	('Etobicoke', 35),
	('London', 34),
	('Hamilton', 34),
	('Ottawa', 34),
	('Laval', 33),
	('Surrey', 30),
	('Brampton', 30),
	('Windsor', 21),
	('Saskatoon', 19),
	('Kitchener', 19),
	('Markham', 19),
	('Regina', 18),
	('Burnaby', 18),
	('Québec', 17),
	('York', 15),
	('Richmond', 15),
	('Vaughan', 15),
	('Burlington', 15),
	('Oshawa', 14),
	('Oakville', 14),
	('Saint Catharines', 14),
	('Longueuil', 13),
	('Richmond Hill', 12),
	('Thunder Bay', 12),
	('Nepean', 12),
	('Cape Breton', 11),
	('East York', 11),
	('Halifax', 11),
	('Cambridge', 11),
	('Gloucester', 11),
	('Abbotsford', 11),
	('Guelph', 10),
	('Saint John´s', 10),
	('Coquitlam', 10),
	('Saanich', 10),
	('Gatineau', 10),
	('Delta', 10),
	('Sudbury', 9),
	('Kelowna', 9),
	('Barrie', 9),
	('Praia', 9),
	('Almaty', 113),
	('Qaraghandy', 44),
	('Shymkent', 36),
	('Taraz', 33),
	('Astana', 31),
	('Öskemen', 31),
	('Pavlodar', 30),
	('Semey', 27),
	('Aqtöbe', 25),
	('Qostanay', 22),
	('Petropavl', 20),
	('Oral', 20),
	('Temirtau', 17),
	('Qyzylorda', 16),
	('Aqtau', 14),
	('Atyrau', 14),
	('Ekibastuz', 13),
	('Kökshetau', 12),
	('Rudnyy', 11),
	('Taldyqorghan', 10),
	('Zhezqazghan', 9),
	('Nairobi', 229),
	('Mombasa', 46),
	('Kisumu', 19),
	('Nakuru', 16),
	('Machakos', 12),
	('Eldoret', 11),
	('Meru', 9),
	('Nyeri', 9),
	('Bangui', 52),
	('Shanghai', 970),
	('Peking', 747),
	('Chongqing', 635),
	('Tianjin', 529),
	('Wuhan', 434),
	('Harbin', 429),
	('Shenyang', 427),
	('Kanton [Guangzhou]', 426),
	('Chengdu', 336),
	('Nanking [Nanjing]', 287),
	('Changchun', 281),
	('Xi´an', 276),
	('Dalian', 270),
	('Qingdao', 260),
	('Jinan', 228),
	('Hangzhou', 219),
	('Zhengzhou', 211),
	('Shijiazhuang', 204),
	('Taiyuan', 197),
	('Kunming', 183),
	('Changsha', 181),
	('Nanchang', 169),
	('Fuzhou', 159),
	('Lanzhou', 157),
	('Guiyang', 147),
	('Ningbo', 137),
	('Hefei', 137),
	('Urumtši [Ürümqi]', 131),
	('Anshan', 120),
	('Fushun', 120),
	('Nanning', 116),
	('Zibo', 114),
	('Qiqihar', 107),
	('Jilin', 104),
	('Tangshan', 104),
	('Baotou', 98),
	('Shenzhen', 95),
	('Hohhot', 92),
	('Handan', 84),
	('Wuxi', 83),
	('Xuzhou', 81),
	('Datong', 80),
	('Yichun', 80),
	('Benxi', 77),
	('Luoyang', 76),
	('Suzhou', 71),
	('Xining', 70),
	('Huainan', 70),
	('Jixi', 68),
	('Daqing', 66),
	('Fuxin', 64),
	('Amoy [Xiamen]', 63),
	('Liuzhou', 61),
	('Shantou', 58),
	('Jinzhou', 57),
	('Mudanjiang', 57),
	('Yinchuan', 54),
	('Changzhou', 53),
	('Zhangjiakou', 53),
	('Dandong', 52),
	('Hegang', 52),
	('Kaifeng', 51),
	('Jiamusi', 49),
	('Liaoyang', 49),
	('Hengyang', 49),
	('Baoding', 48),
	('Hunjiang', 48),
	('Xinxiang', 47),
	('Huangshi', 46),
	('Haikou', 45),
	('Yantai', 45),
	('Bengbu', 45),
	('Xiangtan', 44),
	('Weifang', 43),
	('Wuhu', 43),
	('Pingxiang', 43),
	('Yingkou', 42),
	('Anyang', 42),
	('Panzhihua', 42),
	('Pingdingshan', 41),
	('Xiangfan', 41),
	('Zhuzhou', 41),
	('Jiaozuo', 41),
	('Wenzhou', 40),
	('Zhangjiang', 40),
	('Zigong', 39),
	('Shuangyashan', 39),
	('Zaozhuang', 38),
	('Yakeshi', 38),
	('Yichang', 37),
	('Zhenjiang', 37),
	('Huaibei', 37),
	('Qinhuangdao', 36),
	('Guilin', 36),
	('Liupanshui', 36),
	('Panjin', 36),
	('Yangquan', 36),
	('Jinxi', 36),
	('Liaoyuan', 35),
	('Lianyungang', 35),
	('Xianyang', 35),
	('Tai´an', 35),
	('Chifeng', 35),
	('Shaoguan', 35),
	('Nantong', 34),
	('Leshan', 34),
	('Baoji', 34),
	('Linyi', 32),
	('Tonghua', 32),
	('Siping', 32),
	('Changzhi', 32),
	('Tengzhou', 32),
	('Chaozhou', 31),
	('Yangzhou', 31),
	('Dongwan', 31),
	('Ma´anshan', 31),
	('Foshan', 30),
	('Yueyang', 30),
	('Xingtai', 30),
	('Changde', 30),
	('Shihezi', 30),
	('Yancheng', 30),
	('Jiujiang', 29),
	('Dongying', 28),
	('Shashi', 28),
	('Xintai', 28),
	('Jingdezhen', 28),
	('Tongchuan', 28),
	('Zhongshan', 28),
	('Shiyan', 27),
	('Tieli', 27),
	('Jining', 27),
	('Wuhai', 26),
	('Mianyang', 26),
	('Luzhou', 26),
	('Zunyi', 26),
	('Shizuishan', 26),
	('Neijiang', 26),
	('Tongliao', 26),
	('Tieling', 25),
	('Wafangdian', 25),
	('Anqing', 25),
	('Shaoyang', 25),
	('Laiwu', 25),
	('Chengde', 25),
	('Tianshui', 24),
	('Nanyang', 24),
	('Cangzhou', 24),
	('Yibin', 24),
	('Huaiyin', 24),
	('Dunhua', 24),
	('Yanji', 23),
	('Jiangmen', 23),
	('Tongling', 23),
	('Suihua', 23),
	('Gongziling', 23),
	('Xiantao', 22),
	('Chaoyang', 22),
	('Ganzhou', 22),
	('Huzhou', 22),
	('Baicheng', 22),
	('Shangzi', 22),
	('Yangjiang', 22),
	('Qitaihe', 21),
	('Gejiu', 21),
	('Jiangyin', 21),
	('Hebi', 21),
	('Jiaxing', 21),
	('Wuzhou', 21),
	('Meihekou', 21),
	('Xuchang', 21),
	('Liaocheng', 21),
	('Haicheng', 21),
	('Qianjiang', 21),
	('Baiyin', 20),
	('Bei´an', 20),
	('Yixing', 20),
	('Laizhou', 20),
	('Qaramay', 20),
	('Acheng', 20),
	('Dezhou', 20),
	('Nanping', 20),
	('Zhaoqing', 19),
	('Beipiao', 19),
	('Fengcheng', 19),
	('Fuyu', 19),
	('Xinyang', 19),
	('Dongtai', 19),
	('Yuci', 19),
	('Honghu', 19),
	('Ezhou', 19),
	('Heze', 19),
	('Daxian', 19),
	('Linfen', 19),
	('Tianmen', 19),
	('Yiyang', 19),
	('Quanzhou', 19),
	('Rizhao', 19),
	('Deyang', 18),
	('Guangyuan', 18),
	('Changshu', 18),
	('Zhangzhou', 18),
	('Hailar', 18),
	('Nanchong', 18),
	('Jiutai', 18),
	('Zhaodong', 18),
	('Shaoxing', 18),
	('Fuyang', 18),
	('Maoming', 18),
	('Qujing', 18),
	('Ghulja', 18),
	('Jiaohe', 18),
	('Puyang', 18),
	('Huadian', 18),
	('Jiangyou', 18),
	('Qashqar', 17),
	('Anshun', 17),
	('Fuling', 17),
	('Xinyu', 17),
	('Hanzhong', 17),
	('Danyang', 17),
	('Chenzhou', 17),
	('Xiaogan', 17),
	('Shangqiu', 16),
	('Zhuhai', 16),
	('Qingyuan', 16),
	('Aqsu', 16),
	('Jining', 16),
	('Xiaoshan', 16),
	('Zaoyang', 16),
	('Xinghua', 16),
	('Hami', 16),
	('Huizhou', 16),
	('Jinmen', 16),
	('Sanming', 16),
	('Ulanhot', 16),
	('Korla', 16),
	('Wanxian', 16),
	('Rui´an', 16),
	('Zhoushan', 16),
	('Liangcheng', 16),
	('Jiaozhou', 15),
	('Taizhou', 15),
	('Suzhou', 15),
	('Yichun', 15),
	('Taonan', 15),
	('Pingdu', 15),
	('Ji´an', 15),
	('Longkou', 15),
	('Langfang', 15),
	('Zhoukou', 15),
	('Suining', 15),
	('Yulin', 14),
	('Jinhua', 14),
	('Liu´an', 14),
	('Shuangcheng', 14),
	('Suizhou', 14),
	('Ankang', 14),
	('Weinan', 14),
	('Longjing', 14),
	('Da´an', 14),
	('Lengshuijiang', 14),
	('Laiyang', 14),
	('Xianning', 14),
	('Dali', 14),
	('Anda', 14),
	('Jincheng', 14),
	('Longyan', 13),
	('Xichang', 13),
	('Wendeng', 13),
	('Hailun', 13),
	('Binzhou', 13),
	('Linhe', 13),
	('Wuwei', 13),
	('Duyun', 13),
	('Mishan', 13),
	('Shangrao', 13),
	('Changji', 13),
	('Meixian', 13),
	('Yushu', 13),
	('Tiefa', 13),
	('Huai´an', 13),
	('Leiyang', 13),
	('Zalantun', 13),
	('Weihai', 13),
	('Loudi', 13),
	('Qingzhou', 13),
	('Qidong', 13),
	('Huaihua', 13),
	('Luohe', 13),
	('Chuzhou', 13),
	('Kaiyuan', 12),
	('Linqing', 12),
	('Chaohu', 12),
	('Laohekou', 12),
	('Dujiangyan', 12),
	('Zhumadian', 12),
	('Linchuan', 12),
	('Jiaonan', 12),
	('Sanmenxia', 12),
	('Heyuan', 12),
	('Manzhouli', 12),
	('Lhasa', 12),
	('Lianyuan', 12),
	('Kuytun', 12),
	('Puqi', 12),
	('Hongjiang', 12),
	('Qinzhou', 11),
	('Renqiu', 11),
	('Yuyao', 11),
	('Guigang', 11),
	('Kaili', 11),
	('Yan´an', 11),
	('Beihai', 11),
	('Xuangzhou', 11),
	('Quzhou', 11),
	('Yong´an', 11),
	('Zixing', 11),
	('Liyang', 11),
	('Yizheng', 11),
	('Yumen', 11),
	('Liling', 11),
	('Yuncheng', 11),
	('Shanwei', 11),
	('Cixi', 11),
	('Yuanjiang', 11),
	('Bozhou', 11),
	('Jinchang', 11),
	('Fu´an', 11),
	('Suqian', 11),
	('Shishou', 10),
	('Hengshui', 10),
	('Danjiangkou', 10),
	('Fujin', 10),
	('Sanya', 10),
	('Guangshui', 10),
	('Huangshan', 10),
	('Xingcheng', 10),
	('Zhucheng', 10),
	('Kunshan', 10),
	('Haining', 10),
	('Pingliang', 10),
	('Fuqing', 10),
	('Xinzhou', 10),
	('Jieyang', 10),
	('Zhangjiagang', 10),
	('Tong Xian', 10),
	('Ya´an', 10),
	('Jinzhou', 10),
	('Emeishan', 9),
	('Enshi', 9),
	('Bose', 9),
	('Yuzhou', 9),
	('Kaiyuan', 9),
	('Tumen', 9),
	('Putian', 9),
	('Linhai', 9),
	('Xilin Hot', 9),
	('Shaowu', 9),
	('Junan', 9),
	('Huaying', 9),
	('Pingyi', 9),
	('Huangyan', 9),
	('Bishkek', 59),
	('Osh', 22),
	('Bikenibeu', 1),
	('Bairiki', 0),
	('Santafé de Bogotá', 626),
	('Cali', 208),
	('Medellín', 186),
	('Barranquilla', 122),
	('Cartagena', 81),
	('Cúcuta', 61),
	('Bucaramanga', 52),
	('Ibagué', 39),
	('Pereira', 38),
	('Santa Marta', 36),
	('Manizales', 34),
	('Bello', 33),
	('Pasto', 33),
	('Neiva', 30),
	('Soledad', 30),
	('Armenia', 29),
	('Villavicencio', 27),
	('Soacha', 27),
	('Valledupar', 26),
	('Montería', 25),
	('Itagüí', 23),
	('Palmira', 23),
	('Buenaventura', 22),
	('Floridablanca', 22),
	('Sincelejo', 22),
	('Popayán', 20),
	('Barrancabermeja', 18),
	('Dos Quebradas', 16),
	('Tuluá', 15),
	('Envigado', 14),
	('Cartago', 13),
	('Girardot', 11),
	('Buga', 11),
	('Tunja', 11),
	('Florencia', 11),
	('Maicao', 11),
	('Sogamoso', 11),
	('Giron', 9),
	('Moroni', 4),
	('Brazzaville', 95),
	('Pointe-Noire', 50),
	('Kinshasa', 506),
	('Lubumbashi', 85),
	('Mbuji-Mayi', 81),
	('Kolwezi', 42),
	('Kisangani', 42),
	('Kananga', 39),
	('Likasi', 30),
	('Bukavu', 20),
	('Kikwit', 18),
	('Tshikapa', 18),
	('Matadi', 17),
	('Mbandaka', 17),
	('Mwene-Ditu', 14),
	('Boma', 14),
	('Uvira', 12),
	('Butembo', 11),
	('Goma', 11),
	('Kalemie', 10),
	('Bantam', 0),
	('West Island', 0),
	('Pyongyang', 248),
	('Hamhung', 71),
	('Chongjin', 58),
	('Nampo', 57),
	('Sinuiju', 33),
	('Wonsan', 30),
	('Phyongsong', 27),
	('Sariwon', 25),
	('Haeju', 23),
	('Kanggye', 22),
	('Kimchaek', 18),
	('Hyesan', 18),
	('Kaesong', 17),
	('서울', 998),
	('Pusan', 380),
	('Inchon', 256),
	('Taegu', 255),
	('Taejon', 143),
	('Kwangju', 137),
	('Ulsan', 108),
	('Songnam', 87),
	('Puchon', 78),
	('Suwon', 76),
	('Anyang', 59),
	('Chonju', 56),
	('Chongju', 53),
	('Koyang', 52),
	('Ansan', 51),
	('Pohang', 51),
	('Chang-won', 48),
	('Masan', 44),
	('Kwangmyong', 35),
	('Chonan', 33),
	('Chinju', 33),
	('Iksan', 32),
	('Pyongtaek', 31),
	('Kumi', 31),
	('Uijongbu', 28),
	('Kyongju', 27),
	('Kunsan', 27),
	('Cheju', 26),
	('Kimhae', 26),
	('Sunchon', 25),
	('Mokpo', 25),
	('Yong-in', 24),
	('Wonju', 24),
	('Kunpo', 24),
	('Chunchon', 23),
	('Namyangju', 23),
	('Kangnung', 22),
	('Chungju', 21),
	('Andong', 19),
	('Yosu', 18),
	('Kyongsan', 17),
	('Paju', 16),
	('Yangsan', 16),
	('Ichon', 16),
	('Asan', 15),
	('Koje', 15),
	('Kimchon', 15),
	('Nonsan', 15),
	('Kuri', 14),
	('Chong-up', 14),
	('Chechon', 14),
	('Sosan', 13),
	('Shihung', 13),
	('Tong-yong', 13),
	('Kongju', 13),
	('Yongju', 13),
	('Chinhae', 13),
	('Sangju', 12),
	('Poryong', 12),
	('Kwang-yang', 12),
	('Miryang', 12),
	('Hanam', 12),
	('Kimje', 12),
	('Yongchon', 11),
	('Sachon', 11),
	('Uiwang', 11),
	('Naju', 11),
	('Namwon', 10),
	('Tonghae', 10),
	('Mun-gyong', 9),
	('Athenai', 77),
	('Thessaloniki', 38),
	('Pireus', 18),
	('Patras', 15),
	('Peristerion', 14),
	('Herakleion', 12),
	('Kallithea', 11),
	('Larisa', 11),
	('Zagreb', 71),
	('Split', 19),
	('Rijeka', 17),
	('Osijek', 10),
	('La Habana', 226),
	('Santiago de Cuba', 43),
	('Camagüey', 30),
	('Holguín', 25),
	('Santa Clara', 21),
	('Guantánamo', 21),
	('Pinar del Río', 14),
	('Bayamo', 14),
	('Cienfuegos', 13),
	('Victoria de las Tunas', 13),
	('Matanzas', 12),
	('Manzanillo', 11),
	('Sancti-Spíritus', 10),
	('Ciego de Ávila', 10),
	('al-Salimiya', 13),
	('Jalib al-Shuyukh', 10),
	('Kuwait', 3),
	('Nicosia', 20),
	('Limassol', 15),
	('Vientiane', 53),
	('Savannakhet', 10),
	('Riga', 76),
	('Daugavpils', 11),
	('Liepaja', 9),
	('Maseru', 30),
	('Beirut', 110),
	('Tripoli', 24),
	('Monrovia', 85),
	('Tripoli', 168),
	('Bengasi', 80),
	('Misrata', 12),
	('al-Zawiya', 9),
	('Schaan', 1),
	('Vaduz', 1),
	('Vilnius', 58),
	('Kaunas', 41),
	('Klaipeda', 20),
	('Šiauliai', 15),
	('Panevezys', 13),
	('Luxembourg [Luxemburg/Lëtzebuerg]', 8),
	('El-Aaiún', 17),
	('Macao', 44),
	('Antananarivo', 68),
	('Toamasina', 13),
	('Antsirabé', 12),
	('Mahajanga', 10),
	('Fianarantsoa', 10),
	('Skopje', 44),
	('Blantyre', 48),
	('Lilongwe', 44),
	('Male', 7),
	('Kuala Lumpur', 130),
	('Ipoh', 38),
	('Johor Baharu', 33),
	('Petaling Jaya', 25),
	('Kelang', 24),
	('Kuala Terengganu', 23),
	('Pinang', 22),
	('Kota Bharu', 22),
	('Kuantan', 20),
	('Taiping', 18),
	('Seremban', 18),
	('Kuching', 15),
	('Sibu', 13),
	('Sandakan', 13),
	('Alor Setar', 12),
	('Selayang Baru', 12),
	('Sungai Petani', 11),
	('Shah Alam', 10),
	('Bamako', 81),
	('Birkirkara', 2),
	('Valletta', 1),
	('Casablanca', 294),
	('Rabat', 62),
	('Marrakech', 62),
	('Fès', 54),
	('Tanger', 52),
	('Salé', 50),
	('Meknès', 46),
	('Oujda', 37),
	('Kénitra', 29),
	('Tétouan', 28),
	('Safi', 26),
	('Agadir', 16),
	('Mohammedia', 15),
	('Khouribga', 15),
	('Beni-Mellal', 14),
	('Témara', 13),
	('El Jadida', 12),
	('Nador', 11),
	('Ksar el Kebir', 11),
	('Settat', 10),
	('Taza', 9),
	('El Araich', 9),
	('Dalap-Uliga-Darrit', 3),
	('Fort-de-France', 9),
	('Nouakchott', 67),
	('Nouâdhibou', 10),
	('Port-Louis', 14),
	('Beau Bassin-Rose Hill', 10),
	('Vacoas-Phoenix', 10),
	('Mamoutzou', 1),
	('Ciudad de México', 859),
	('Guadalajara', 165),
	('Ecatepec de Morelos', 162),
	('Puebla', 135),
	('Nezahualcóyotl', 122),
	('Juárez', 122),
	('Tijuana', 121),
	('León', 113),
	('Monterrey', 111),
	('Zapopan', 100),
	('Naucalpan de Juárez', 86),
	('Mexicali', 76),
	('Culiacán', 74),
	('Acapulco de Juárez', 72),
	('Tlalnepantla de Baz', 72),
	('Mérida', 70),
	('Chihuahua', 67),
	('San Luis Potosí', 67),
	('Guadalupe', 67),
	('Toluca', 67),
	('Aguascalientes', 64),
	('Querétaro', 64),
	('Morelia', 62),
	('Hermosillo', 61),
	('Saltillo', 58),
	('Torreón', 53),
	('Centro (Villahermosa)', 52),
	('San Nicolás de los Garza', 50),
	('Durango', 49),
	('Chimalhuacán', 49),
	('Tlaquepaque', 48),
	('Atizapán de Zaragoza', 47),
	('Veracruz', 46),
	('Cuautitlán Izcalli', 45),
	('Irapuato', 44),
	('Tuxtla Gutiérrez', 43),
	('Tultitlán', 43),
	('Reynosa', 42),
	('Benito Juárez', 42),
	('Matamoros', 42),
	('Xalapa', 39),
	('Celaya', 38),
	('Mazatlán', 38),
	('Ensenada', 37),
	('Ahome', 36),
	('Cajeme', 36),
	('Cuernavaca', 34),
	('Tonalá', 34),
	('Valle de Chalco Solidaridad', 32),
	('Nuevo Laredo', 31),
	('Tepic', 31),
	('Tampico', 29),
	('Ixtapaluca', 29),
	('Apodaca', 28),
	('Guasave', 28),
	('Gómez Palacio', 27),
	('Tapachula', 27),
	('Nicolás Romero', 27),
	('Coatzacoalcos', 27),
	('Uruapan', 27),
	('Victoria', 26),
	('Oaxaca de Juárez', 26),
	('Coacalco de Berriozábal', 25),
	('Pachuca de Soto', 24),
	('General Escobedo', 23),
	('Salamanca', 23),
	('Santa Catarina', 23),
	('Tehuacán', 23),
	('Chalco', 22),
	('Cárdenas', 22),
	('Campeche', 22),
	('La Paz', 21),
	('Othón P. Blanco (Chetumal)', 21),
	('Texcoco', 20),
	('La Paz', 20),
	('Metepec', 19),
	('Monclova', 19),
	('Huixquilucan', 19),
	('Chilpancingo de los Bravo', 19),
	('Puerto Vallarta', 18),
	('Fresnillo', 18),
	('Ciudad Madero', 18),
	('Soledad de Graciano Sánchez', 18),
	('San Juan del Río', 18),
	('San Felipe del Progreso', 18),
	('Córdoba', 18),
	('Tecámac', 17),
	('Ocosingo', 17),
	('Carmen', 17),
	('Lázaro Cárdenas', 17),
	('Jiutepec', 17),
	('Papantla', 17),
	('Comalcalco', 16),
	('Zamora', 16),
	('Nogales', 16),
	('Huimanguillo', 16),
	('Cuautla', 15),
	('Minatitlán', 15),
	('Poza Rica de Hidalgo', 15),
	('Ciudad Valles', 15),
	('Navolato', 15),
	('San Luis Río Colorado', 15),
	('Pénjamo', 14),
	('San Andrés Tuxtla', 14),
	('Guanajuato', 14),
	('Navojoa', 14),
	('Zitácuaro', 14),
	('Boca del Río', 14),
	('Allende', 13),
	('Silao', 13),
	('Macuspana', 13),
	('San Juan Bautista Tuxtepec', 13),
	('San Cristóbal de las Casas', 13),
	('Valle de Santiago', 13),
	('Guaymas', 13),
	('Colima', 13),
	('Dolores Hidalgo', 13),
	('Lagos de Moreno', 13),
	('Piedras Negras', 13),
	('Altamira', 13),
	('Túxpam', 13),
	('San Pedro Garza García', 13),
	('Cuauhtémoc', 12),
	('Manzanillo', 12),
	('Iguala de la Independencia', 12),
	('Zacatecas', 12),
	('Tlajomulco de Zúñiga', 12),
	('Tulancingo de Bravo', 12),
	('Zinacantepec', 12),
	('San Martín Texmelucan', 12),
	('Tepatitlán de Morelos', 12),
	('Martínez de la Torre', 12),
	('Orizaba', 12),
	('Apatzingán', 12),
	('Atlixco', 12),
	('Delicias', 12),
	('Ixtlahuaca', 12),
	('El Mante', 11),
	('Lerdo', 11),
	('Almoloya de Juárez', 11),
	('Acámbaro', 11),
	('Acuña', 11),
	('Guadalupe', 11),
	('Huejutla de Reyes', 11),
	('Hidalgo', 11),
	('Los Cabos', 11),
	('Comitán de Domínguez', 10),
	('Cunduacán', 10),
	('Río Bravo', 10),
	('Temapache', 10),
	('Chilapa de Alvarez', 10),
	('Hidalgo del Parral', 10),
	('San Francisco del Rincón', 10),
	('Taxco de Alarcón', 10),
	('Zumpango', 10),
	('San Pedro Cholula', 10),
	('Lerma', 10),
	('Tecomán', 10),
	('Las Margaritas', 10),
	('Cosoleacaque', 10),
	('San Luis de la Paz', 10),
	('José Azueta', 10),
	('Santiago Ixcuintla', 10),
	('San Felipe', 10),
	('Tejupilco', 9),
	('Tantoyuca', 9),
	('Salvatierra', 9),
	('Tultepec', 9),
	('Temixco', 9),
	('Matamoros', 9),
	('Pánuco', 9),
	('El Fuerte', 9),
	('Tierra Blanca', 9),
	('Weno', 2),
	('Palikir', 1),
	('Chisinau', 72),
	('Tiraspol', 19),
	('Balti', 15),
	('Bender (Tîghina)', 13),
	('Monte-Carlo', 1),
	('Monaco-Ville', 0),
	('Ulan Bator', 77),
	('Plymouth', 0),
	('Maputo', 102),
	('Matola', 42),
	('Beira', 40),
	('Nampula', 30),
	('Chimoio', 17),
	('Naçala-Porto', 16),
	('Quelimane', 15),
	('Mocuba', 12),
	('Tete', 10),
	('Xai-Xai', 10),
	('Gurue', 10),
	('Maxixe', 9),
	('Rangoon (Yangon)', 336),
	('Mandalay', 89),
	('Moulmein (Mawlamyine)', 31),
	('Pegu (Bago)', 19),
	('Bassein (Pathein)', 18),
	('Monywa', 14),
	('Sittwe (Akyab)', 14),
	('Taunggyi (Taunggye)', 13),
	('Meikhtila', 13),
	('Mergui (Myeik)', 12),
	('Lashio (Lasho)', 11),
	('Prome (Pyay)', 11),
	('Henzada (Hinthada)', 10),
	('Myingyan', 10),
	('Tavoy (Dawei)', 10),
	('Pagakku (Pakokku)', 9),
	('Windhoek', 17),
	('Yangor', 0),
	('Yaren', 0),
	('Kathmandu', 59),
	('Biratnagar', 16),
	('Pokhara', 15),
	('Lalitapur', 15),
	('Birgunj', 9),
	('Managua', 96),
	('León', 12),
	('Chinandega', 10),
	('Masaya', 9),
	('Niamey', 42),
	('Zinder', 12),
	('Maradi', 11),
	('Lagos', 152),
	('Ibadan', 143),
	('Ogbomosho', 73),
	('Kano', 67),
	('Oshogbo', 48),
	('Ilorin', 48),
	('Abeokuta', 43),
	('Port Harcourt', 41),
	('Zaria', 38),
	('Ilesha', 38),
	('Onitsha', 37),
	('Iwo', 36),
	('Ado-Ekiti', 36),
	('Abuja', 35),
	('Kaduna', 34),
	('Mushin', 33),
	('Maiduguri', 32),
	('Enugu', 32),
	('Ede', 31),
	('Aba', 30),
	('Ife', 30),
	('Ila', 26),
	('Oyo', 26),
	('Ikerre', 24),
	('Benin City', 23),
	('Iseyin', 22),
	('Katsina', 21),
	('Jos', 21),
	('Sokoto', 20),
	('Ilobu', 20),
	('Offa', 20),
	('Ikorodu', 18),
	('Ilawe-Ekiti', 18),
	('Owo', 18),
	('Ikirun', 18),
	('Shaki', 17),
	('Calabar', 17),
	('Ondo', 17),
	('Akure', 16),
	('Gusau', 16),
	('Ijebu-Ode', 16),
	('Effon-Alaiye', 15),
	('Kumo', 15),
	('Shomolu', 15),
	('Oka-Akoko', 14),
	('Ikare', 14),
	('Sapele', 14),
	('Deba Habe', 14),
	('Minna', 14),
	('Warri', 13),
	('Bida', 13),
	('Ikire', 12),
	('Makurdi', 12),
	('Lafia', 12),
	('Inisa', 12),
	('Shagamu', 12),
	('Awka', 11),
	('Gombe', 11),
	('Igboho', 11),
	('Ejigbo', 11),
	('Agege', 11),
	('Ise-Ekiti', 10),
	('Ugep', 10),
	('Epe', 10),
	('Alofi', 0),
	('Kingston', 0),
	('Oslo', 51),
	('Bergen', 23),
	('Trondheim', 15),
	('Stavanger', 11),
	('Bærum', 10),
	('Abidjan', 250),
	('Bouaké', 33),
	('Yamoussoukro', 13),
	('Daloa', 12),
	('Korhogo', 11),
	('al-Sib', 16),
	('Salala', 13),
	('Bawshar', 11),
	('Suhar', 9),
	('Masqat', 5),
	('Karachi', 927),
	('Lahore', 506),
	('Faisalabad', 198),
	('Rawalpindi', 141),
	('Multan', 118),
	('Hyderabad', 115),
	('Gujranwala', 112),
	('Peshawar', 99),
	('Quetta', 56),
	('Islamabad', 52),
	('Sargodha', 46),
	('Sialkot', 42),
	('Bahawalpur', 40),
	('Sukkur', 33),
	('Jhang', 29),
	('Sheikhupura', 27),
	('Larkana', 27),
	('Gujrat', 25),
	('Mardan', 24),
	('Kasur', 24),
	('Rahim Yar Khan', 23),
	('Sahiwal', 21),
	('Okara', 20),
	('Wah', 20),
	('Dera Ghazi Khan', 19),
	('Mirpur Khas', 18),
	('Nawabshah', 18),
	('Mingora', 17),
	('Chiniot', 17),
	('Kamoke', 15),
	('Mandi Burewala', 15),
	('Jhelum', 15),
	('Sadiqabad', 14),
	('Jacobabad', 14),
	('Shikarpur', 13),
	('Khanewal', 13),
	('Hafizabad', 13),
	('Kohat', 13),
	('Muzaffargarh', 12),
	('Khanpur', 12),
	('Gojra', 12),
	('Bahawalnagar', 11),
	('Muridke', 11),
	('Pak Pattan', 11),
	('Abottabad', 11),
	('Tando Adam', 10),
	('Jaranwala', 10),
	('Khairpur', 10),
	('Chishtian Mandi', 10),
	('Daska', 10),
	('Dadu', 10),
	('Mandi Bahauddin', 10),
	('Ahmadpur East', 10),
	('Kamalia', 10),
	('Khuzdar', 9),
	('Vihari', 9),
	('Dera Ismail Khan', 9),
	('Wazirabad', 9),
	('Nowshera', 9),
	('Koror', 1),
	('Ciudad de Panamá', 47),
	('San Miguelito', 32),
	('Port Moresby', 25),
	('Asunción', 56),
	('Ciudad del Este', 13),
	('San Lorenzo', 13),
	('Lambaré', 10),
	('Fernando de la Mora', 10),
	('Lima', 646),
	('Arequipa', 76),
	('Trujillo', 65),
	('Chiclayo', 52),
	('Callao', 42),
	('Iquitos', 37),
	('Chimbote', 34),
	('Huancayo', 33),
	('Piura', 33),
	('Cusco', 29),
	('Pucallpa', 22),
	('Tacna', 22),
	('Ica', 19),
	('Sullana', 15),
	('Juliaca', 14),
	('Huánuco', 13),
	('Ayacucho', 12),
	('Chincha Alta', 11),
	('Cajamarca', 11),
	('Puno', 10),
	('Ventanilla', 10),
	('Castilla', 9),
	('Adamstown', 0),
	('Garapan', 1),
	('Lisboa', 56),
	('Porto', 27),
	('Amadora', 12),
	('Coímbra', 10),
	('Braga', 9),
	('San Juan', 43),
	('Bayamón', 22),
	('Ponce', 19),
	('Carolina', 19),
	('Caguas', 14),
	('Arecibo', 10),
	('Guaynabo', 10),
	('Mayagüez', 10),
	('Toa Baja', 9),
	('Warszawa', 162),
	('Lódz', 80),
	('Kraków', 74),
	('Wroclaw', 64),
	('Poznan', 58),
	('Gdansk', 46),
	('Szczecin', 42),
	('Bydgoszcz', 39),
	('Lublin', 36),
	('Katowice', 35),
	('Bialystok', 28),
	('Czestochowa', 26),
	('Gdynia', 25),
	('Sosnowiec', 24),
	('Radom', 23),
	('Kielce', 21),
	('Gliwice', 21),
	('Torun', 21),
	('Bytom', 21),
	('Zabrze', 20),
	('Bielsko-Biala', 18),
	('Olsztyn', 17),
	('Rzeszów', 16),
	('Ruda Slaska', 16),
	('Rybnik', 14),
	('Walbrzych', 14),
	('Tychy', 13),
	('Dabrowa Górnicza', 13),
	('Plock', 13),
	('Elblag', 13),
	('Opole', 13),
	('Gorzów Wielkopolski', 13),
	('Wloclawek', 12),
	('Chorzów', 12),
	('Tarnów', 12),
	('Zielona Góra', 12),
	('Koszalin', 11),
	('Legnica', 11),
	('Kalisz', 11),
	('Grudziadz', 10),
	('Slupsk', 10),
	('Jastrzebie-Zdrój', 10),
	('Jaworzno', 10),
	('Jelenia Góra', 9),
	('Malabo', 4),
	('Doha', 36),
	('Paris', 213),
	('Marseille', 80),
	('Lyon', 45),
	('Toulouse', 39),
	('Nice', 34),
	('Nantes', 27),
	('Strasbourg', 26),
	('Montpellier', 23),
	('Bordeaux', 22),
	('Rennes', 21),
	('Le Havre', 19),
	('Reims', 19),
	('Lille', 18),
	('St-Étienne', 18),
	('Toulon', 16),
	('Grenoble', 15),
	('Angers', 15),
	('Dijon', 15),
	('Brest', 15),
	('Le Mans', 15),
	('Clermont-Ferrand', 14),
	('Amiens', 14),
	('Aix-en-Provence', 13),
	('Limoges', 13),
	('Nîmes', 13),
	('Tours', 13),
	('Villeurbanne', 12),
	('Metz', 12),
	('Besançon', 12),
	('Caen', 11),
	('Orléans', 11),
	('Mulhouse', 11),
	('Rouen', 11),
	('Boulogne-Billancourt', 11),
	('Perpignan', 11),
	('Nancy', 10),
	('Roubaix', 10),
	('Argenteuil', 9),
	('Tourcoing', 9),
	('Montreuil', 9),
	('Cayenne', 5),
	('Faaa', 3),
	('Papeete', 3),
	('Saint-Denis', 13),
	('Bucuresti', 202),
	('Iasi', 35),
	('Constanta', 34),
	('Cluj-Napoca', 33),
	('Galati', 33),
	('Timisoara', 32),
	('Brasov', 31),
	('Craiova', 31),
	('Ploiesti', 25),
	('Braila', 23),
	('Oradea', 22),
	('Bacau', 21),
	('Pitesti', 19),
	('Arad', 18),
	('Sibiu', 17),
	('Târgu Mures', 17),
	('Baia Mare', 15),
	('Buzau', 15),
	('Satu Mare', 13),
	('Botosani', 13),
	('Piatra Neamt', 13),
	('Râmnicu Vâlcea', 12),
	('Suceava', 12),
	('Drobeta-Turnu Severin', 12),
	('Târgoviste', 10),
	('Focsani', 10),
	('Târgu Jiu', 10),
	('Tulcea', 10),
	('Resita', 9),
	('Kigali', 29),
	('Stockholm', 75),
	('Gothenburg [Göteborg]', 47),
	('Malmö', 26),
	('Uppsala', 19),
	('Linköping', 13),
	('Västerås', 13),
	('Örebro', 12),
	('Norrköping', 12),
	('Helsingborg', 12),
	('Jönköping', 12),
	('Umeå', 10),
	('Lund', 10),
	('Borås', 10),
	('Sundsvall', 9),
	('Gävle', 9),
	('Jamestown', 0),
	('Basseterre', 1),
	('Castries', 0),
	('Kingstown', 2),
	('Saint-Pierre', 1),
	('Berlin', 339),
	('Hamburg', 170),
	('Munich [München]', 119),
	('Köln', 96),
	('Frankfurt am Main', 64),
	('Essen', 60),
	('Dortmund', 59),
	('Stuttgart', 58),
	('Düsseldorf', 57),
	('Bremen', 54),
	('Duisburg', 52),
	('Hannover', 51),
	('Leipzig', 49),
	('Nürnberg', 49),
	('Dresden', 48),
	('Bochum', 39),
	('Wuppertal', 37),
	('Bielefeld', 32),
	('Mannheim', 31),
	('Bonn', 30),
	('Gelsenkirchen', 28),
	('Karlsruhe', 28),
	('Wiesbaden', 27),
	('Münster', 26),
	('Mönchengladbach', 26),
	('Chemnitz', 26),
	('Augsburg', 25),
	('Halle/Saale', 25),
	('Braunschweig', 25),
	('Aachen', 24),
	('Krefeld', 24),
	('Magdeburg', 24),
	('Kiel', 23),
	('Oberhausen', 22),
	('Lübeck', 21),
	('Hagen', 21),
	('Rostock', 20),
	('Freiburg im Breisgau', 20),
	('Erfurt', 20),
	('Kassel', 20),
	('Saarbrücken', 18),
	('Mainz', 18),
	('Hamm', 18),
	('Herne', 18),
	('Mülheim an der Ruhr', 17),
	('Solingen', 17),
	('Osnabrück', 16),
	('Ludwigshafen am Rhein', 16),
	('Leverkusen', 16),
	('Oldenburg', 15),
	('Neuss', 15),
	('Heidelberg', 14),
	('Darmstadt', 14),
	('Paderborn', 14),
	('Potsdam', 13),
	('Würzburg', 13),
	('Regensburg', 13),
	('Recklinghausen', 13),
	('Göttingen', 12),
	('Bremerhaven', 12),
	('Wolfsburg', 12),
	('Bottrop', 12),
	('Remscheid', 12),
	('Heilbronn', 12),
	('Pforzheim', 12),
	('Offenbach am Main', 12),
	('Ulm', 12),
	('Ingolstadt', 11),
	('Gera', 11),
	('Salzgitter', 11),
	('Cottbus', 11),
	('Reutlingen', 11),
	('Fürth', 11),
	('Siegen', 11),
	('Koblenz', 11),
	('Moers', 11),
	('Bergisch Gladbach', 11),
	('Zwickau', 10),
	('Hildesheim', 10),
	('Witten', 10),
	('Schwerin', 10),
	('Erlangen', 10),
	('Kaiserslautern', 10),
	('Trier', 10),
	('Jena', 10),
	('Iserlohn', 10),
	('Gütersloh', 10),
	('Marl', 9),
	('Lünen', 9),
	('Düren', 9),
	('Ratingen', 9),
	('Velbert', 9),
	('Esslingen am Neckar', 9),
	('Honiara', 5),
	('Lusaka', 132),
	('Ndola', 33),
	('Kitwe', 29),
	('Kabwe', 15),
	('Chingola', 14),
	('Mufulira', 12),
	('Luanshya', 12),
	('Apia', 4),
	('Serravalle', 0),
	('San Marino', 0),
	('São Tomé', 5),
	('Riyadh', 332),
	('Jedda', 205),
	('Mekka', 97),
	('Medina', 61),
	('al-Dammam', 48),
	('al-Taif', 42),
	('Tabuk', 29),
	('Burayda', 25),
	('al-Hufuf', 23),
	('al-Mubarraz', 22),
	('Khamis Mushayt', 22),
	('Hail', 18),
	('al-Kharj', 15),
	('al-Khubar', 14),
	('Jubayl', 14),
	('Hafar al-Batin', 14),
	('al-Tuqba', 13),
	('Yanbu', 12),
	('Abha', 11),
	('Ara´ar', 11),
	('al-Qatif', 10),
	('al-Hawiya', 9),
	('Unayza', 9),
	('Najran', 9),
	('Pikine', 86),
	('Dakar', 79),
	('Thiès', 25),
	('Kaolack', 20),
	('Ziguinchor', 19),
	('Rufisque', 15),
	('Saint-Louis', 13),
	('Mbour', 11),
	('Diourbel', 10),
	('Victoria', 4),
	('Freetown', 85),
	('Singapore', 402),
	('Bratislava', 45),
	('Košice', 24),
	('Prešov', 9),
	('Ljubljana', 27),
	('Maribor', 12),
	('Mogadishu', 100),
	('Hargeysa', 9),
	('Kismaayo', 9),
	('Colombo', 65),
	('Dehiwala', 20),
	('Moratuwa', 19),
	('Jaffna', 15),
	('Kandy', 14),
	('Sri Jayawardenepura Kotte', 12),
	('Negombo', 10),
	('Omdurman', 127),
	('Khartum', 95),
	('Sharq al-Nil', 70),
	('Port Sudan', 31),
	('Kassala', 23),
	('Obeid', 23),
	('Nyala', 23),
	('Wad Madani', 21),
	('al-Qadarif', 19),
	('Kusti', 17),
	('al-Fashir', 14),
	('Juba', 11),
	('Helsinki [Helsingfors]', 56),
	('Espoo', 21),
	('Tampere', 20),
	('Vantaa', 18),
	('Turku [Åbo]', 17),
	('Oulu', 12),
	('Lahti', 10),
	('Paramaribo', 11),
	('Mbabane', 6),
	('Zürich', 34),
	('Geneve', 17),
	('Basel', 17),
	('Bern', 12),
	('Lausanne', 11),
	('Damascus', 135),
	('Aleppo', 126),
	('Hims', 51),
	('Hama', 34),
	('Latakia', 26),
	('al-Qamishliya', 14),
	('Dayr al-Zawr', 14),
	('Jaramana', 14),
	('Duma', 13),
	('al-Raqqa', 11),
	('Idlib', 9),
	('Dushanbe', 52),
	('Khujand', 16),
	('Taipei', 264),
	('Kaohsiung', 148),
	('Taichung', 94),
	('Tainan', 73),
	('Panchiao', 52),
	('Chungho', 39),
	('Keelung (Chilung)', 39),
	('Sanchung', 38),
	('Hsinchuang', 37),
	('Hsinchu', 36),
	('Chungli', 32),
	('Fengshan', 32),
	('Taoyuan', 32),
	('Chiayi', 27),
	('Hsintien', 26),
	('Changhwa', 23),
	('Yungho', 23),
	('Tucheng', 22),
	('Pingtung', 21),
	('Yungkang', 19),
	('Pingchen', 19),
	('Tali', 17),
	('Taiping', 17),
	('Pate', 16),
	('Fengyuan', 16),
	('Luchou', 16),
	('Hsichuh', 15),
	('Shulin', 15),
	('Yuanlin', 13),
	('Yangmei', 13),
	('Taliao', 12),
	('Kueishan', 11),
	('Tanshui', 11),
	('Taitung', 11),
	('Hualien', 11),
	('Nantou', 10),
	('Lungtan', 10),
	('Touliu', 10),
	('Tsaotun', 10),
	('Kangshan', 9),
	('Ilan', 9),
	('Miaoli', 9),
	('Dar es Salaam', 175),
	('Dodoma', 19),
	('Mwanza', 17),
	('Zanzibar', 16),
	('Tanga', 14),
	('Mbeya', 13),
	('Morogoro', 12),
	('Arusha', 10),
	('Moshi', 10),
	('Tabora', 9),
	('København', 50),
	('Århus', 28),
	('Odense', 18),
	('Aalborg', 16),
	('Frederiksberg', 9),
	('Bangkok', 632),
	('Nonthaburi', 29),
	('Nakhon Ratchasima', 18),
	('Chiang Mai', 17),
	('Udon Thani', 16),
	('Hat Yai', 15),
	('Khon Kaen', 13),
	('Pak Kret', 13),
	('Nakhon Sawan', 12),
	('Ubon Ratchathani', 12),
	('Songkhla', 9),
	('Nakhon Pathom', 9),
	('Lomé', 38),
	('Fakaofo', 0),
	('Nuku´alofa', 2),
	('Chaguanas', 6),
	('Port-of-Spain', 4),
	('N´Djaména', 53),
	('Moundou', 10),
	('Praha', 118),
	('Brno', 38),
	('Ostrava', 32),
	('Plzen', 17),
	('Olomouc', 10),
	('Liberec', 10),
	('Ceské Budejovice', 10),
	('Hradec Králové', 10),
	('Ústí nad Labem', 10),
	('Pardubice', 9),
	('Tunis', 69),
	('Sfax', 26),
	('Ariana', 20),
	('Ettadhamen', 18),
	('Sousse', 15),
	('Kairouan', 11),
	('Biserta', 11),
	('Gabès', 11),
	('Istanbul', 879),
	('Ankara', 304),
	('Izmir', 213),
	('Adana', 113),
	('Bursa', 110),
	('Gaziantep', 79),
	('Konya', 63),
	('Mersin (Içel)', 59),
	('Antalya', 56),
	('Diyarbakir', 48),
	('Kayseri', 48),
	('Eskisehir', 47),
	('Sanliurfa', 41),
	('Samsun', 34),
	('Malatya', 33),
	('Gebze', 26),
	('Denizli', 25),
	('Sivas', 25),
	('Erzurum', 25),
	('Tarsus', 25),
	('Kahramanmaras', 25),
	('Elâzig', 23),
	('Van', 22),
	('Sultanbeyli', 21),
	('Izmit (Kocaeli)', 21),
	('Manisa', 21),
	('Batman', 20),
	('Balikesir', 20),
	('Sakarya (Adapazari)', 19),
	('Iskenderun', 15),
	('Osmaniye', 15),
	('Çorum', 15),
	('Kütahya', 14),
	('Hatay (Antakya)', 14),
	('Kirikkale', 14),
	('Adiyaman', 14),
	('Trabzon', 14),
	('Ordu', 13),
	('Aydin', 13),
	('Usak', 13),
	('Edirne', 12),
	('Çorlu', 12),
	('Isparta', 12),
	('Karabük', 12),
	('Kilis', 12),
	('Alanya', 12),
	('Kiziltepe', 11),
	('Zonguldak', 11),
	('Siirt', 11),
	('Viransehir', 11),
	('Tekirdag', 11),
	('Karaman', 10),
	('Afyon', 10),
	('Aksaray', 10),
	('Ceyhan', 10),
	('Erzincan', 10),
	('Bismil', 10),
	('Nazilli', 10),
	('Tokat', 10),
	('Kars', 9),
	('Inegöl', 9),
	('Bandirma', 9),
	('Ashgabat', 54),
	('Chärjew', 19),
	('Dashhowuz', 14),
	('Mary', 10),
	('Cockburn Town', 0),
	('Funafuti', 0),
	('Kampala', 89),
	('Kyiv', 262),
	('Harkova [Harkiv]', 150),
	('Dnipropetrovsk', 110),
	('Donetsk', 105),
	('Odesa', 101),
	('Zaporizzja', 85),
	('Lviv', 79),
	('Kryvyi Rig', 70),
	('Mykolajiv', 51),
	('Mariupol', 49),
	('Lugansk', 47),
	('Vinnytsja', 39),
	('Makijivka', 38),
	('Herson', 35),
	('Sevastopol', 35),
	('Simferopol', 34),
	('Pultava [Poltava]', 31),
	('Tšernigiv', 31),
	('Tšerkasy', 31),
	('Gorlivka', 30),
	('Zytomyr', 30),
	('Sumy', 29),
	('Dniprodzerzynsk', 27),
	('Kirovograd', 27),
	('Hmelnytskyi', 26),
	('Tšernivtsi', 26),
	('Rivne', 25),
	('Krementšuk', 24),
	('Ivano-Frankivsk', 24),
	('Ternopil', 24),
	('Lutsk', 22),
	('Bila Tserkva', 22),
	('Kramatorsk', 19),
	('Melitopol', 17),
	('Kertš', 16),
	('Nikopol', 15),
	('Berdjansk', 13),
	('Pavlograd', 13),
	('Sjeverodonetsk', 13),
	('Slovjansk', 13),
	('Uzgorod', 13),
	('Altševsk', 12),
	('Lysytšansk', 12),
	('Jevpatorija', 11),
	('Kamjanets-Podilskyi', 11),
	('Jenakijeve', 11),
	('Krasnyi Lutš', 10),
	('Stahanov', 10),
	('Oleksandrija', 10),
	('Konotop', 10),
	('Kostjantynivka', 10),
	('Berdytšiv', 9),
	('Izmajil', 9),
	('Šostka', 9),
	('Uman', 9),
	('Brovary', 9),
	('Mukatševe', 9),
	('Budapest', 181),
	('Debrecen', 20),
	('Miskolc', 17),
	('Szeged', 16),
	('Pécs', 16),
	('Györ', 13),
	('Nyiregyháza', 11),
	('Kecskemét', 11),
	('Székesfehérvár', 11),
	('Montevideo', 124),
	('Nouméa', 8),
	('Auckland', 38),
	('Christchurch', 32),
	('Manukau', 28),
	('North Shore', 19),
	('Waitakere', 17),
	('Wellington', 17),
	('Dunedin', 12),
	('Hamilton', 12),
	('Lower Hutt', 10),
	('Toskent', 212),
	('Namangan', 37),
	('Samarkand', 36),
	('Andijon', 32),
	('Buhoro', 24),
	('Karsi', 19),
	('Nukus', 19),
	('Kükon', 19),
	('Fargona', 18),
	('Circik', 15),
	('Margilon', 14),
	('Ürgenc', 14),
	('Angren', 13),
	('Cizah', 12),
	('Navoi', 12),
	('Olmalik', 11),
	('Termiz', 11),
	('Minsk', 167),
	('Gomel', 48),
	('Mogiljov', 36),
	('Vitebsk', 34),
	('Grodno', 30),
	('Brest', 29),
	('Bobruisk', 22),
	('Baranovitši', 17),
	('Borisov', 15),
	('Pinsk', 13),
	('Orša', 12),
	('Mozyr', 11),
	('Novopolotsk', 11),
	('Lida', 10),
	('Soligorsk', 10),
	('Molodetšno', 10),
	('Mata-Utu', 0),
	('Port-Vila', 3),
	('Città del Vaticano', 0),
	('Caracas', 198),
	('Maracaíbo', 130),
	('Barquisimeto', 88),
	('Valencia', 79),
	('Ciudad Guayana', 66),
	('Petare', 49),
	('Maracay', 44),
	('Barcelona', 32),
	('Maturín', 32),
	('San Cristóbal', 32),
	('Ciudad Bolívar', 30),
	('Cumaná', 29),
	('Mérida', 22),
	('Cabimas', 22),
	('Barinas', 22),
	('Turmero', 22),
	('Baruta', 21),
	('Puerto Cabello', 19),
	('Santa Ana de Coro', 19),
	('Los Teques', 18),
	('Punto Fijo', 17),
	('Guarenas', 17),
	('Acarigua', 16),
	('Puerto La Cruz', 16),
	('Ciudad Losada', 13),
	('Guacara', 13),
	('Valera', 13),
	('Guanare', 13),
	('Carúpano', 12),
	('Catia La Mar', 12),
	('El Tigre', 12),
	('Guatire', 11),
	('Calabozo', 11),
	('Pozuelos', 11),
	('Ciudad Ojeda', 10),
	('Ocumare del Tuy', 10),
	('Valle de la Pascua', 10),
	('Araure', 9),
	('San Fernando de Apure', 9),
	('San Felipe', 9),
	('El Limón', 9),
	('Moscow', 839),
	('St Petersburg', 469),
	('Novosibirsk', 140),
	('Nizni Novgorod', 136),
	('Jekaterinburg', 127),
	('Samara', 116),
	('Omsk', 115),
	('Kazan', 110),
	('Ufa', 109),
	('Tšeljabinsk', 108),
	('Rostov-na-Donu', 101),
	('Perm', 101),
	('Volgograd', 99),
	('Voronez', 91),
	('Krasnojarsk', 88),
	('Saratov', 87),
	('Toljatti', 72),
	('Uljanovsk', 67),
	('Izevsk', 65),
	('Krasnodar', 64),
	('Jaroslavl', 62),
	('Habarovsk', 61),
	('Vladivostok', 61),
	('Irkutsk', 59),
	('Barnaul', 58),
	('Novokuznetsk', 56),
	('Penza', 53),
	('Rjazan', 53),
	('Orenburg', 52),
	('Lipetsk', 52),
	('Nabereznyje Tšelny', 51),
	('Tula', 51),
	('Tjumen', 50),
	('Kemerovo', 49),
	('Astrahan', 49),
	('Tomsk', 48),
	('Kirov', 47),
	('Ivanovo', 46),
	('Tšeboksary', 46),
	('Brjansk', 46),
	('Tver', 45),
	('Kursk', 44),
	('Magnitogorsk', 43),
	('Kaliningrad', 42),
	('Nizni Tagil', 39),
	('Murmansk', 38),
	('Ulan-Ude', 37),
	('Kurgan', 36),
	('Arkangeli', 36),
	('Sotši', 36),
	('Smolensk', 35),
	('Orjol', 34),
	('Stavropol', 34),
	('Belgorod', 34),
	('Kaluga', 34),
	('Vladimir', 34),
	('Mahatškala', 33),
	('Tšerepovets', 32),
	('Saransk', 31),
	('Tambov', 31),
	('Vladikavkaz', 31),
	('Tšita', 31),
	('Vologda', 30),
	('Veliki Novgorod', 30),
	('Komsomolsk-na-Amure', 29),
	('Kostroma', 29),
	('Volzski', 29),
	('Taganrog', 28),
	('Petroskoi', 28),
	('Bratsk', 28),
	('Dzerzinsk', 28),
	('Surgut', 27),
	('Orsk', 27),
	('Sterlitamak', 27),
	('Angarsk', 26),
	('Joškar-Ola', 25),
	('Rybinsk', 24),
	('Prokopjevsk', 24),
	('Niznevartovsk', 23),
	('Naltšik', 23),
	('Syktyvkar', 23),
	('Severodvinsk', 23),
	('Bijsk', 23),
	('Niznekamsk', 22),
	('Blagoveštšensk', 22),
	('Šahty', 22),
	('Staryi Oskol', 21),
	('Zelenograd', 21),
	('Balakovo', 21),
	('Novorossijsk', 20),
	('Pihkova', 20),
	('Zlatoust', 20),
	('Jakutsk', 20),
	('Podolsk', 19),
	('Petropavlovsk-Kamtšatski', 19),
	('Kamensk-Uralski', 19),
	('Engels', 19),
	('Syzran', 19),
	('Grozny', 19),
	('Novotšerkassk', 18),
	('Berezniki', 18),
	('Juzno-Sahalinsk', 18),
	('Volgodonsk', 18),
	('Abakan', 17),
	('Maikop', 17),
	('Miass', 17),
	('Armavir', 16),
	('Ljubertsy', 16),
	('Rubtsovsk', 16),
	('Kovrov', 16),
	('Nahodka', 16),
	('Ussurijsk', 16),
	('Salavat', 16),
	('Mytištši', 16),
	('Kolomna', 15),
	('Elektrostal', 15),
	('Murom', 14),
	('Kolpino', 14),
	('Norilsk', 14),
	('Almetjevsk', 14),
	('Novomoskovsk', 14),
	('Dimitrovgrad', 14),
	('Pervouralsk', 14),
	('Himki', 13),
	('Balašiha', 13),
	('Nevinnomyssk', 13),
	('Pjatigorsk', 13),
	('Korolev', 13),
	('Serpuhov', 13),
	('Odintsovo', 13),
	('Orehovo-Zujevo', 12),
	('Kamyšin', 12),
	('Novotšeboksarsk', 12),
	('Tšerkessk', 12),
	('Atšinsk', 12),
	('Magadan', 12),
	('Mitšurinsk', 12),
	('Kislovodsk', 12),
	('Jelets', 12),
	('Seversk', 12),
	('Noginsk', 12),
	('Velikije Luki', 12),
	('Novokuibyševsk', 12),
	('Neftekamsk', 12),
	('Leninsk-Kuznetski', 11),
	('Oktjabrski', 11),
	('Sergijev Posad', 11),
	('Arzamas', 11),
	('Kiseljovsk', 11),
	('Novotroitsk', 11),
	('Obninsk', 11),
	('Kansk', 11),
	('Glazov', 11),
	('Solikamsk', 11),
	('Sarapul', 11),
	('Ust-Ilimsk', 11),
	('Štšolkovo', 10),
	('Mezduretšensk', 10),
	('Usolje-Sibirskoje', 10),
	('Elista', 10),
	('Novošahtinsk', 10),
	('Votkinsk', 10),
	('Kyzyl', 10),
	('Serov', 10),
	('Zelenodolsk', 10),
	('Zeleznodoroznyi', 10),
	('Kinešma', 10),
	('Kuznetsk', 10),
	('Uhta', 10),
	('Jessentuki', 10),
	('Tobolsk', 10),
	('Neftejugansk', 10),
	('Bataisk', 10),
	('Nojabrsk', 10),
	('Balašov', 10),
	('Zeleznogorsk', 10),
	('Zukovski', 10),
	('Anzero-Sudzensk', 10),
	('Bugulma', 9),
	('Zeleznogorsk', 9),
	('Novouralsk', 9),
	('Puškin', 9),
	('Vorkuta', 9),
	('Derbent', 9),
	('Kirovo-Tšepetsk', 9),
	('Krasnogorsk', 9),
	('Klin', 9),
	('Tšaikovski', 9),
	('Novyi Urengoi', 9),
	('Ho Chi Minh City', 398),
	('Hanoi', 141),
	('Haiphong', 78),
	('Da Nang', 38),
	('Biên Hoa', 28),
	('Nha Trang', 22),
	('Hue', 22),
	('Can Tho', 22),
	('Cam Pha', 21),
	('Nam Dinh', 17),
	('Quy Nhon', 16),
	('Vung Tau', 15),
	('Rach Gia', 14),
	('Long Xuyen', 13),
	('Thai Nguyen', 13),
	('Hong Gai', 13),
	('Phan Thiêt', 11),
	('Cam Ranh', 11),
	('Vinh', 11),
	('My Tho', 11),
	('Da Lat', 11),
	('Buon Ma Thuot', 10),
	('Tallinn', 40),
	('Tartu', 10),
	('뉴욕', 0),
	('Los Angeles', 369),
	('Chicago', 290),
	('Houston', 195),
	('Philadelphia', 152),
	('Phoenix', 132),
	('San Diego', 122),
	('Dallas', 119),
	('San Antonio', 114),
	('Detroit', 95),
	('San Jose', 89),
	('Indianapolis', 79),
	('San Francisco', 78),
	('Jacksonville', 74),
	('Columbus', 71),
	('Austin', 66),
	('Baltimore', 65),
	('Memphis', 65),
	('Milwaukee', 60),
	('Boston', 59),
	('Washington', 57),
	('Nashville-Davidson', 57),
	('El Paso', 56),
	('Seattle', 56),
	('Denver', 55),
	('Charlotte', 54),
	('Fort Worth', 53),
	('Portland', 53),
	('Oklahoma City', 51),
	('Tucson', 49),
	('Las Vegas', 48),
	('Cleveland', 48),
	('Long Beach', 46),
	('Albuquerque', 45),
	('Kansas City', 44),
	('Fresno', 43),
	('Virginia Beach', 43),
	('Atlanta', 42),
	('Sacramento', 41),
	('Oakland', 40),
	('Mesa', 40),
	('Tulsa', 39),
	('Omaha', 39),
	('Minneapolis', 38),
	('Honolulu', 37),
	('Miami', 36),
	('Colorado Springs', 36),
	('Saint Louis', 35),
	('Wichita', 34),
	('Santa Ana', 34),
	('Pittsburgh', 33),
	('Arlington', 33),
	('Cincinnati', 33),
	('Anaheim', 33),
	('Toledo', 31),
	('Tampa', 30),
	('Buffalo', 29),
	('Saint Paul', 29),
	('Corpus Christi', 28),
	('Aurora', 28),
	('Raleigh', 28),
	('Lexington-Fayette', 26),
	('Anchorage', 26),
	('Louisville', 26),
	('Riverside', 26),
	('Saint Petersburg', 25),
	('Bakersfield', 25),
	('Stockton', 24),
	('Birmingham', 24),
	('Jersey City', 24),
	('Norfolk', 23),
	('Baton Rouge', 23),
	('Hialeah', 23),
	('Lincoln', 23),
	('Greensboro', 22),
	('Plano', 22),
	('Rochester', 22),
	('Glendale', 22),
	('Akron', 22),
	('Garland', 22),
	('Madison', 21),
	('Fort Wayne', 21),
	('Fremont', 20),
	('Scottsdale', 20),
	('Montgomery', 20),
	('Shreveport', 20),
	('Augusta-Richmond County', 20),
	('Lubbock', 20),
	('Chesapeake', 20),
	('Mobile', 20),
	('Des Moines', 20),
	('Grand Rapids', 20),
	('Richmond', 20),
	('Yonkers', 20),
	('Spokane', 20),
	('Glendale', 19),
	('Tacoma', 19),
	('Irving', 19),
	('Huntington Beach', 19),
	('Modesto', 19),
	('Durham', 19),
	('Columbus', 19),
	('Orlando', 19),
	('Boise City', 19),
	('Winston-Salem', 19),
	('San Bernardino', 19),
	('Jackson', 18),
	('Little Rock', 18),
	('Salt Lake City', 18),
	('Reno', 18),
	('Chandler', 18),
	('Laredo', 18),
	('Henderson', 18),
	('Arlington', 17),
	('Knoxville', 17),
	('Amarillo', 17),
	('Providence', 17),
	('Chula Vista', 17),
	('Worcester', 17),
	('Oxnard', 17),
	('Dayton', 17),
	('Garden Grove', 17),
	('Oceanside', 16),
	('Tempe', 16),
	('Huntsville', 16),
	('Ontario', 16),
	('Chattanooga', 16),
	('Fort Lauderdale', 15),
	('Springfield', 15),
	('Springfield', 15),
	('Santa Clarita', 15),
	('Salinas', 15),
	('Tallahassee', 15),
	('Rockford', 15),
	('Pomona', 15),
	('Metairie', 15),
	('Paterson', 15),
	('Overland Park', 15),
	('Santa Rosa', 15),
	('Syracuse', 15),
	('Kansas City', 15),
	('Hampton', 15),
	('Lakewood', 14),
	('Vancouver', 14),
	('Irvine', 14),
	('Aurora', 14),
	('Moreno Valley', 14),
	('Pasadena', 14),
	('Hayward', 14),
	('Brownsville', 14),
	('Bridgeport', 14),
	('Hollywood', 14),
	('Warren', 14),
	('Torrance', 14),
	('Eugene', 14),
	('Pembroke Pines', 14),
	('Salem', 14),
	('Pasadena', 13),
	('Escondido', 13),
	('Sunnyvale', 13),
	('Savannah', 13),
	('Fontana', 13),
	('Orange', 13),
	('Naperville', 13),
	('Alexandria', 13),
	('Rancho Cucamonga', 13),
	('Grand Prairie', 13),
	('East Los Angeles', 13),
	('Fullerton', 13),
	('Corona', 12),
	('Flint', 12),
	('Paradise', 12),
	('Mesquite', 12),
	('Sterling Heights', 12),
	('Sioux Falls', 12),
	('Topeka', 12),
	('Concord', 12),
	('Evansville', 12),
	('Hartford', 12),
	('Fayetteville', 12),
	('Cedar Rapids', 12),
	('Elizabeth', 12),
	('Lansing', 12),
	('Lancaster', 12),
	('Fort Collins', 12),
	('Coral Springs', 12),
	('Stamford', 12),
	('Thousand Oaks', 12),
	('Vallejo', 12),
	('Palmdale', 12),
	('Columbia', 12),
	('El Monte', 12),
	('Abilene', 12),
	('North Las Vegas', 12),
	('Ann Arbor', 11),
	('Beaumont', 11),
	('Waco', 11),
	('Macon', 11),
	('Independence', 11),
	('Peoria', 11),
	('Inglewood', 11),
	('Springfield', 11),
	('Simi Valley', 11),
	('Lafayette', 11),
	('Gilbert', 11),
	('Carrollton', 11),
	('Bellevue', 11),
	('West Valley City', 11),
	('Clarksville', 11),
	('Costa Mesa', 11),
	('Peoria', 11),
	('South Bend', 11),
	('Downey', 11),
	('Waterbury', 11),
	('Manchester', 11),
	('Allentown', 11),
	('McAllen', 11),
	('Joliet', 11),
	('Lowell', 11),
	('Provo', 11),
	('West Covina', 11),
	('Wichita Falls', 10),
	('Erie', 10),
	('Daly City', 10),
	('Citrus Heights', 10),
	('Norwalk', 10),
	('Gary', 10),
	('Berkeley', 10),
	('Santa Clara', 10),
	('Green Bay', 10),
	('Cape Coral', 10),
	('Arvada', 10),
	('Pueblo', 10),
	('Sandy', 10),
	('Athens-Clarke County', 10),
	('Cambridge', 10),
	('Westminster', 10),
	('San Buenaventura', 10),
	('Portsmouth', 10),
	('Livonia', 10),
	('Burbank', 10),
	('Clearwater', 10),
	('Midland', 10),
	('Davenport', 10),
	('Mission Viejo', 10),
	('Miami Beach', 10),
	('Sunrise Manor', 10),
	('El Cajon', 9),
	('Norman', 9),
	('Richmond', 9),
	('Albany', 9),
	('Brockton', 9),
	('Roanoke', 9),
	('Billings', 9),
	('Compton', 9),
	('Gainesville', 9),
	('Fairfield', 9),
	('Arden-Arcade', 9),
	('San Mateo', 9),
	('Visalia', 9),
	('Boulder', 9),
	('Cary', 9),
	('Santa Monica', 9),
	('Fall River', 9),
	('Kenosha', 9),
	('Elgin', 9),
	('Odessa', 9),
	('Carson', 9),
	('Charleston', 9),
	('Charlotte Amalie', 1),
	('Harare', 141),
	('Bulawayo', 62),
	('Chitungwiza', 27),
	('Mount Darwin', 16),
	('Mutare', 13),
	('Gweru', 13),
	('Gaza', 35),
	('Khan Yunis', 12),
	('Hebron', 12),
	('Jabaliya', 11),
	('Nablus', 10),
	('Rafah', 9),
	('Kabul', 178),
	('Qandahar', 24),
	('Herat', 19),
	('Mazar-e-Sharif', 13),
	('Amsterdam', 73),
	('Rotterdam', 59),
	('Haag', 44),
	('Utrecht', 23),
	('Eindhoven', 20),
	('Tilburg', 19),
	('Groningen', 17),
	('Breda', 16),
	('Apeldoorn', 15),
	('Nijmegen', 15),
	('Enschede', 15),
	('Haarlem', 15),
	('Almere', 14),
	('Arnhem', 14),
	('Zaanstad', 14),
	('´s-Hertogenbosch', 13),
	('Amersfoort', 13),
	('Maastricht', 12),
	('Dordrecht', 12),
	('Leiden', 12),
	('Haarlemmermeer', 11),
	('Zoetermeer', 11),
	('Emmen', 11),
	('Zwolle', 11),
	('Ede', 10),
	('Delft', 10),
	('Heerlen', 10),
	('Alkmaar', 9),
	('Willemstad', 0),
	('Tirana', 27),
	('Alger', 217),
	('Oran', 61),
	('Constantine', 44),
	('Annaba', 22),
	('Batna', 18),
	('Sétif', 18),
	('Sidi Bel Abbès', 15),
	('Skikda', 13),
	('Biskra', 13),
	('Blida (el-Boulaida)', 13),
	('Béjaïa', 12),
	('Mostaganem', 12),
	('Tébessa', 11),
	('Tlemcen (Tilimsen)', 11),
	('Béchar', 11),
	('Tiaret', 10),
	('Ech-Chleff (el-Asnam)', 10),
	('Ghardaïa', 9),
	('Tafuna', 1),
	('Fagatogo', 0),
	('Andorra la Vella', 2),
	('Luanda', 202),
	('Huambo', 16),
	('Lobito', 13),
	('Benguela', 13),
	('Namibe', 12),
	('South Hill', 0),
	('The Valley', 0),
	('Saint John´s', 2),
	('Dubai', 67),
	('Abu Dhabi', 40),
	('Sharja', 32),
	('al-Ayn', 23),
	('Ajman', 11),
	('Buenos Aires', 298),
	('La Matanza', 127),
	('Córdoba', 116),
	('Rosario', 91),
	('Lomas de Zamora', 62),
	('Quilmes', 56),
	('Almirante Brown', 54),
	('La Plata', 52),
	('Mar del Plata', 51),
	('San Miguel de Tucumán', 47),
	('Lanús', 47),
	('Merlo', 46),
	('General San Martín', 42),
	('Salta', 37),
	('Moreno', 36),
	('Santa Fé', 35),
	('Avellaneda', 35),
	('Tres de Febrero', 35),
	('Morón', 35),
	('Florencio Varela', 32),
	('San Isidro', 31),
	('Tigre', 30),
	('Malvinas Argentinas', 29),
	('Vicente López', 29),
	('Berazategui', 28),
	('Corrientes', 26),
	('San Miguel', 25),
	('Bahía Blanca', 24),
	('Esteban Echeverría', 24),
	('Resistencia', 23),
	('José C. Paz', 22),
	('Paraná', 21),
	('Godoy Cruz', 21),
	('Posadas', 20),
	('Guaymallén', 20),
	('Santiago del Estero', 19),
	('San Salvador de Jujuy', 18),
	('Hurlingham', 17),
	('Neuquén', 17),
	('Ituzaingó', 16),
	('San Fernando', 15),
	('Formosa', 15),
	('Las Heras', 15),
	('La Rioja', 14),
	('San Fernando del Valle de Cata', 13),
	('Río Cuarto', 13),
	('Comodoro Rivadavia', 12),
	('Mendoza', 12),
	('San Nicolás de los Arroyos', 12),
	('San Juan', 12),
	('Escobar', 12),
	('Concordia', 12),
	('Pilar', 11),
	('San Luis', 11),
	('Ezeiza', 10),
	('San Rafael', 9),
	('Tandil', 9),
	('Yerevan', 125),
	('Gjumri', 21),
	('Vanadzor', 17),
	('Oranjestad', 3),
	('Sydney', 328),
	('Melbourne', 287),
	('Brisbane', 129),
	('Perth', 110),
	('Adelaide', 98),
	('Canberra', 32),
	('Gold Coast', 31),
	('Central Coast', 23),
	('Wollongong', 22),
	('Hobart', 13),
	('Geelong', 13),
	('Townsville', 11),
	('Cairns', 9),
	('Baku', 179),
	('Gäncä', 30),
	('Sumqayit', 28),
	('Mingäçevir', 9),
	('Nassau', 17),
	('al-Manama', 15),
	('Dhaka', 361),
	('Chittagong', 139),
	('Khulna', 66),
	('Rajshahi', 29),
	('Narayanganj', 20),
	('Rangpur', 19),
	('Mymensingh', 19),
	('Barisal', 17),
	('Tungi', 17),
	('Jessore', 14),
	('Comilla', 14),
	('Nawabganj', 13),
	('Dinajpur', 13),
	('Bogra', 12),
	('Sylhet', 12),
	('Brahmanbaria', 11),
	('Tangail', 11),
	('Jamalpur', 10),
	('Pabna', 10),
	('Naogaon', 10),
	('Sirajganj', 10),
	('Narsinghdi', 10),
	('Saidpur', 10),
	('Gazipur', 10),
	('Bridgetown', 1),
	('Antwerpen', 45),
	('Gent', 22),
	('Charleroi', 20),
	('Liège', 19),
	('Bruxelles [Brussel]', 13),
	('Brugge', 12),
	('Schaerbeek', 11),
	('Namur', 11),
	('Mons', 9),
	('Belize City', 6),
	('Belmopan', 1),
	('Cotonou', 54),
	('Porto-Novo', 19),
	('Djougou', 13),
	('Parakou', 10),
	('Saint George', 0),
	('Hamilton', 0),
	('Thimphu', 2),
	('Santa Cruz de la Sierra', 94),
	('La Paz', 76),
	('El Alto', 53),
	('Cochabamba', 48),
	('Oruro', 22),
	('Sucre', 18),
	('Potosí', 14),
	('Tarija', 13),
	('Sarajevo', 36),
	('Banja Luka', 14),
	('Zenica', 10),
	('Gaborone', 21),
	('Francistown', 10),
	('São Paulo', 997),
	('Rio de Janeiro', 560),
	('Salvador', 230),
	('Belo Horizonte', 214),
	('Fortaleza', 210),
	('Brasília', 197),
	('Curitiba', 158),
	('Recife', 138),
	('Porto Alegre', 131),
	('Manaus', 126),
	('Belém', 119),
	('Guarulhos', 110),
	('Goiânia', 106),
	('Campinas', 95),
	('São Gonçalo', 87),
	('Nova Iguaçu', 86),
	('São Luís', 84),
	('Maceió', 79),
	('Duque de Caxias', 75),
	('São Bernardo do Campo', 72),
	('Teresina', 69),
	('Natal', 69),
	('Osasco', 66),
	('Campo Grande', 65),
	('Santo André', 63),
	('João Pessoa', 58),
	('Jaboatão dos Guararapes', 56),
	('Contagem', 52),
	('São José dos Campos', 52),
	('Uberlândia', 49),
	('Feira de Santana', 48),
	('Ribeirão Preto', 47),
	('Sorocaba', 47),
	('Niterói', 46),
	('Cuiabá', 45),
	('Juiz de Fora', 45),
	('Aracaju', 45),
	('São João de Meriti', 44),
	('Londrina', 43),
	('Joinville', 43),
	('Belford Roxo', 43),
	('Santos', 41),
	('Ananindeua', 40),
	('Campos dos Goytacazes', 40),
	('Mauá', 38),
	('Carapicuíba', 36),
	('Olinda', 35),
	('Campina Grande', 35),
	('São José do Rio Preto', 35),
	('Caxias do Sul', 35),
	('Moji das Cruzes', 34),
	('Diadema', 34),
	('Aparecida de Goiânia', 32),
	('Piracicaba', 32),
	('Cariacica', 32),
	('Vila Velha', 32),
	('Pelotas', 32),
	('Bauru', 31),
	('Porto Velho', 31),
	('Serra', 30),
	('Betim', 30),
	('Jundíaí', 30),
	('Canoas', 29),
	('Franca', 29),
	('São Vicente', 29),
	('Maringá', 29),
	('Montes Claros', 29),
	('Anápolis', 28),
	('Florianópolis', 28),
	('Petrópolis', 28),
	('Itaquaquecetuba', 27),
	('Vitória', 27),
	('Ponta Grossa', 27),
	('Rio Branco', 26),
	('Foz do Iguaçu', 26),
	('Macapá', 26),
	('Ilhéus', 25),
	('Vitória da Conquista', 25),
	('Uberaba', 25),
	('Paulista', 25),
	('Limeira', 25),
	('Blumenau', 24),
	('Caruaru', 24),
	('Santarém', 24),
	('Volta Redonda', 24),
	('Novo Hamburgo', 24),
	('Caucaia', 24),
	('Santa Maria', 24),
	('Cascavel', 24),
	('Guarujá', 24),
	('Ribeirão das Neves', 23),
	('Governador Valadares', 23),
	('Taubaté', 23),
	('Imperatriz', 22),
	('Gravataí', 22),
	('Embu', 22),
	('Mossoró', 21),
	('Várzea Grande', 21),
	('Petrolina', 21),
	('Barueri', 21),
	('Viamão', 21),
	('Ipatinga', 21),
	('Juazeiro', 20),
	('Juazeiro do Norte', 20),
	('Taboão da Serra', 20),
	('São José dos Pinhais', 20),
	('Magé', 20),
	('Suzano', 20),
	('São Leopoldo', 19),
	('Marília', 19),
	('São Carlos', 19),
	('Sumaré', 19),
	('Presidente Prudente', 19),
	('Divinópolis', 19),
	('Sete Lagoas', 18),
	('Rio Grande', 18),
	('Itabuna', 18),
	('Jequié', 18),
	('Arapiraca', 18),
	('Colombo', 18),
	('Americana', 18),
	('Alvorada', 18),
	('Araraquara', 17),
	('Itaboraí', 17),
	('Santa Bárbara d´Oeste', 17),
	('Nova Friburgo', 17),
	('Jacareí', 17),
	('Araçatuba', 17),
	('Barra Mansa', 17),
	('Praia Grande', 17),
	('Marabá', 17),
	('Criciúma', 17),
	('Boa Vista', 17),
	('Passo Fundo', 17),
	('Dourados', 16),
	('Santa Luzia', 16),
	('Rio Claro', 16),
	('Maracanaú', 16),
	('Guarapuava', 16),
	('Rondonópolis', 16),
	('São José', 16),
	('Cachoeiro de Itapemirim', 16),
	('Nilópolis', 15),
	('Itapevi', 15),
	('Cabo de Santo Agostinho', 15),
	('Camaçari', 15),
	('Sobral', 15),
	('Itajaí', 15),
	('Chapecó', 14),
	('Cotia', 14),
	('Lages', 14),
	('Ferraz de Vasconcelos', 14),
	('Indaiatuba', 14),
	('Hortolândia', 14),
	('Caxias', 13),
	('São Caetano do Sul', 13),
	('Itu', 13),
	('Nossa Senhora do Socorro', 13),
	('Parnaíba', 13),
	('Poços de Caldas', 13),
	('Teresópolis', 13),
	('Barreiras', 13),
	('Castanhal', 13),
	('Alagoinhas', 13),
	('Itapecerica da Serra', 13),
	('Uruguaiana', 13),
	('Paranaguá', 13),
	('Ibirité', 13),
	('Timon', 13),
	('Luziânia', 13),
	('Macaé', 13),
	('Teófilo Otoni', 12),
	('Moji-Guaçu', 12),
	('Palmas', 12),
	('Pindamonhangaba', 12),
	('Francisco Morato', 12),
	('Bagé', 12),
	('Sapucaia do Sul', 12),
	('Cabo Frio', 12),
	('Itapetininga', 12),
	('Patos de Minas', 12),
	('Camaragibe', 12),
	('Bragança Paulista', 12),
	('Queimados', 12),
	('Araguaína', 11),
	('Garanhuns', 11),
	('Vitória de Santo Antão', 11),
	('Santa Rita', 11),
	('Barbacena', 11),
	('Abaetetuba', 11),
	('Jaú', 11),
	('Lauro de Freitas', 11),
	('Franco da Rocha', 11),
	('Teixeira de Freitas', 11),
	('Varginha', 11),
	('Ribeirão Pires', 11),
	('Sabará', 11),
	('Catanduva', 11),
	('Rio Verde', 11),
	('Botucatu', 11),
	('Colatina', 11),
	('Santa Cruz do Sul', 11),
	('Linhares', 11),
	('Apucarana', 11),
	('Barretos', 10),
	('Guaratinguetá', 10),
	('Cachoeirinha', 10),
	('Codó', 10),
	('Jaraguá do Sul', 10),
	('Cubatão', 10),
	('Itabira', 10),
	('Itaituba', 10),
	('Araras', 10),
	('Resende', 10),
	('Atibaia', 10),
	('Pouso Alegre', 10),
	('Toledo', 10),
	('Crato', 10),
	('Passos', 10),
	('Araguari', 10),
	('São José de Ribamar', 10),
	('Pinhais', 10),
	('Sertãozinho', 10),
	('Conselheiro Lafaiete', 10),
	('Paulo Afonso', 10),
	('Angra dos Reis', 10),
	('Eunápolis', 10),
	('Salto', 10),
	('Ourinhos', 10),
	('Parnamirim', 10),
	('Jacobina', 10),
	('Coronel Fabriciano', 10),
	('Birigui', 9),
	('Tatuí', 9),
	('Ji-Paraná', 9),
	('Bacabal', 9),
	('Cametá', 9),
	('Guaíba', 9),
	('São Lourenço da Mata', 9),
	('Santana do Livramento', 9),
	('Votorantim', 9),
	('Campo Largo', 9),
	('Patos', 9),
	('Ituiutaba', 9),
	('Corumbá', 9),
	('Palhoça', 9),
	('Barra do Piraí', 9),
	('Bento Gonçalves', 9),
	('Poá', 9),
	('Águas Lindas de Goiás', 9),
	('London', 729),
	('Birmingham', 101),
	('Glasgow', 62),
	('Liverpool', 46),
	('Edinburgh', 45),
	('Sheffield', 43),
	('Manchester', 43),
	('Leeds', 42),
	('Bristol', 40),
	('Cardiff', 32),
	('Coventry', 30),
	('Leicester', 29),
	('Bradford', 29),
	('Belfast', 29),
	('Nottingham', 29),
	('Kingston upon Hull', 26),
	('Plymouth', 25),
	('Stoke-on-Trent', 25),
	('Wolverhampton', 24),
	('Derby', 24),
	('Swansea', 23),
	('Southampton', 22),
	('Aberdeen', 21),
	('Northampton', 20),
	('Dudley', 19),
	('Portsmouth', 19),
	('Sunderland', 18),
	('Luton', 18),
	('Swindon', 18),
	('Southend-on-Sea', 18),
	('Walsall', 17),
	('Bournemouth', 16),
	('Peterborough', 16),
	('Brighton', 16),
	('Blackpool', 15),
	('Dundee', 15),
	('West Bromwich', 15),
	('Reading', 15),
	('Oldbury/Smethwick (Warley)', 15),
	('Middlesbrough', 15),
	('Huddersfield', 14),
	('Oxford', 14),
	('Poole', 14),
	('Bolton', 14),
	('Blackburn', 14),
	('Preston', 14),
	('Stockport', 13),
	('Norwich', 12),
	('Rotherham', 12),
	('Cambridge', 12),
	('Watford', 11),
	('Ipswich', 11),
	('Slough', 11),
	('Exeter', 11),
	('Cheltenham', 11),
	('Gloucester', 11),
	('Saint Helens', 11),
	('Sutton Coldfield', 11),
	('York', 10),
	('Oldham', 10),
	('Basildon', 10),
	('Worthing', 10),
	('Chelmsford', 10),
	('Colchester', 10),
	('Crawley', 10),
	('Gillingham', 9),
	('Solihull', 9),
	('Rochdale', 9),
	('Birkenhead', 9),
	('Worcester', 10),
	('Hartlepool', 9),
	('Halifax', 9),
	('Woking/Byfleet', 9),
	('Southport', 9),
	('Maidstone', 9),
	('Eastbourne', 9),
	('Grimsby', 9),
	('Saint Helier', 3),
	('Douglas', 2),
	('Road Town', 1),
	('Bandar Seri Begawan', 2),
	('Sofija', 112),
	('Plovdiv', 34),
	('Varna', 30),
	('Burgas', 20),
	('Ruse', 17),
	('Stara Zagora', 15),
	('Pleven', 12),
	('Sliven', 11),
	('Dobric', 10),
	('Šumen', 9),
	('Ouagadougou', 82),
	('Bobo-Dioulasso', 30),
	('Koudougou', 11),
	('Bujumbura', 30),
	('George Town', 2),
	('Santiago de Chile', 470),
	('Puente Alto', 39),
	('Viña del Mar', 31),
	('Valparaíso', 29),
	('Talcahuano', 28),
	('Antofagasta', 25),
	('San Bernardo', 24),
	('Temuco', 23),
	('Concepción', 22),
	('Rancagua', 21),
	('Arica', 19),
	('Talca', 19),
	('Chillán', 18),
	('Iquique', 18),
	('Los Angeles', 16),
	('Puerto Montt', 15),
	('Coquimbo', 14),
	('Osorno', 14),
	('La Serena', 14),
	('Calama', 14),
	('Valdivia', 13),
	('Punta Arenas', 13),
	('Copiapó', 12),
	('Quilpué', 12),
	('Curicó', 12),
	('Ovalle', 9),
	('Coronel', 9),
	('San Pedro de la Paz', 9),
	('Melipilla', 9),
	('Avarua', 1),
	('San José', 34),
	('Djibouti', 38),
	('Roseau', 2),
	('Santo Domingo de Guzmán', 161),
	('Santiago de los Caballeros', 37),
	('La Romana', 14),
	('San Pedro de Macorís', 12),
	('San Francisco de Macorís', 11),
	('San Felipe de Puerto Plata', 9),
	('Guayaquil', 207),
	('Quito', 157),
	('Cuenca', 27),
	('Machala', 21),
	('Santo Domingo de los Colorados', 20),
	('Portoviejo', 18),
	('Ambato', 17),
	('Manta', 16),
	('Duran [Eloy Alfaro]', 15),
	('Ibarra', 13),
	('Quevedo', 13),
	('Milagro', 12),
	('Loja', 12),
	('Ríobamba', 12),
	('Esmeraldas', 12),
	('Cairo', 679),
	('Alexandria', 333),
	('Giza', 222),
	('Shubra al-Khayma', 87),
	('Port Said', 47),
	('Suez', 42),
	('al-Mahallat al-Kubra', 40),
	('Tanta', 37),
	('al-Mansura', 37),
	('Luxor', 36),
	('Asyut', 34),
	('Bahtim', 28),
	('Zagazig', 27),
	('al-Faiyum', 26),
	('Ismailia', 25),
	('Kafr al-Dawwar', 23),
	('Assuan', 22),
	('Damanhur', 21),
	('al-Minya', 20),
	('Bani Suwayf', 17),
	('Qina', 17),
	('Sawhaj', 17),
	('Shibin al-Kawm', 16),
	('Bulaq al-Dakrur', 15),
	('Banha', 15),
	('Warraq al-Arab', 13),
	('Kafr al-Shaykh', 12),
	('Mallawi', 12),
	('Bilbays', 11),
	('Mit Ghamr', 10),
	('al-Arish', 10),
	('Talkha', 10),
	('Qalyub', 10),
	('Jirja', 10),
	('Idfu', 9),
	('al-Hawamidiya', 9),
	('Disuq', 9),
	('San Salvador', 42),
	('Santa Ana', 14),
	('Mejicanos', 14),
	('Soyapango', 13),
	('San Miguel', 13),
	('Nueva San Salvador', 10),
	('Apopa', 9),
	('Asmara', 43),
	('Madrid', 288),
	('Barcelona', 150),
	('Valencia', 74),
	('Sevilla', 70),
	('Zaragoza', 60),
	('Málaga', 53),
	('Bilbao', 36),
	('Las Palmas de Gran Canaria', 35),
	('Murcia', 35),
	('Palma de Mallorca', 33),
	('Valladolid', 32),
	('Córdoba', 31),
	('Vigo', 28),
	('Alicante [Alacant]', 27),
	('Gijón', 27),
	('L´Hospitalet de Llobregat', 25),
	('Granada', 24),
	('A Coruña (La Coruña)', 24),
	('Vitoria-Gasteiz', 22),
	('Santa Cruz de Tenerife', 21),
	('Badalona', 21),
	('Oviedo', 20),
	('Móstoles', 20),
	('Elche [Elx]', 19),
	('Sabadell', 18),
	('Santander', 18),
	('Jerez de la Frontera', 18),
	('Pamplona [Iruña]', 18),
	('Donostia-San Sebastián', 18),
	('Cartagena', 18),
	('Leganés', 17),
	('Fuenlabrada', 17),
	('Almería', 17),
	('Terrassa', 17),
	('Alcalá de Henares', 16),
	('Burgos', 16),
	('Salamanca', 16),
	('Albacete', 15),
	('Getafe', 15),
	('Cádiz', 14),
	('Alcorcón', 14),
	('Huelva', 14),
	('León', 14),
	('Castellón de la Plana [Castell', 14),
	('Badajoz', 14),
	('[San Cristóbal de] la Laguna', 13),
	('Logroño', 13),
	('Santa Coloma de Gramenet', 12),
	('Tarragona', 11),
	('Lleida (Lérida)', 11),
	('Jaén', 11),
	('Ourense (Orense)', 11),
	('Mataró', 10),
	('Algeciras', 10),
	('Marbella', 10),
	('Barakaldo', 10),
	('Dos Hermanas', 9),
	('Santiago de Compostela', 9),
	('Torrejón de Ardoz', 9),
	('Cape Town', 235),
	('Soweto', 90),
	('Johannesburg', 76),
	('Port Elizabeth', 75),
	('Pretoria', 66),
	('Inanda', 63),
	('Durban', 57),
	('Vanderbijlpark', 47),
	('Kempton Park', 44),
	('Alberton', 41),
	('Pinetown', 38),
	('Pietermaritzburg', 37),
	('Benoni', 37),
	('Randburg', 34),
	('Umlazi', 34),
	('Bloemfontein', 33),
	('Vereeniging', 33),
	('Wonderboom', 28),
	('Roodepoort', 28),
	('Boksburg', 26),
	('Klerksdorp', 26),
	('Soshanguve', 24),
	('East London', 22),
	('Welkom', 20),
	('Kimberley', 20),
	('Uitenhage', 19),
	('Chatsworth', 19),
	('Mdantsane', 18),
	('Krugersdorp', 18),
	('Botshabelo', 18),
	('Brakpan', 17),
	('Witbank', 17),
	('Oberholzer', 16),
	('Germiston', 16),
	('Springs', 16),
	('Westonaria', 16),
	('Randfontein', 12),
	('Paarl', 11),
	('Potchefstroom', 10),
	('Rustenburg', 10),
	('Nigel', 10),
	('George', 9),
	('Ladysmith', 9),
	('Addis Abeba', 250),
	('Dire Dawa', 16),
	('Nazret', 13),
	('Gonder', 11),
	('Dese', 10),
	('Mekele', 10),
	('Bahir Dar', 10),
	('Stanley', 0),
	('Suva', 8),
	('Quezon', 217),
	('Manila', 158),
	('Kalookan', 118),
	('Davao', 115),
	('Cebu', 72),
	('Zamboanga', 60),
	('Pasig', 51),
	('Valenzuela', 49),
	('Las Piñas', 47),
	('Antipolo', 47),
	('Taguig', 47),
	('Cagayan de Oro', 46),
	('Parañaque', 45),
	('Makati', 44),
	('Bacolod', 43),
	('General Santos', 41),
	('Marikina', 39),
	('Dasmariñas', 38),
	('Muntinlupa', 38),
	('Iloilo', 37),
	('Pasay', 35),
	('Malabon', 34),
	('San José del Monte', 32),
	('Bacoor', 31),
	('Iligan', 29),
	('Calamba', 28),
	('Mandaluyong', 28),
	('Butuan', 27),
	('Angeles', 26),
	('Tarlac', 26),
	('Mandaue', 26),
	('Baguio', 25),
	('Batangas', 25),
	('Cainta', 24),
	('San Pedro', 23),
	('Navotas', 23),
	('Cabanatuan', 22),
	('San Fernando', 22),
	('Lipa', 22),
	('Lapu-Lapu', 22),
	('San Pablo', 21),
	('Biñan', 20),
	('Taytay', 20),
	('Lucena', 20),
	('Imus', 20),
	('Olongapo', 19),
	('Binangonan', 19),
	('Santa Rosa', 19),
	('Tagum', 18),
	('Tacloban', 18),
	('Malolos', 18),
	('Mabalacat', 17),
	('Cotabato', 16),
	('Meycauayan', 16),
	('Puerto Princesa', 16),
	('Legazpi', 16),
	('Silang', 16),
	('Ormoc', 15),
	('San Carlos', 15),
	('Kabankalan', 15),
	('Talisay', 15),
	('Valencia', 15),
	('Calbayog', 15),
	('Santa Maria', 14),
	('Pagadian', 14),
	('Cadiz', 14),
	('Bago', 14),
	('Toledo', 14),
	('Naga', 14),
	('San Mateo', 14),
	('Panabo', 13),
	('Koronadal', 13),
	('Marawi', 13),
	('Dagupan', 13),
	('Sagay', 13),
	('Roxas', 13),
	('Lubao', 13),
	('Digos', 13),
	('San Miguel', 12),
	('Malaybalay', 12),
	('Tuguegarao', 12),
	('Ilagan', 12),
	('Baliuag', 12),
	('Surigao', 12),
	('San Carlos', 12),
	('San Juan del Monte', 12),
	('Tanauan', 12),
	('Concepcion', 12),
	('Rodriguez (Montalban)', 12),
	('Sariaya', 11),
	('Malasiqui', 11),
	('General Mariano Alvarez', 11),
	('Urdaneta', 11),
	('Hagonoy', 11),
	('San Jose', 11),
	('Polomolok', 11),
	('Santiago', 11),
	('Tanza', 11),
	('Ozamis', 11),
	('Mexico', 11),
	('San Jose', 11),
	('Silay', 11),
	('General Trias', 11),
	('Tabaco', 11),
	('Cabuyao', 11),
	('Calapan', 11),
	('Mati', 11),
	('Midsayap', 11),
	('Cauayan', 10),
	('Gingoog', 10),
	('Dumaguete', 10),
	('San Fernando', 10),
	('Arayat', 10),
	('Bayawan (Tulong)', 10),
	('Kidapawan', 10),
	('Daraga (Locsin)', 10),
	('Marilao', 10),
	('Malita', 10),
	('Dipolog', 10),
	('Cavite', 10),
	('Danao', 10),
	('Bislig', 10),
	('Talavera', 10),
	('Guagua', 10),
	('Bayambang', 10),
	('Nasugbu', 10),
	('Baybay', 10),
	('Capas', 10),
	('Sultan Kudarat', 9),
	('Laoag', 9),
	('Bayugan', 9),
	('Malungon', 9),
	('Santa Cruz', 9),
	('Sorsogon', 9),
	('Candelaria', 9),
	('Ligao', 9),
	('Tórshavn', 1),
	('Libreville', 42),
	('Serekunda', 10),
	('Banjul', 4),
	('Tbilisi', 124),
	('Kutaisi', 24),
	('Rustavi', 16),
	('Batumi', 14),
	('Sohumi', 11),
	('Accra', 107),
	('Kumasi', 39),
	('Tamale', 15),
	('Tema', 11),
	('Sekondi-Takoradi', 10),
	('Gibraltar', 3),
	('Saint George´s', 0),
	('Nuuk', 1),
	('Les Abymes', 6),
	('Basse-Terre', 1),
	('Tamuning', 1),
	('Agaña', 0),
	('Ciudad de Guatemala', 82),
	('Mixco', 21),
	('Villa Nueva', 10),
	('Quetzaltenango', 9),
	('Conakry', 109),
	('Bissau', 24),
	('Georgetown', 25),
	('Port-au-Prince', 88),
	('Carrefour', 29),
	('Delmas', 24),
	('Le-Cap-Haïtien', 10),
	('Tegucigalpa', 81),
	('San Pedro Sula', 38),
	('La Ceiba', 9),
	('Kowloon and New Kowloon', 199),
	('Victoria', 131),
	('Longyearbyen', 0),
	('Jakarta', 960),
	('Surabaya', 266),
	('Bandung', 243),
	('Medan', 184),
	('Palembang', 122),
	('Tangerang', 120),
	('Semarang', 110),
	('Ujung Pandang', 106),
	('Malang', 72),
	('Bandar Lampung', 68),
	('Bekasi', 64),
	('Padang', 53),
	('Surakarta', 52),
	('Banjarmasin', 48),
	('Pekan Baru', 44),
	('Denpasar', 44),
	('Yogyakarta', 42),
	('Pontianak', 41),
	('Samarinda', 40),
	('Jambi', 39),
	('Depok', 37),
	('Cimahi', 34),
	('Balikpapan', 34),
	('Manado', 33),
	('Mataram', 31),
	('Pekalongan', 30),
	('Tegal', 29),
	('Bogor', 29),
	('Ciputat', 27),
	('Pondokgede', 26),
	('Cirebon', 25),
	('Kediri', 25),
	('Ambon', 25),
	('Jember', 22),
	('Cilacap', 21),
	('Cimanggis', 21),
	('Pematang Siantar', 20),
	('Purwokerto', 20),
	('Ciomas', 19),
	('Tasikmalaya', 18),
	('Madiun', 17),
	('Bengkulu', 15),
	('Karawang', 15),
	('Banda Aceh', 14),
	('Palu', 14),
	('Pasuruan', 13),
	('Kupang', 13),
	('Tebing Tinggi', 13),
	('Percut Sei Tuan', 13),
	('Binjai', 13),
	('Sukabumi', 13),
	('Waru', 12),
	('Pangkal Pinang', 12),
	('Magelang', 12),
	('Blitar', 12),
	('Serang', 12),
	('Probolinggo', 12),
	('Cilegon', 12),
	('Cianjur', 11),
	('Ciparay', 11),
	('Lhokseumawe', 11),
	('Taman', 11),
	('Depok', 11),
	('Citeureup', 11),
	('Pemalang', 10),
	('Klaten', 10),
	('Salatiga', 10),
	('Cibinong', 10),
	('Palangka Raya', 10),
	('Mojokerto', 10),
	('Purwakarta', 10),
	('Garut', 10),
	('Kudus', 10),
	('Kendari', 9),
	('Jaya Pura', 9),
	('Gorontalo', 9),
	('Majalaya', 9),
	('Pondok Aren', 9),
	('Jombang', 9),
	('Sunggal', 9),
	('Batam', 9),
	('Padang Sidempuan', 9),
	('Sawangan', 9),
	('Banyuwangi', 9),
	('Tanjung Pinang', 9),
	('Mumbai (Bombay)', 1050),
	('Delhi', 721),
	('Calcutta [Kolkata]', 440),
	('Chennai (Madras)', 384),
	('Hyderabad', 296),
	('Ahmedabad', 288),
	('Bangalore', 266),
	('Kanpur', 187),
	('Nagpur', 162),
	('Lucknow', 162),
	('Pune', 157),
	('Surat', 150),
	('Jaipur', 146),
	('Indore', 109),
	('Bhopal', 106),
	('Ludhiana', 104),
	('Vadodara (Baroda)', 103),
	('Kalyan', 101),
	('Madurai', 98),
	('Haora (Howrah)', 95),
	('Varanasi (Benares)', 93),
	('Patna', 92),
	('Srinagar', 89),
	('Agra', 89),
	('Coimbatore', 82),
	('Thane (Thana)', 80),
	('Allahabad', 79),
	('Meerut', 75),
	('Vishakhapatnam', 75),
	('Jabalpur', 74),
	('Amritsar', 71),
	('Faridabad', 70),
	('Vijayawada', 70),
	('Gwalior', 69),
	('Jodhpur', 67),
	('Nashik (Nasik)', 66),
	('Hubli-Dharwad', 65),
	('Solapur (Sholapur)', 60),
	('Ranchi', 60),
	('Bareilly', 59),
	('Guwahati (Gauhati)', 58),
	('Shambajinagar (Aurangabad)', 57),
	('Cochin (Kochi)', 56),
	('Rajkot', 56),
	('Kota', 54),
	('Thiruvananthapuram (Trivandrum', 52),
	('Pimpri-Chinchwad', 52),
	('Jalandhar (Jullundur)', 51),
	('Gorakhpur', 51),
	('Chandigarh', 50),
	('Mysore', 48),
	('Aligarh', 48),
	('Guntur', 47),
	('Jamshedpur', 46),
	('Ghaziabad', 45),
	('Warangal', 45),
	('Raipur', 44),
	('Moradabad', 43),
	('Durgapur', 43),
	('Amravati', 42),
	('Calicut (Kozhikode)', 42),
	('Bikaner', 42),
	('Bhubaneswar', 41),
	('Kolhapur', 41),
	('Kataka (Cuttack)', 40),
	('Ajmer', 40),
	('Bhavnagar', 40),
	('Tiruchirapalli', 39),
	('Bhilai', 39),
	('Bhiwandi', 38),
	('Saharanpur', 37),
	('Ulhasnagar', 37),
	('Salem', 37),
	('Ujjain', 36),
	('Malegaon', 34),
	('Jamnagar', 34),
	('Bokaro Steel City', 33),
	('Akola', 33),
	('Belgaum', 33),
	('Rajahmundry', 32),
	('Nellore', 32),
	('Udaipur', 31),
	('Bhatpara', 30),
	('Gulbarga', 30),
	('Jhansi', 30),
	('Gaya', 29),
	('Kakinada', 28),
	('Dhule (Dhulia)', 28),
	('Panihati', 28),
	('Nanded (Nander)', 28),
	('Mangalore', 27),
	('Dehra Dun', 27),
	('Kamarhati', 27),
	('Davangere', 27),
	('Asansol', 26),
	('Bhagalpur', 25),
	('Bellary', 25),
	('Barddhaman (Burdwan)', 25),
	('Rampur', 24),
	('Jalgaon', 24),
	('Muzaffarpur', 24),
	('Nizamabad', 24),
	('Muzaffarnagar', 24),
	('Patiala', 24),
	('Shahjahanpur', 24),
	('Kurnool', 24),
	('Tiruppur (Tirupper)', 24),
	('Rohtak', 23),
	('South Dum Dum', 23),
	('Mathura', 23),
	('Chandrapur', 23),
	('Barahanagar (Baranagar)', 22),
	('Darbhanga', 22),
	('Siliguri (Shiliguri)', 22),
	('Raurkela', 22),
	('Ambattur', 22),
	('Panipat', 22),
	('Firozabad', 22),
	('Ichalkaranji', 21),
	('Jammu', 21),
	('Ramagundam', 21),
	('Eluru', 21),
	('Brahmapur', 21),
	('Alwar', 21),
	('Pondicherry', 20),
	('Thanjavur', 20),
	('Bihar Sharif', 20),
	('Tuticorin', 20),
	('Imphal', 20),
	('Latur', 20),
	('Sagar', 20),
	('Farrukhabad-cum-Fatehgarh', 19),
	('Sangli', 19),
	('Parbhani', 19),
	('Nagar Coil', 19),
	('Bijapur', 19),
	('Kukatpalle', 19),
	('Bally', 18),
	('Bhilwara', 18),
	('Ratlam', 18),
	('Avadi', 18),
	('Dindigul', 18),
	('Ahmadnagar', 18),
	('Bilaspur', 18),
	('Shimoga', 18),
	('Kharagpur', 18),
	('Mira Bhayandar', 18),
	('Vellore', 18),
	('Jalna', 17),
	('Burnpur', 17),
	('Anantapur', 17),
	('Allappuzha (Alleppey)', 17),
	('Tirupati', 17),
	('Karnal', 17),
	('Burhanpur', 17),
	('Hisar (Hissar)', 17),
	('Tiruvottiyur', 17),
	('Mirzapur-cum-Vindhyachal', 17),
	('Secunderabad', 17),
	('Nadiad', 17),
	('Dewas', 16),
	('Murwara (Katni)', 16),
	('Ganganagar', 16),
	('Vizianagaram', 16),
	('Erode', 16),
	('Machilipatnam (Masulipatam)', 16),
	('Bhatinda (Bathinda)', 16),
	('Raichur', 16),
	('Agartala', 16),
	('Arrah (Ara)', 16),
	('Satna', 16),
	('Lalbahadur Nagar', 16),
	('Aizawl', 16),
	('Uluberia', 16),
	('Katihar', 15),
	('Cuddalore', 15),
	('Hugli-Chinsurah', 15),
	('Dhanbad', 15),
	('Raiganj', 15),
	('Sambhal', 15),
	('Durg', 15),
	('Munger (Monghyr)', 15),
	('Kanchipuram', 15),
	('North Dum Dum', 15),
	('Karimnagar', 15),
	('Bharatpur', 15),
	('Sikar', 15),
	('Hardwar (Haridwar)', 15),
	('Dabgram', 15),
	('Morena', 15),
	('Noida', 15),
	('Hapur', 15),
	('Bhusawal', 15),
	('Khandwa', 15),
	('Yamuna Nagar', 14),
	('Sonipat (Sonepat)', 14),
	('Tenali', 14),
	('Raurkela Civil Township', 14),
	('Kollam (Quilon)', 14),
	('Kumbakonam', 14),
	('Ingraj Bazar (English Bazar)', 14),
	('Timkur', 14),
	('Amroha', 14),
	('Serampore', 14),
	('Chapra', 14),
	('Pali', 14),
	('Maunath Bhanjan', 14),
	('Adoni', 14),
	('Jaunpur', 14),
	('Tirunelveli', 14),
	('Bahraich', 14),
	('Gadag Betigeri', 13),
	('Proddatur', 13),
	('Chittoor', 13),
	('Barrackpur', 13),
	('Bharuch (Broach)', 13),
	('Naihati', 13),
	('Shillong', 13),
	('Sambalpur', 13),
	('Junagadh', 13),
	('Rae Bareli', 13),
	('Rewa', 13),
	('Gurgaon', 13),
	('Khammam', 13),
	('Bulandshahr', 13),
	('Navsari', 13),
	('Malkajgiri', 13),
	('Midnapore (Medinipur)', 13),
	('Miraj', 13),
	('Raj Nandgaon', 13),
	('Alandur', 13),
	('Puri', 13),
	('Navadwip', 13),
	('Sirsa', 13),
	('Korba', 12),
	('Faizabad', 12),
	('Etawah', 12),
	('Pathankot', 12),
	('Gandhinagar', 12),
	('Palghat (Palakkad)', 12),
	('Veraval', 12),
	('Hoshiarpur', 12),
	('Ambala', 12),
	('Sitapur', 12),
	('Bhiwani', 12),
	('Cuddapah', 12),
	('Bhimavaram', 12),
	('Krishnanagar', 12),
	('Chandannagar', 12),
	('Mandya', 12),
	('Dibrugarh', 12),
	('Nandyal', 12),
	('Balurghat', 12),
	('Neyveli', 12),
	('Fatehpur', 12),
	('Mahbubnagar', 12),
	('Budaun', 12),
	('Porbandar', 12),
	('Silchar', 12),
	('Berhampore (Baharampur)', 12),
	('Purnea (Purnia)', 11),
	('Bankura', 11),
	('Rajapalaiyam', 11),
	('Titagarh', 11),
	('Halisahar', 11),
	('Hathras', 11),
	('Bhir (Bid)', 11),
	('Pallavaram', 11),
	('Anand', 11),
	('Mango', 11),
	('Santipur', 11),
	('Bhind', 11),
	('Gondiya', 11),
	('Tiruvannamalai', 11),
	('Yeotmal (Yavatmal)', 11),
	('Kulti-Barakar', 11),
	('Moga', 11),
	('Shivapuri', 11),
	('Bidar', 11),
	('Guntakal', 11),
	('Unnao', 11),
	('Barasat', 11),
	('Tambaram', 11),
	('Abohar', 11),
	('Pilibhit', 11),
	('Valparai', 11),
	('Gonda', 11),
	('Surendranagar', 11),
	('Qutubullapur', 11),
	('Beawar', 11),
	('Hindupur', 10),
	('Gandhidham', 10),
	('Haldwani-cum-Kathgodam', 10),
	('Tellicherry (Thalassery)', 10),
	('Wardha', 10),
	('Rishra', 10),
	('Bhuj', 10),
	('Modinagar', 10),
	('Gudivada', 10),
	('Basirhat', 10),
	('Uttarpara-Kotrung', 10),
	('Ongole', 10),
	('North Barrackpur', 10),
	('Guna', 10),
	('Haldia', 10),
	('Habra', 10),
	('Kanchrapara', 10),
	('Tonk', 10),
	('Champdani', 10),
	('Orai', 10),
	('Pudukkottai', 10),
	('Sasaram', 10),
	('Hazaribag', 10),
	('Palayankottai', 10),
	('Banda', 10),
	('Godhra', 10),
	('Hospet', 10),
	('Ashoknagar-Kalyangarh', 10),
	('Achalpur', 10),
	('Patan', 10),
	('Mandasor', 10),
	('Damoh', 10),
	('Satara', 10),
	('Meerut Cantonment', 9),
	('Dehri', 9),
	('Delhi Cantonment', 9),
	('Chhindwara', 9),
	('Bansberia', 9),
	('Nagaon', 9),
	('Kanpur Cantonment', 9),
	('Vidisha', 9),
	('Bettiah', 9),
	('Purulia', 9),
	('Hassan', 9),
	('Ambala Sadar', 9),
	('Baidyabati', 9),
	('Morvi', 9),
	('Raigarh', 9),
	('Vejalpur', 9),
	('Baghdad', 434),
	('Mosul', 88),
	('Irbil', 49),
	('Kirkuk', 42),
	('Basra', 41),
	('al-Sulaymaniya', 36),
	('al-Najaf', 31),
	('Karbala', 30),
	('al-Hilla', 27),
	('al-Nasiriya', 27),
	('al-Amara', 21),
	('al-Diwaniya', 20),
	('al-Ramadi', 19),
	('al-Kut', 18),
	('Baquba', 11),
	('Teheran', 676),
	('Mashhad', 189),
	('Esfahan', 127),
	('Tabriz', 119),
	('Shiraz', 105),
	('Karaj', 94),
	('Ahvaz', 80),
	('Qom', 78),
	('Kermanshah', 69),
	('Urmia', 44),
	('Zahedan', 42),
	('Rasht', 42),
	('Hamadan', 40),
	('Kerman', 38),
	('Arak', 38),
	('Ardebil', 34),
	('Yazd', 33),
	('Qazvin', 29),
	('Zanjan', 29),
	('Sanandaj', 28),
	('Bandar-e-Abbas', 27),
	('Khorramabad', 27),
	('Eslamshahr', 27),
	('Borujerd', 22),
	('Abadan', 21),
	('Dezful', 20),
	('Kashan', 20),
	('Sari', 20),
	('Gorgan', 19),
	('Najafabad', 18),
	('Sabzevar', 17),
	('Khomeynishahr', 17),
	('Amol', 16),
	('Neyshabur', 16),
	('Babol', 16),
	('Khoy', 15),
	('Malayer', 14),
	('Bushehr', 14),
	('Qaemshahr', 14),
	('Qarchak', 14),
	('Qods', 14),
	('Sirjan', 14),
	('Bojnurd', 13),
	('Maragheh', 13),
	('Birjand', 13),
	('Ilam', 13),
	('Bukan', 12),
	('Masjed-e-Soleyman', 12),
	('Saqqez', 12),
	('Gonbad-e Qabus', 11),
	('Saveh', 11),
	('Mahabad', 11),
	('Varamin', 11),
	('Andimeshk', 11),
	('Khorramshahr', 11),
	('Shahrud', 10),
	('Marv Dasht', 10),
	('Zabol', 10),
	('Shahr-e Kord', 10),
	('Bandar-e Anzali', 10),
	('Rafsanjan', 10),
	('Marand', 10),
	('Torbat-e Heydariyeh', 9),
	('Jahrom', 9),
	('Semnan', 9),
	('Miandoab', 9),
	('Qomsheh', 9),
	('Dublin', 48),
	('Cork', 13),
	('Reykjavík', 11),
	('Jerusalem', 63),
	('Tel Aviv-Jaffa', 35),
	('Haifa', 27),
	('Rishon Le Ziyyon', 19),
	('Beerseba', 16),
	('Holon', 16),
	('Petah Tiqwa', 16),
	('Ashdod', 16),
	('Netanya', 15),
	('Bat Yam', 14),
	('Bene Beraq', 13),
	('Ramat Gan', 13),
	('Ashqelon', 9),
	('Rehovot', 9),
	('Roma', 264),
	('Milano', 130),
	('Napoli', 100),
	('Torino', 90),
	('Palermo', 68),
	('Genova', 64),
	('Bologna', 38),
	('Firenze', 38),
	('Catania', 34),
	('Bari', 33),
	('Venezia', 28),
	('Messina', 26),
	('Verona', 26),
	('Trieste', 22),
	('Padova', 21),
	('Taranto', 21),
	('Brescia', 19),
	('Reggio di Calabria', 18),
	('Modena', 18),
	('Prato', 17),
	('Parma', 17),
	('Cagliari', 17),
	('Livorno', 16),
	('Perugia', 16),
	('Foggia', 15),
	('Reggio nell´ Emilia', 14),
	('Salerno', 14),
	('Ravenna', 14),
	('Ferrara', 13),
	('Rimini', 13),
	('Syrakusa', 13),
	('Sassari', 12),
	('Monza', 12),
	('Bergamo', 12),
	('Pescara', 12),
	('Latina', 11),
	('Vicenza', 11),
	('Terni', 11),
	('Forlì', 11),
	('Trento', 10),
	('Novara', 10),
	('Piacenza', 10),
	('Ancona', 10),
	('Lecce', 10),
	('Bolzano', 10),
	('Catanzaro', 10),
	('La Spezia', 10),
	('Udine', 9),
	('Torre del Greco', 9),
	('Andria', 9),
	('Brindisi', 9),
	('Giugliano in Campania', 9),
	('Pisa', 9),
	('Barletta', 9),
	('Arezzo', 9),
	('Alessandria', 9),
	('Cesena', 9),
	('Pesaro', 9),
	('Dili', 5),
	('Wien', 161),
	('Graz', 24),
	('Linz', 19),
	('Salzburg', 14),
	('Innsbruck', 11),
	('Klagenfurt', 9),
	('Spanish Town', 11),
	('Kingston', 10),
	('Portmore', 10),
	('Tokyo', 798),
	('Jokohama [Yokohama]', 334),
	('Osaka', 260),
	('Nagoya', 215),
	('Sapporo', 179),
	('Kioto', 146),
	('Kobe', 143),
	('Fukuoka', 131),
	('Kawasaki', 122),
	('Hiroshima', 112),
	('Kitakyushu', 102),
	('Sendai', 99),
	('Chiba', 86),
	('Sakai', 80),
	('Kumamoto', 66),
	('Okayama', 62),
	('Sagamihara', 59),
	('Hamamatsu', 57),
	('Kagoshima', 55),
	('Funabashi', 55),
	('Higashiosaka', 52),
	('Hachioji', 51),
	('Niigata', 50),
	('Amagasaki', 48),
	('Himeji', 48),
	('Shizuoka', 47),
	('Urawa', 47),
	('Matsuyama', 47),
	('Matsudo', 46),
	('Kanazawa', 46),
	('Kawaguchi', 45),
	('Ichikawa', 44),
	('Omiya', 44),
	('Utsunomiya', 44),
	('Oita', 43),
	('Nagasaki', 43),
	('Yokosuka', 43),
	('Kurashiki', 43),
	('Gifu', 41),
	('Hirakata', 40),
	('Nishinomiya', 40),
	('Toyonaka', 40),
	('Wakayama', 39),
	('Fukuyama', 38),
	('Fujisawa', 37),
	('Asahikawa', 36),
	('Machida', 36),
	('Nara', 36),
	('Takatsuki', 36),
	('Iwaki', 36),
	('Nagano', 36),
	('Toyohashi', 36),
	('Toyota', 35),
	('Suita', 35),
	('Takamatsu', 33),
	('Koriyama', 33),
	('Okazaki', 33),
	('Kawagoe', 33),
	('Tokorozawa', 33),
	('Toyama', 33),
	('Kochi', 32),
	('Kashiwa', 32),
	('Akita', 31),
	('Miyazaki', 30),
	('Koshigaya', 30),
	('Naha', 30),
	('Aomori', 30),
	('Hakodate', 29),
	('Akashi', 29),
	('Yokkaichi', 29),
	('Fukushima', 29),
	('Morioka', 29),
	('Maebashi', 28),
	('Kasugai', 28),
	('Otsu', 28),
	('Ichihara', 28),
	('Yao', 28),
	('Ichinomiya', 27),
	('Tokushima', 27),
	('Kakogawa', 27),
	('Ibaraki', 26),
	('Neyagawa', 26),
	('Shimonoseki', 26),
	('Yamagata', 26),
	('Fukui', 25),
	('Hiratsuka', 25),
	('Mito', 25),
	('Sasebo', 24),
	('Hachinohe', 24),
	('Takasaki', 24),
	('Shimizu', 24),
	('Kurume', 24),
	('Fuji', 23),
	('Soka', 22),
	('Fuchu', 22),
	('Chigasaki', 22),
	('Atsugi', 21),
	('Numazu', 21),
	('Ageo', 21),
	('Yamato', 21),
	('Matsumoto', 21),
	('Kure', 21),
	('Takarazuka', 21),
	('Kasukabe', 20),
	('Chofu', 20),
	('Odawara', 20),
	('Kofu', 20),
	('Kushiro', 20),
	('Kishiwada', 20),
	('Hitachi', 20),
	('Nagaoka', 19),
	('Itami', 19),
	('Uji', 19),
	('Suzuka', 18),
	('Hirosaki', 18),
	('Ube', 18),
	('Kodaira', 17),
	('Takaoka', 17),
	('Obihiro', 17),
	('Tomakomai', 17),
	('Saga', 17),
	('Sakura', 17),
	('Kamakura', 17),
	('Mitaka', 17),
	('Izumi', 17),
	('Hino', 17),
	('Hadano', 17),
	('Ashikaga', 17),
	('Tsu', 16),
	('Sayama', 16),
	('Yachiyo', 16),
	('Tsukuba', 16),
	('Tachikawa', 16),
	('Kumagaya', 16),
	('Moriguchi', 16),
	('Otaru', 16),
	('Anjo', 15),
	('Narashino', 15),
	('Oyama', 15),
	('Ogaki', 15),
	('Matsue', 15),
	('Kawanishi', 15),
	('Hitachinaka', 15),
	('Niiza', 15),
	('Nagareyama', 15),
	('Tottori', 15),
	('Tama', 15),
	('Iruma', 15),
	('Ota', 15),
	('Omuta', 14),
	('Komaki', 14),
	('Ome', 14),
	('Kadoma', 14),
	('Yamaguchi', 14),
	('Higashimurayama', 14),
	('Yonago', 14),
	('Matsubara', 14),
	('Musashino', 13),
	('Tsuchiura', 13),
	('Joetsu', 13),
	('Miyakonojo', 13),
	('Misato', 13),
	('Kakamigahara', 13),
	('Daito', 13),
	('Seto', 13),
	('Kariya', 13),
	('Urayasu', 13),
	('Beppu', 13),
	('Niihama', 13),
	('Minoo', 13),
	('Fujieda', 13),
	('Abiko', 13),
	('Nobeoka', 13),
	('Tondabayashi', 13),
	('Ueda', 12),
	('Kashihara', 12),
	('Matsusaka', 12),
	('Isesaki', 12),
	('Zama', 12),
	('Kisarazu', 12),
	('Noda', 12),
	('Ishinomaki', 12),
	('Fujinomiya', 12),
	('Kawachinagano', 12),
	('Imabari', 12),
	('Aizuwakamatsu', 12),
	('Higashihiroshima', 12),
	('Habikino', 12),
	('Ebetsu', 12),
	('Hofu', 12),
	('Kiryu', 12),
	('Okinawa', 12),
	('Yaizu', 12),
	('Toyokawa', 12),
	('Ebina', 12),
	('Asaka', 11),
	('Higashikurume', 11),
	('Ikoma', 11),
	('Kitami', 11),
	('Koganei', 11),
	('Iwatsuki', 11),
	('Mishima', 11),
	('Handa', 11),
	('Muroran', 11),
	('Komatsu', 11),
	('Yatsushiro', 11),
	('Iida', 11),
	('Tokuyama', 11),
	('Kokubunji', 11),
	('Akishima', 11),
	('Iwakuni', 11),
	('Kusatsu', 11),
	('Kuwana', 11),
	('Sanda', 11),
	('Hikone', 11),
	('Toda', 10),
	('Tajimi', 10),
	('Ikeda', 10),
	('Fukaya', 10),
	('Ise', 10),
	('Sakata', 10),
	('Kasuga', 10),
	('Kamagaya', 10),
	('Tsuruoka', 10),
	('Hoya', 10),
	('Nishio', 10),
	('Tokai', 10),
	('Inazawa', 10),
	('Sakado', 10),
	('Isehara', 10),
	('Takasago', 10),
	('Fujimi', 10),
	('Urasoe', 10),
	('Yonezawa', 10),
	('Konan', 10),
	('Yamatokoriyama', 10),
	('Maizuru', 9),
	('Onomichi', 9),
	('Higashimatsuyama', 9),
	('Kimitsu', 9),
	('Isahaya', 9),
	('Kanuma', 9),
	('Izumisano', 9),
	('Kameoka', 9),
	('Mobara', 9),
	('Narita', 9),
	('Kashiwazaki', 9),
	('Tsuyama', 9),
	('Sanaa', 50),
	('Aden', 40),
	('Taizz', 32),
	('Hodeida', 30),
	('al-Mukalla', 12),
	('Ibb', 10),
	('Amman', 100),
	('al-Zarqa', 39),
	('Irbid', 23),
	('al-Rusayfa', 14),
	('Wadi al-Sir', 9),
	('Flying Fish Cove', 0),
	('Beograd', 120),
	('Novi Sad', 18),
	('Niš', 18),
	('Priština', 16),
	('Kragujevac', 15),
	('Podgorica', 14),
	('Subotica', 10),
	('Prizren', 9),
	('Phnom Penh', 57),
	('Battambang', 13),
	('Siem Reap', 11),
	('Douala', 145),
	('Yaoundé', 137),
	('Garoua', 18),
	('Maroua', 14),
	('Bamenda', 14),
	('Bafoussam', 13),
	('Nkongsamba', 11),
	('Montréal', 102),
	('Calgary', 77),
	('Toronto', 69),
	('North York', 62),
	('Winnipeg', 62),
	('Edmonton', 62),
	('Mississauga', 61),
	('Scarborough', 59),
	('Vancouver', 51),
	('Etobicoke', 35),
	('London', 34),
	('Hamilton', 34),
	('Ottawa', 34),
	('Laval', 33),
	('Surrey', 30),
	('Brampton', 30),
	('Windsor', 21),
	('Saskatoon', 19),
	('Kitchener', 19),
	('Markham', 19),
	('Regina', 18),
	('Burnaby', 18),
	('Québec', 17),
	('York', 15),
	('Richmond', 15),
	('Vaughan', 15),
	('Burlington', 15),
	('Oshawa', 14),
	('Oakville', 14),
	('Saint Catharines', 14),
	('Longueuil', 13),
	('Richmond Hill', 12),
	('Thunder Bay', 12),
	('Nepean', 12),
	('Cape Breton', 11),
	('East York', 11),
	('Halifax', 11),
	('Cambridge', 11),
	('Gloucester', 11),
	('Abbotsford', 11),
	('Guelph', 10),
	('Saint John´s', 10),
	('Coquitlam', 10),
	('Saanich', 10),
	('Gatineau', 10),
	('Delta', 10),
	('Sudbury', 9),
	('Kelowna', 9),
	('Barrie', 9),
	('Praia', 9),
	('Almaty', 113),
	('Qaraghandy', 44),
	('Shymkent', 36),
	('Taraz', 33),
	('Astana', 31),
	('Öskemen', 31),
	('Pavlodar', 30),
	('Semey', 27),
	('Aqtöbe', 25),
	('Qostanay', 22),
	('Petropavl', 20),
	('Oral', 20),
	('Temirtau', 17),
	('Qyzylorda', 16),
	('Aqtau', 14),
	('Atyrau', 14),
	('Ekibastuz', 13),
	('Kökshetau', 12),
	('Rudnyy', 11),
	('Taldyqorghan', 10),
	('Zhezqazghan', 9),
	('Nairobi', 229),
	('Mombasa', 46),
	('Kisumu', 19),
	('Nakuru', 16),
	('Machakos', 12),
	('Eldoret', 11),
	('Meru', 9),
	('Nyeri', 9),
	('Bangui', 52),
	('Shanghai', 970),
	('Peking', 747),
	('Chongqing', 635),
	('Tianjin', 529),
	('Wuhan', 434),
	('Harbin', 429),
	('Shenyang', 427),
	('Kanton [Guangzhou]', 426),
	('Chengdu', 336),
	('Nanking [Nanjing]', 287),
	('Changchun', 281),
	('Xi´an', 276),
	('Dalian', 270),
	('Qingdao', 260),
	('Jinan', 228),
	('Hangzhou', 219),
	('Zhengzhou', 211),
	('Shijiazhuang', 204),
	('Taiyuan', 197),
	('Kunming', 183),
	('Changsha', 181),
	('Nanchang', 169),
	('Fuzhou', 159),
	('Lanzhou', 157),
	('Guiyang', 147),
	('Ningbo', 137),
	('Hefei', 137),
	('Urumtši [Ürümqi]', 131),
	('Anshan', 120),
	('Fushun', 120),
	('Nanning', 116),
	('Zibo', 114),
	('Qiqihar', 107),
	('Jilin', 104),
	('Tangshan', 104),
	('Baotou', 98),
	('Shenzhen', 95),
	('Hohhot', 92),
	('Handan', 84),
	('Wuxi', 83),
	('Xuzhou', 81),
	('Datong', 80),
	('Yichun', 80),
	('Benxi', 77),
	('Luoyang', 76),
	('Suzhou', 71),
	('Xining', 70),
	('Huainan', 70),
	('Jixi', 68),
	('Daqing', 66),
	('Fuxin', 64),
	('Amoy [Xiamen]', 63),
	('Liuzhou', 61),
	('Shantou', 58),
	('Jinzhou', 57),
	('Mudanjiang', 57),
	('Yinchuan', 54),
	('Changzhou', 53),
	('Zhangjiakou', 53),
	('Dandong', 52),
	('Hegang', 52),
	('Kaifeng', 51),
	('Jiamusi', 49),
	('Liaoyang', 49),
	('Hengyang', 49),
	('Baoding', 48),
	('Hunjiang', 48),
	('Xinxiang', 47),
	('Huangshi', 46),
	('Haikou', 45),
	('Yantai', 45),
	('Bengbu', 45),
	('Xiangtan', 44),
	('Weifang', 43),
	('Wuhu', 43),
	('Pingxiang', 43),
	('Yingkou', 42),
	('Anyang', 42),
	('Panzhihua', 42),
	('Pingdingshan', 41),
	('Xiangfan', 41),
	('Zhuzhou', 41),
	('Jiaozuo', 41),
	('Wenzhou', 40),
	('Zhangjiang', 40),
	('Zigong', 39),
	('Shuangyashan', 39),
	('Zaozhuang', 38),
	('Yakeshi', 38),
	('Yichang', 37),
	('Zhenjiang', 37),
	('Huaibei', 37),
	('Qinhuangdao', 36),
	('Guilin', 36),
	('Liupanshui', 36),
	('Panjin', 36),
	('Yangquan', 36),
	('Jinxi', 36),
	('Liaoyuan', 35),
	('Lianyungang', 35),
	('Xianyang', 35),
	('Tai´an', 35),
	('Chifeng', 35),
	('Shaoguan', 35),
	('Nantong', 34),
	('Leshan', 34),
	('Baoji', 34),
	('Linyi', 32),
	('Tonghua', 32),
	('Siping', 32),
	('Changzhi', 32),
	('Tengzhou', 32),
	('Chaozhou', 31),
	('Yangzhou', 31),
	('Dongwan', 31),
	('Ma´anshan', 31),
	('Foshan', 30),
	('Yueyang', 30),
	('Xingtai', 30),
	('Changde', 30),
	('Shihezi', 30),
	('Yancheng', 30),
	('Jiujiang', 29),
	('Dongying', 28),
	('Shashi', 28),
	('Xintai', 28),
	('Jingdezhen', 28),
	('Tongchuan', 28),
	('Zhongshan', 28),
	('Shiyan', 27),
	('Tieli', 27),
	('Jining', 27),
	('Wuhai', 26),
	('Mianyang', 26),
	('Luzhou', 26),
	('Zunyi', 26),
	('Shizuishan', 26),
	('Neijiang', 26),
	('Tongliao', 26),
	('Tieling', 25),
	('Wafangdian', 25),
	('Anqing', 25),
	('Shaoyang', 25),
	('Laiwu', 25),
	('Chengde', 25),
	('Tianshui', 24),
	('Nanyang', 24),
	('Cangzhou', 24),
	('Yibin', 24),
	('Huaiyin', 24),
	('Dunhua', 24),
	('Yanji', 23),
	('Jiangmen', 23),
	('Tongling', 23),
	('Suihua', 23),
	('Gongziling', 23),
	('Xiantao', 22),
	('Chaoyang', 22),
	('Ganzhou', 22),
	('Huzhou', 22),
	('Baicheng', 22),
	('Shangzi', 22),
	('Yangjiang', 22),
	('Qitaihe', 21),
	('Gejiu', 21),
	('Jiangyin', 21),
	('Hebi', 21),
	('Jiaxing', 21),
	('Wuzhou', 21),
	('Meihekou', 21),
	('Xuchang', 21),
	('Liaocheng', 21),
	('Haicheng', 21),
	('Qianjiang', 21),
	('Baiyin', 20),
	('Bei´an', 20),
	('Yixing', 20),
	('Laizhou', 20),
	('Qaramay', 20),
	('Acheng', 20),
	('Dezhou', 20),
	('Nanping', 20),
	('Zhaoqing', 19),
	('Beipiao', 19),
	('Fengcheng', 19),
	('Fuyu', 19),
	('Xinyang', 19),
	('Dongtai', 19),
	('Yuci', 19),
	('Honghu', 19),
	('Ezhou', 19),
	('Heze', 19),
	('Daxian', 19),
	('Linfen', 19),
	('Tianmen', 19),
	('Yiyang', 19),
	('Quanzhou', 19),
	('Rizhao', 19),
	('Deyang', 18),
	('Guangyuan', 18),
	('Changshu', 18),
	('Zhangzhou', 18),
	('Hailar', 18),
	('Nanchong', 18),
	('Jiutai', 18),
	('Zhaodong', 18),
	('Shaoxing', 18),
	('Fuyang', 18),
	('Maoming', 18),
	('Qujing', 18),
	('Ghulja', 18),
	('Jiaohe', 18),
	('Puyang', 18),
	('Huadian', 18),
	('Jiangyou', 18),
	('Qashqar', 17),
	('Anshun', 17),
	('Fuling', 17),
	('Xinyu', 17),
	('Hanzhong', 17),
	('Danyang', 17),
	('Chenzhou', 17),
	('Xiaogan', 17),
	('Shangqiu', 16),
	('Zhuhai', 16),
	('Qingyuan', 16),
	('Aqsu', 16),
	('Jining', 16),
	('Xiaoshan', 16),
	('Zaoyang', 16),
	('Xinghua', 16),
	('Hami', 16),
	('Huizhou', 16),
	('Jinmen', 16),
	('Sanming', 16),
	('Ulanhot', 16),
	('Korla', 16),
	('Wanxian', 16),
	('Rui´an', 16),
	('Zhoushan', 16),
	('Liangcheng', 16),
	('Jiaozhou', 15),
	('Taizhou', 15),
	('Suzhou', 15),
	('Yichun', 15),
	('Taonan', 15),
	('Pingdu', 15),
	('Ji´an', 15),
	('Longkou', 15),
	('Langfang', 15),
	('Zhoukou', 15),
	('Suining', 15),
	('Yulin', 14),
	('Jinhua', 14),
	('Liu´an', 14),
	('Shuangcheng', 14),
	('Suizhou', 14),
	('Ankang', 14),
	('Weinan', 14),
	('Longjing', 14),
	('Da´an', 14),
	('Lengshuijiang', 14),
	('Laiyang', 14),
	('Xianning', 14),
	('Dali', 14),
	('Anda', 14),
	('Jincheng', 14),
	('Longyan', 13),
	('Xichang', 13),
	('Wendeng', 13),
	('Hailun', 13),
	('Binzhou', 13),
	('Linhe', 13),
	('Wuwei', 13),
	('Duyun', 13),
	('Mishan', 13),
	('Shangrao', 13),
	('Changji', 13),
	('Meixian', 13),
	('Yushu', 13),
	('Tiefa', 13),
	('Huai´an', 13),
	('Leiyang', 13),
	('Zalantun', 13),
	('Weihai', 13),
	('Loudi', 13),
	('Qingzhou', 13),
	('Qidong', 13),
	('Huaihua', 13),
	('Luohe', 13),
	('Chuzhou', 13),
	('Kaiyuan', 12),
	('Linqing', 12),
	('Chaohu', 12),
	('Laohekou', 12),
	('Dujiangyan', 12),
	('Zhumadian', 12),
	('Linchuan', 12),
	('Jiaonan', 12),
	('Sanmenxia', 12),
	('Heyuan', 12),
	('Manzhouli', 12),
	('Lhasa', 12),
	('Lianyuan', 12),
	('Kuytun', 12),
	('Puqi', 12),
	('Hongjiang', 12),
	('Qinzhou', 11),
	('Renqiu', 11),
	('Yuyao', 11),
	('Guigang', 11),
	('Kaili', 11),
	('Yan´an', 11),
	('Beihai', 11),
	('Xuangzhou', 11),
	('Quzhou', 11),
	('Yong´an', 11),
	('Zixing', 11),
	('Liyang', 11),
	('Yizheng', 11),
	('Yumen', 11),
	('Liling', 11),
	('Yuncheng', 11),
	('Shanwei', 11),
	('Cixi', 11),
	('Yuanjiang', 11),
	('Bozhou', 11),
	('Jinchang', 11),
	('Fu´an', 11),
	('Suqian', 11),
	('Shishou', 10),
	('Hengshui', 10),
	('Danjiangkou', 10),
	('Fujin', 10),
	('Sanya', 10),
	('Guangshui', 10),
	('Huangshan', 10),
	('Xingcheng', 10),
	('Zhucheng', 10),
	('Kunshan', 10),
	('Haining', 10),
	('Pingliang', 10),
	('Fuqing', 10),
	('Xinzhou', 10),
	('Jieyang', 10),
	('Zhangjiagang', 10),
	('Tong Xian', 10),
	('Ya´an', 10),
	('Jinzhou', 10),
	('Emeishan', 9),
	('Enshi', 9),
	('Bose', 9),
	('Yuzhou', 9),
	('Kaiyuan', 9),
	('Tumen', 9),
	('Putian', 9),
	('Linhai', 9),
	('Xilin Hot', 9),
	('Shaowu', 9),
	('Junan', 9),
	('Huaying', 9),
	('Pingyi', 9),
	('Huangyan', 9),
	('Bishkek', 59),
	('Osh', 22),
	('Bikenibeu', 1),
	('Bairiki', 0),
	('Santafé de Bogotá', 626),
	('Cali', 208),
	('Medellín', 186),
	('Barranquilla', 122),
	('Cartagena', 81),
	('Cúcuta', 61),
	('Bucaramanga', 52),
	('Ibagué', 39),
	('Pereira', 38),
	('Santa Marta', 36),
	('Manizales', 34),
	('Bello', 33),
	('Pasto', 33),
	('Neiva', 30),
	('Soledad', 30),
	('Armenia', 29),
	('Villavicencio', 27),
	('Soacha', 27),
	('Valledupar', 26),
	('Montería', 25),
	('Itagüí', 23),
	('Palmira', 23),
	('Buenaventura', 22),
	('Floridablanca', 22),
	('Sincelejo', 22),
	('Popayán', 20),
	('Barrancabermeja', 18),
	('Dos Quebradas', 16),
	('Tuluá', 15),
	('Envigado', 14),
	('Cartago', 13),
	('Girardot', 11),
	('Buga', 11),
	('Tunja', 11),
	('Florencia', 11),
	('Maicao', 11),
	('Sogamoso', 11),
	('Giron', 9),
	('Moroni', 4),
	('Brazzaville', 95),
	('Pointe-Noire', 50),
	('Kinshasa', 506),
	('Lubumbashi', 85),
	('Mbuji-Mayi', 81),
	('Kolwezi', 42),
	('Kisangani', 42),
	('Kananga', 39),
	('Likasi', 30),
	('Bukavu', 20),
	('Kikwit', 18),
	('Tshikapa', 18),
	('Matadi', 17),
	('Mbandaka', 17),
	('Mwene-Ditu', 14),
	('Boma', 14),
	('Uvira', 12),
	('Butembo', 11),
	('Goma', 11),
	('Kalemie', 10),
	('Bantam', 0),
	('West Island', 0),
	('Pyongyang', 248),
	('Hamhung', 71),
	('Chongjin', 58),
	('Nampo', 57),
	('Sinuiju', 33),
	('Wonsan', 30),
	('Phyongsong', 27),
	('Sariwon', 25),
	('Haeju', 23),
	('Kanggye', 22),
	('Kimchaek', 18),
	('Hyesan', 18),
	('Kaesong', 17),
	('서울', 998),
	('Pusan', 380),
	('Inchon', 256),
	('Taegu', 255),
	('Taejon', 143),
	('Kwangju', 137),
	('Ulsan', 108),
	('Songnam', 87),
	('Puchon', 78),
	('Suwon', 76),
	('Anyang', 59),
	('Chonju', 56),
	('Chongju', 53),
	('Koyang', 52),
	('Ansan', 51),
	('Pohang', 51),
	('Chang-won', 48),
	('Masan', 44),
	('Kwangmyong', 35),
	('Chonan', 33),
	('Chinju', 33),
	('Iksan', 32),
	('Pyongtaek', 31),
	('Kumi', 31),
	('Uijongbu', 28),
	('Kyongju', 27),
	('Kunsan', 27),
	('Cheju', 26),
	('Kimhae', 26),
	('Sunchon', 25),
	('Mokpo', 25),
	('Yong-in', 24),
	('Wonju', 24),
	('Kunpo', 24),
	('Chunchon', 23),
	('Namyangju', 23),
	('Kangnung', 22),
	('Chungju', 21),
	('Andong', 19),
	('Yosu', 18),
	('Kyongsan', 17),
	('Paju', 16),
	('Yangsan', 16),
	('Ichon', 16),
	('Asan', 15),
	('Koje', 15),
	('Kimchon', 15),
	('Nonsan', 15),
	('Kuri', 14),
	('Chong-up', 14),
	('Chechon', 14),
	('Sosan', 13),
	('Shihung', 13),
	('Tong-yong', 13),
	('Kongju', 13),
	('Yongju', 13),
	('Chinhae', 13),
	('Sangju', 12),
	('Poryong', 12),
	('Kwang-yang', 12),
	('Miryang', 12),
	('Hanam', 12),
	('Kimje', 12),
	('Yongchon', 11),
	('Sachon', 11),
	('Uiwang', 11),
	('Naju', 11),
	('Namwon', 10),
	('Tonghae', 10),
	('Mun-gyong', 9),
	('Athenai', 77),
	('Thessaloniki', 38),
	('Pireus', 18),
	('Patras', 15),
	('Peristerion', 14),
	('Herakleion', 12),
	('Kallithea', 11),
	('Larisa', 11),
	('Zagreb', 71),
	('Split', 19),
	('Rijeka', 17),
	('Osijek', 10),
	('La Habana', 226),
	('Santiago de Cuba', 43),
	('Camagüey', 30),
	('Holguín', 25),
	('Santa Clara', 21),
	('Guantánamo', 21),
	('Pinar del Río', 14),
	('Bayamo', 14),
	('Cienfuegos', 13),
	('Victoria de las Tunas', 13),
	('Matanzas', 12),
	('Manzanillo', 11),
	('Sancti-Spíritus', 10),
	('Ciego de Ávila', 10),
	('al-Salimiya', 13),
	('Jalib al-Shuyukh', 10),
	('Kuwait', 3),
	('Nicosia', 20),
	('Limassol', 15),
	('Vientiane', 53),
	('Savannakhet', 10),
	('Riga', 76),
	('Daugavpils', 11),
	('Liepaja', 9),
	('Maseru', 30),
	('Beirut', 110),
	('Tripoli', 24),
	('Monrovia', 85),
	('Tripoli', 168),
	('Bengasi', 80),
	('Misrata', 12),
	('al-Zawiya', 9),
	('Schaan', 1),
	('Vaduz', 1),
	('Vilnius', 58),
	('Kaunas', 41),
	('Klaipeda', 20),
	('Šiauliai', 15),
	('Panevezys', 13),
	('Luxembourg [Luxemburg/Lëtzebuerg]', 8),
	('El-Aaiún', 17),
	('Macao', 44),
	('Antananarivo', 68),
	('Toamasina', 13),
	('Antsirabé', 12),
	('Mahajanga', 10),
	('Fianarantsoa', 10),
	('Skopje', 44),
	('Blantyre', 48),
	('Lilongwe', 44),
	('Male', 7),
	('Kuala Lumpur', 130),
	('Ipoh', 38),
	('Johor Baharu', 33),
	('Petaling Jaya', 25),
	('Kelang', 24),
	('Kuala Terengganu', 23),
	('Pinang', 22),
	('Kota Bharu', 22),
	('Kuantan', 20),
	('Taiping', 18),
	('Seremban', 18),
	('Kuching', 15),
	('Sibu', 13),
	('Sandakan', 13),
	('Alor Setar', 12),
	('Selayang Baru', 12),
	('Sungai Petani', 11),
	('Shah Alam', 10),
	('Bamako', 81),
	('Birkirkara', 2),
	('Valletta', 1),
	('Casablanca', 294),
	('Rabat', 62),
	('Marrakech', 62),
	('Fès', 54),
	('Tanger', 52),
	('Salé', 50),
	('Meknès', 46),
	('Oujda', 37),
	('Kénitra', 29),
	('Tétouan', 28),
	('Safi', 26),
	('Agadir', 16),
	('Mohammedia', 15),
	('Khouribga', 15),
	('Beni-Mellal', 14),
	('Témara', 13),
	('El Jadida', 12),
	('Nador', 11),
	('Ksar el Kebir', 11),
	('Settat', 10),
	('Taza', 9),
	('El Araich', 9),
	('Dalap-Uliga-Darrit', 3),
	('Fort-de-France', 9),
	('Nouakchott', 67),
	('Nouâdhibou', 10),
	('Port-Louis', 14),
	('Beau Bassin-Rose Hill', 10),
	('Vacoas-Phoenix', 10),
	('Mamoutzou', 1),
	('Ciudad de México', 859),
	('Guadalajara', 165),
	('Ecatepec de Morelos', 162),
	('Puebla', 135),
	('Nezahualcóyotl', 122),
	('Juárez', 122),
	('Tijuana', 121),
	('León', 113),
	('Monterrey', 111),
	('Zapopan', 100),
	('Naucalpan de Juárez', 86),
	('Mexicali', 76),
	('Culiacán', 74),
	('Acapulco de Juárez', 72),
	('Tlalnepantla de Baz', 72),
	('Mérida', 70),
	('Chihuahua', 67),
	('San Luis Potosí', 67),
	('Guadalupe', 67),
	('Toluca', 67),
	('Aguascalientes', 64),
	('Querétaro', 64),
	('Morelia', 62),
	('Hermosillo', 61),
	('Saltillo', 58),
	('Torreón', 53),
	('Centro (Villahermosa)', 52),
	('San Nicolás de los Garza', 50),
	('Durango', 49),
	('Chimalhuacán', 49),
	('Tlaquepaque', 48),
	('Atizapán de Zaragoza', 47),
	('Veracruz', 46),
	('Cuautitlán Izcalli', 45),
	('Irapuato', 44),
	('Tuxtla Gutiérrez', 43),
	('Tultitlán', 43),
	('Reynosa', 42),
	('Benito Juárez', 42),
	('Matamoros', 42),
	('Xalapa', 39),
	('Celaya', 38),
	('Mazatlán', 38),
	('Ensenada', 37),
	('Ahome', 36),
	('Cajeme', 36),
	('Cuernavaca', 34),
	('Tonalá', 34),
	('Valle de Chalco Solidaridad', 32),
	('Nuevo Laredo', 31),
	('Tepic', 31),
	('Tampico', 29),
	('Ixtapaluca', 29),
	('Apodaca', 28),
	('Guasave', 28),
	('Gómez Palacio', 27),
	('Tapachula', 27),
	('Nicolás Romero', 27),
	('Coatzacoalcos', 27),
	('Uruapan', 27),
	('Victoria', 26),
	('Oaxaca de Juárez', 26),
	('Coacalco de Berriozábal', 25),
	('Pachuca de Soto', 24),
	('General Escobedo', 23),
	('Salamanca', 23),
	('Santa Catarina', 23),
	('Tehuacán', 23),
	('Chalco', 22),
	('Cárdenas', 22),
	('Campeche', 22),
	('La Paz', 21),
	('Othón P. Blanco (Chetumal)', 21),
	('Texcoco', 20),
	('La Paz', 20),
	('Metepec', 19),
	('Monclova', 19),
	('Huixquilucan', 19),
	('Chilpancingo de los Bravo', 19),
	('Puerto Vallarta', 18),
	('Fresnillo', 18),
	('Ciudad Madero', 18),
	('Soledad de Graciano Sánchez', 18),
	('San Juan del Río', 18),
	('San Felipe del Progreso', 18),
	('Córdoba', 18),
	('Tecámac', 17),
	('Ocosingo', 17),
	('Carmen', 17),
	('Lázaro Cárdenas', 17),
	('Jiutepec', 17),
	('Papantla', 17),
	('Comalcalco', 16),
	('Zamora', 16),
	('Nogales', 16),
	('Huimanguillo', 16),
	('Cuautla', 15),
	('Minatitlán', 15),
	('Poza Rica de Hidalgo', 15),
	('Ciudad Valles', 15),
	('Navolato', 15),
	('San Luis Río Colorado', 15),
	('Pénjamo', 14),
	('San Andrés Tuxtla', 14),
	('Guanajuato', 14),
	('Navojoa', 14),
	('Zitácuaro', 14),
	('Boca del Río', 14),
	('Allende', 13),
	('Silao', 13),
	('Macuspana', 13),
	('San Juan Bautista Tuxtepec', 13),
	('San Cristóbal de las Casas', 13),
	('Valle de Santiago', 13),
	('Guaymas', 13),
	('Colima', 13),
	('Dolores Hidalgo', 13),
	('Lagos de Moreno', 13),
	('Piedras Negras', 13),
	('Altamira', 13),
	('Túxpam', 13),
	('San Pedro Garza García', 13),
	('Cuauhtémoc', 12),
	('Manzanillo', 12),
	('Iguala de la Independencia', 12),
	('Zacatecas', 12),
	('Tlajomulco de Zúñiga', 12),
	('Tulancingo de Bravo', 12),
	('Zinacantepec', 12),
	('San Martín Texmelucan', 12),
	('Tepatitlán de Morelos', 12),
	('Martínez de la Torre', 12),
	('Orizaba', 12),
	('Apatzingán', 12),
	('Atlixco', 12),
	('Delicias', 12),
	('Ixtlahuaca', 12),
	('El Mante', 11),
	('Lerdo', 11),
	('Almoloya de Juárez', 11),
	('Acámbaro', 11),
	('Acuña', 11),
	('Guadalupe', 11),
	('Huejutla de Reyes', 11),
	('Hidalgo', 11),
	('Los Cabos', 11),
	('Comitán de Domínguez', 10),
	('Cunduacán', 10),
	('Río Bravo', 10),
	('Temapache', 10),
	('Chilapa de Alvarez', 10),
	('Hidalgo del Parral', 10),
	('San Francisco del Rincón', 10),
	('Taxco de Alarcón', 10),
	('Zumpango', 10),
	('San Pedro Cholula', 10),
	('Lerma', 10),
	('Tecomán', 10),
	('Las Margaritas', 10),
	('Cosoleacaque', 10),
	('San Luis de la Paz', 10),
	('José Azueta', 10),
	('Santiago Ixcuintla', 10),
	('San Felipe', 10),
	('Tejupilco', 9),
	('Tantoyuca', 9),
	('Salvatierra', 9),
	('Tultepec', 9),
	('Temixco', 9),
	('Matamoros', 9),
	('Pánuco', 9),
	('El Fuerte', 9),
	('Tierra Blanca', 9),
	('Weno', 2),
	('Palikir', 1),
	('Chisinau', 72),
	('Tiraspol', 19),
	('Balti', 15),
	('Bender (Tîghina)', 13),
	('Monte-Carlo', 1),
	('Monaco-Ville', 0),
	('Ulan Bator', 77),
	('Plymouth', 0),
	('Maputo', 102),
	('Matola', 42),
	('Beira', 40),
	('Nampula', 30),
	('Chimoio', 17),
	('Naçala-Porto', 16),
	('Quelimane', 15),
	('Mocuba', 12),
	('Tete', 10),
	('Xai-Xai', 10),
	('Gurue', 10),
	('Maxixe', 9),
	('Rangoon (Yangon)', 336),
	('Mandalay', 89),
	('Moulmein (Mawlamyine)', 31),
	('Pegu (Bago)', 19),
	('Bassein (Pathein)', 18),
	('Monywa', 14),
	('Sittwe (Akyab)', 14),
	('Taunggyi (Taunggye)', 13),
	('Meikhtila', 13),
	('Mergui (Myeik)', 12),
	('Lashio (Lasho)', 11),
	('Prome (Pyay)', 11),
	('Henzada (Hinthada)', 10),
	('Myingyan', 10),
	('Tavoy (Dawei)', 10),
	('Pagakku (Pakokku)', 9),
	('Windhoek', 17),
	('Yangor', 0),
	('Yaren', 0),
	('Kathmandu', 59),
	('Biratnagar', 16),
	('Pokhara', 15),
	('Lalitapur', 15),
	('Birgunj', 9),
	('Managua', 96),
	('León', 12),
	('Chinandega', 10),
	('Masaya', 9),
	('Niamey', 42),
	('Zinder', 12),
	('Maradi', 11),
	('Lagos', 152),
	('Ibadan', 143),
	('Ogbomosho', 73),
	('Kano', 67),
	('Oshogbo', 48),
	('Ilorin', 48),
	('Abeokuta', 43),
	('Port Harcourt', 41),
	('Zaria', 38),
	('Ilesha', 38),
	('Onitsha', 37),
	('Iwo', 36),
	('Ado-Ekiti', 36),
	('Abuja', 35),
	('Kaduna', 34),
	('Mushin', 33),
	('Maiduguri', 32),
	('Enugu', 32),
	('Ede', 31),
	('Aba', 30),
	('Ife', 30),
	('Ila', 26),
	('Oyo', 26),
	('Ikerre', 24),
	('Benin City', 23),
	('Iseyin', 22),
	('Katsina', 21),
	('Jos', 21),
	('Sokoto', 20),
	('Ilobu', 20),
	('Offa', 20),
	('Ikorodu', 18),
	('Ilawe-Ekiti', 18),
	('Owo', 18),
	('Ikirun', 18),
	('Shaki', 17),
	('Calabar', 17),
	('Ondo', 17),
	('Akure', 16),
	('Gusau', 16),
	('Ijebu-Ode', 16),
	('Effon-Alaiye', 15),
	('Kumo', 15),
	('Shomolu', 15),
	('Oka-Akoko', 14),
	('Ikare', 14),
	('Sapele', 14),
	('Deba Habe', 14),
	('Minna', 14),
	('Warri', 13),
	('Bida', 13),
	('Ikire', 12),
	('Makurdi', 12),
	('Lafia', 12),
	('Inisa', 12),
	('Shagamu', 12),
	('Awka', 11),
	('Gombe', 11),
	('Igboho', 11),
	('Ejigbo', 11),
	('Agege', 11),
	('Ise-Ekiti', 10),
	('Ugep', 10),
	('Epe', 10),
	('Alofi', 0),
	('Kingston', 0),
	('Oslo', 51),
	('Bergen', 23),
	('Trondheim', 15),
	('Stavanger', 11),
	('Bærum', 10),
	('Abidjan', 250),
	('Bouaké', 33),
	('Yamoussoukro', 13),
	('Daloa', 12),
	('Korhogo', 11),
	('al-Sib', 16),
	('Salala', 13),
	('Bawshar', 11),
	('Suhar', 9),
	('Masqat', 5),
	('Karachi', 927),
	('Lahore', 506),
	('Faisalabad', 198),
	('Rawalpindi', 141),
	('Multan', 118),
	('Hyderabad', 115),
	('Gujranwala', 112),
	('Peshawar', 99),
	('Quetta', 56),
	('Islamabad', 52),
	('Sargodha', 46),
	('Sialkot', 42),
	('Bahawalpur', 40),
	('Sukkur', 33),
	('Jhang', 29),
	('Sheikhupura', 27),
	('Larkana', 27),
	('Gujrat', 25),
	('Mardan', 24),
	('Kasur', 24),
	('Rahim Yar Khan', 23),
	('Sahiwal', 21),
	('Okara', 20),
	('Wah', 20),
	('Dera Ghazi Khan', 19),
	('Mirpur Khas', 18),
	('Nawabshah', 18),
	('Mingora', 17),
	('Chiniot', 17),
	('Kamoke', 15),
	('Mandi Burewala', 15),
	('Jhelum', 15),
	('Sadiqabad', 14),
	('Jacobabad', 14),
	('Shikarpur', 13),
	('Khanewal', 13),
	('Hafizabad', 13),
	('Kohat', 13),
	('Muzaffargarh', 12),
	('Khanpur', 12),
	('Gojra', 12),
	('Bahawalnagar', 11),
	('Muridke', 11),
	('Pak Pattan', 11),
	('Abottabad', 11),
	('Tando Adam', 10),
	('Jaranwala', 10),
	('Khairpur', 10),
	('Chishtian Mandi', 10),
	('Daska', 10),
	('Dadu', 10),
	('Mandi Bahauddin', 10),
	('Ahmadpur East', 10),
	('Kamalia', 10),
	('Khuzdar', 9),
	('Vihari', 9),
	('Dera Ismail Khan', 9),
	('Wazirabad', 9),
	('Nowshera', 9),
	('Koror', 1),
	('Ciudad de Panamá', 47),
	('San Miguelito', 32),
	('Port Moresby', 25),
	('Asunción', 56),
	('Ciudad del Este', 13),
	('San Lorenzo', 13),
	('Lambaré', 10),
	('Fernando de la Mora', 10),
	('Lima', 646),
	('Arequipa', 76),
	('Trujillo', 65),
	('Chiclayo', 52),
	('Callao', 42),
	('Iquitos', 37),
	('Chimbote', 34),
	('Huancayo', 33),
	('Piura', 33),
	('Cusco', 29),
	('Pucallpa', 22),
	('Tacna', 22),
	('Ica', 19),
	('Sullana', 15),
	('Juliaca', 14),
	('Huánuco', 13),
	('Ayacucho', 12),
	('Chincha Alta', 11),
	('Cajamarca', 11),
	('Puno', 10),
	('Ventanilla', 10),
	('Castilla', 9),
	('Adamstown', 0),
	('Garapan', 1),
	('Lisboa', 56),
	('Porto', 27),
	('Amadora', 12),
	('Coímbra', 10),
	('Braga', 9),
	('San Juan', 43),
	('Bayamón', 22),
	('Ponce', 19),
	('Carolina', 19),
	('Caguas', 14),
	('Arecibo', 10),
	('Guaynabo', 10),
	('Mayagüez', 10),
	('Toa Baja', 9),
	('Warszawa', 162),
	('Lódz', 80),
	('Kraków', 74),
	('Wroclaw', 64),
	('Poznan', 58),
	('Gdansk', 46),
	('Szczecin', 42),
	('Bydgoszcz', 39),
	('Lublin', 36),
	('Katowice', 35),
	('Bialystok', 28),
	('Czestochowa', 26),
	('Gdynia', 25),
	('Sosnowiec', 24),
	('Radom', 23),
	('Kielce', 21),
	('Gliwice', 21),
	('Torun', 21),
	('Bytom', 21),
	('Zabrze', 20),
	('Bielsko-Biala', 18),
	('Olsztyn', 17),
	('Rzeszów', 16),
	('Ruda Slaska', 16),
	('Rybnik', 14),
	('Walbrzych', 14),
	('Tychy', 13),
	('Dabrowa Górnicza', 13),
	('Plock', 13),
	('Elblag', 13),
	('Opole', 13),
	('Gorzów Wielkopolski', 13),
	('Wloclawek', 12),
	('Chorzów', 12),
	('Tarnów', 12),
	('Zielona Góra', 12),
	('Koszalin', 11),
	('Legnica', 11),
	('Kalisz', 11),
	('Grudziadz', 10),
	('Slupsk', 10),
	('Jastrzebie-Zdrój', 10),
	('Jaworzno', 10),
	('Jelenia Góra', 9),
	('Malabo', 4),
	('Doha', 36),
	('Paris', 213),
	('Marseille', 80),
	('Lyon', 45),
	('Toulouse', 39),
	('Nice', 34),
	('Nantes', 27),
	('Strasbourg', 26),
	('Montpellier', 23),
	('Bordeaux', 22),
	('Rennes', 21),
	('Le Havre', 19),
	('Reims', 19),
	('Lille', 18),
	('St-Étienne', 18),
	('Toulon', 16),
	('Grenoble', 15),
	('Angers', 15),
	('Dijon', 15),
	('Brest', 15),
	('Le Mans', 15),
	('Clermont-Ferrand', 14),
	('Amiens', 14),
	('Aix-en-Provence', 13),
	('Limoges', 13),
	('Nîmes', 13),
	('Tours', 13),
	('Villeurbanne', 12),
	('Metz', 12),
	('Besançon', 12),
	('Caen', 11),
	('Orléans', 11),
	('Mulhouse', 11),
	('Rouen', 11),
	('Boulogne-Billancourt', 11),
	('Perpignan', 11),
	('Nancy', 10),
	('Roubaix', 10),
	('Argenteuil', 9),
	('Tourcoing', 9),
	('Montreuil', 9),
	('Cayenne', 5),
	('Faaa', 3),
	('Papeete', 3),
	('Saint-Denis', 13),
	('Bucuresti', 202),
	('Iasi', 35),
	('Constanta', 34),
	('Cluj-Napoca', 33),
	('Galati', 33),
	('Timisoara', 32),
	('Brasov', 31),
	('Craiova', 31),
	('Ploiesti', 25),
	('Braila', 23),
	('Oradea', 22),
	('Bacau', 21),
	('Pitesti', 19),
	('Arad', 18),
	('Sibiu', 17),
	('Târgu Mures', 17),
	('Baia Mare', 15),
	('Buzau', 15),
	('Satu Mare', 13),
	('Botosani', 13),
	('Piatra Neamt', 13),
	('Râmnicu Vâlcea', 12),
	('Suceava', 12),
	('Drobeta-Turnu Severin', 12),
	('Târgoviste', 10),
	('Focsani', 10),
	('Târgu Jiu', 10),
	('Tulcea', 10),
	('Resita', 9),
	('Kigali', 29),
	('Stockholm', 75),
	('Gothenburg [Göteborg]', 47),
	('Malmö', 26),
	('Uppsala', 19),
	('Linköping', 13),
	('Västerås', 13),
	('Örebro', 12),
	('Norrköping', 12),
	('Helsingborg', 12),
	('Jönköping', 12),
	('Umeå', 10),
	('Lund', 10),
	('Borås', 10),
	('Sundsvall', 9),
	('Gävle', 9),
	('Jamestown', 0),
	('Basseterre', 1),
	('Castries', 0),
	('Kingstown', 2),
	('Saint-Pierre', 1),
	('Berlin', 339),
	('Hamburg', 170),
	('Munich [München]', 119),
	('Köln', 96),
	('Frankfurt am Main', 64),
	('Essen', 60),
	('Dortmund', 59),
	('Stuttgart', 58),
	('Düsseldorf', 57),
	('Bremen', 54),
	('Duisburg', 52),
	('Hannover', 51),
	('Leipzig', 49),
	('Nürnberg', 49),
	('Dresden', 48),
	('Bochum', 39),
	('Wuppertal', 37),
	('Bielefeld', 32),
	('Mannheim', 31),
	('Bonn', 30),
	('Gelsenkirchen', 28),
	('Karlsruhe', 28),
	('Wiesbaden', 27),
	('Münster', 26),
	('Mönchengladbach', 26),
	('Chemnitz', 26),
	('Augsburg', 25),
	('Halle/Saale', 25),
	('Braunschweig', 25),
	('Aachen', 24),
	('Krefeld', 24),
	('Magdeburg', 24),
	('Kiel', 23),
	('Oberhausen', 22),
	('Lübeck', 21),
	('Hagen', 21),
	('Rostock', 20),
	('Freiburg im Breisgau', 20),
	('Erfurt', 20),
	('Kassel', 20),
	('Saarbrücken', 18),
	('Mainz', 18),
	('Hamm', 18),
	('Herne', 18),
	('Mülheim an der Ruhr', 17),
	('Solingen', 17),
	('Osnabrück', 16),
	('Ludwigshafen am Rhein', 16),
	('Leverkusen', 16),
	('Oldenburg', 15),
	('Neuss', 15),
	('Heidelberg', 14),
	('Darmstadt', 14),
	('Paderborn', 14),
	('Potsdam', 13),
	('Würzburg', 13),
	('Regensburg', 13),
	('Recklinghausen', 13),
	('Göttingen', 12),
	('Bremerhaven', 12),
	('Wolfsburg', 12),
	('Bottrop', 12),
	('Remscheid', 12),
	('Heilbronn', 12),
	('Pforzheim', 12),
	('Offenbach am Main', 12),
	('Ulm', 12),
	('Ingolstadt', 11),
	('Gera', 11),
	('Salzgitter', 11),
	('Cottbus', 11),
	('Reutlingen', 11),
	('Fürth', 11),
	('Siegen', 11),
	('Koblenz', 11),
	('Moers', 11),
	('Bergisch Gladbach', 11),
	('Zwickau', 10),
	('Hildesheim', 10),
	('Witten', 10),
	('Schwerin', 10),
	('Erlangen', 10),
	('Kaiserslautern', 10),
	('Trier', 10),
	('Jena', 10),
	('Iserlohn', 10),
	('Gütersloh', 10),
	('Marl', 9),
	('Lünen', 9),
	('Düren', 9),
	('Ratingen', 9),
	('Velbert', 9),
	('Esslingen am Neckar', 9),
	('Honiara', 5),
	('Lusaka', 132),
	('Ndola', 33),
	('Kitwe', 29),
	('Kabwe', 15),
	('Chingola', 14),
	('Mufulira', 12),
	('Luanshya', 12),
	('Apia', 4),
	('Serravalle', 0),
	('San Marino', 0),
	('São Tomé', 5),
	('Riyadh', 332),
	('Jedda', 205),
	('Mekka', 97),
	('Medina', 61),
	('al-Dammam', 48),
	('al-Taif', 42),
	('Tabuk', 29),
	('Burayda', 25),
	('al-Hufuf', 23),
	('al-Mubarraz', 22),
	('Khamis Mushayt', 22),
	('Hail', 18),
	('al-Kharj', 15),
	('al-Khubar', 14),
	('Jubayl', 14),
	('Hafar al-Batin', 14),
	('al-Tuqba', 13),
	('Yanbu', 12),
	('Abha', 11),
	('Ara´ar', 11),
	('al-Qatif', 10),
	('al-Hawiya', 9),
	('Unayza', 9),
	('Najran', 9),
	('Pikine', 86),
	('Dakar', 79),
	('Thiès', 25),
	('Kaolack', 20),
	('Ziguinchor', 19),
	('Rufisque', 15),
	('Saint-Louis', 13),
	('Mbour', 11),
	('Diourbel', 10),
	('Victoria', 4),
	('Freetown', 85),
	('Singapore', 402),
	('Bratislava', 45),
	('Košice', 24),
	('Prešov', 9),
	('Ljubljana', 27),
	('Maribor', 12),
	('Mogadishu', 100),
	('Hargeysa', 9),
	('Kismaayo', 9),
	('Colombo', 65),
	('Dehiwala', 20),
	('Moratuwa', 19),
	('Jaffna', 15),
	('Kandy', 14),
	('Sri Jayawardenepura Kotte', 12),
	('Negombo', 10),
	('Omdurman', 127),
	('Khartum', 95),
	('Sharq al-Nil', 70),
	('Port Sudan', 31),
	('Kassala', 23),
	('Obeid', 23),
	('Nyala', 23),
	('Wad Madani', 21),
	('al-Qadarif', 19),
	('Kusti', 17),
	('al-Fashir', 14),
	('Juba', 11),
	('Helsinki [Helsingfors]', 56),
	('Espoo', 21),
	('Tampere', 20),
	('Vantaa', 18),
	('Turku [Åbo]', 17),
	('Oulu', 12),
	('Lahti', 10),
	('Paramaribo', 11),
	('Mbabane', 6),
	('Zürich', 34),
	('Geneve', 17),
	('Basel', 17),
	('Bern', 12),
	('Lausanne', 11),
	('Damascus', 135),
	('Aleppo', 126),
	('Hims', 51),
	('Hama', 34),
	('Latakia', 26),
	('al-Qamishliya', 14),
	('Dayr al-Zawr', 14),
	('Jaramana', 14),
	('Duma', 13),
	('al-Raqqa', 11),
	('Idlib', 9),
	('Dushanbe', 52),
	('Khujand', 16),
	('Taipei', 264),
	('Kaohsiung', 148),
	('Taichung', 94),
	('Tainan', 73),
	('Panchiao', 52),
	('Chungho', 39),
	('Keelung (Chilung)', 39),
	('Sanchung', 38),
	('Hsinchuang', 37),
	('Hsinchu', 36),
	('Chungli', 32),
	('Fengshan', 32),
	('Taoyuan', 32),
	('Chiayi', 27),
	('Hsintien', 26),
	('Changhwa', 23),
	('Yungho', 23),
	('Tucheng', 22),
	('Pingtung', 21),
	('Yungkang', 19),
	('Pingchen', 19),
	('Tali', 17),
	('Taiping', 17),
	('Pate', 16),
	('Fengyuan', 16),
	('Luchou', 16),
	('Hsichuh', 15),
	('Shulin', 15),
	('Yuanlin', 13),
	('Yangmei', 13),
	('Taliao', 12),
	('Kueishan', 11),
	('Tanshui', 11),
	('Taitung', 11),
	('Hualien', 11),
	('Nantou', 10),
	('Lungtan', 10),
	('Touliu', 10),
	('Tsaotun', 10),
	('Kangshan', 9),
	('Ilan', 9),
	('Miaoli', 9),
	('Dar es Salaam', 175),
	('Dodoma', 19),
	('Mwanza', 17),
	('Zanzibar', 16),
	('Tanga', 14),
	('Mbeya', 13),
	('Morogoro', 12),
	('Arusha', 10),
	('Moshi', 10),
	('Tabora', 9),
	('København', 50),
	('Århus', 28),
	('Odense', 18),
	('Aalborg', 16),
	('Frederiksberg', 9),
	('Bangkok', 632),
	('Nonthaburi', 29),
	('Nakhon Ratchasima', 18),
	('Chiang Mai', 17),
	('Udon Thani', 16),
	('Hat Yai', 15),
	('Khon Kaen', 13),
	('Pak Kret', 13),
	('Nakhon Sawan', 12),
	('Ubon Ratchathani', 12),
	('Songkhla', 9),
	('Nakhon Pathom', 9),
	('Lomé', 38),
	('Fakaofo', 0),
	('Nuku´alofa', 2),
	('Chaguanas', 6),
	('Port-of-Spain', 4),
	('N´Djaména', 53),
	('Moundou', 10),
	('Praha', 118),
	('Brno', 38),
	('Ostrava', 32),
	('Plzen', 17),
	('Olomouc', 10),
	('Liberec', 10),
	('Ceské Budejovice', 10),
	('Hradec Králové', 10),
	('Ústí nad Labem', 10),
	('Pardubice', 9),
	('Tunis', 69),
	('Sfax', 26),
	('Ariana', 20),
	('Ettadhamen', 18),
	('Sousse', 15),
	('Kairouan', 11),
	('Biserta', 11),
	('Gabès', 11),
	('Istanbul', 879),
	('Ankara', 304),
	('Izmir', 213),
	('Adana', 113),
	('Bursa', 110),
	('Gaziantep', 79),
	('Konya', 63),
	('Mersin (Içel)', 59),
	('Antalya', 56),
	('Diyarbakir', 48),
	('Kayseri', 48),
	('Eskisehir', 47),
	('Sanliurfa', 41),
	('Samsun', 34),
	('Malatya', 33),
	('Gebze', 26),
	('Denizli', 25),
	('Sivas', 25),
	('Erzurum', 25),
	('Tarsus', 25),
	('Kahramanmaras', 25),
	('Elâzig', 23),
	('Van', 22),
	('Sultanbeyli', 21),
	('Izmit (Kocaeli)', 21),
	('Manisa', 21),
	('Batman', 20),
	('Balikesir', 20),
	('Sakarya (Adapazari)', 19),
	('Iskenderun', 15),
	('Osmaniye', 15),
	('Çorum', 15),
	('Kütahya', 14),
	('Hatay (Antakya)', 14),
	('Kirikkale', 14),
	('Adiyaman', 14),
	('Trabzon', 14),
	('Ordu', 13),
	('Aydin', 13),
	('Usak', 13),
	('Edirne', 12),
	('Çorlu', 12),
	('Isparta', 12),
	('Karabük', 12),
	('Kilis', 12),
	('Alanya', 12),
	('Kiziltepe', 11),
	('Zonguldak', 11),
	('Siirt', 11),
	('Viransehir', 11),
	('Tekirdag', 11),
	('Karaman', 10),
	('Afyon', 10),
	('Aksaray', 10),
	('Ceyhan', 10),
	('Erzincan', 10),
	('Bismil', 10),
	('Nazilli', 10),
	('Tokat', 10),
	('Kars', 9),
	('Inegöl', 9),
	('Bandirma', 9),
	('Ashgabat', 54),
	('Chärjew', 19),
	('Dashhowuz', 14),
	('Mary', 10),
	('Cockburn Town', 0),
	('Funafuti', 0),
	('Kampala', 89),
	('Kyiv', 262),
	('Harkova [Harkiv]', 150),
	('Dnipropetrovsk', 110),
	('Donetsk', 105),
	('Odesa', 101),
	('Zaporizzja', 85),
	('Lviv', 79),
	('Kryvyi Rig', 70),
	('Mykolajiv', 51),
	('Mariupol', 49),
	('Lugansk', 47),
	('Vinnytsja', 39),
	('Makijivka', 38),
	('Herson', 35),
	('Sevastopol', 35),
	('Simferopol', 34),
	('Pultava [Poltava]', 31),
	('Tšernigiv', 31),
	('Tšerkasy', 31),
	('Gorlivka', 30),
	('Zytomyr', 30),
	('Sumy', 29),
	('Dniprodzerzynsk', 27),
	('Kirovograd', 27),
	('Hmelnytskyi', 26),
	('Tšernivtsi', 26),
	('Rivne', 25),
	('Krementšuk', 24),
	('Ivano-Frankivsk', 24),
	('Ternopil', 24),
	('Lutsk', 22),
	('Bila Tserkva', 22),
	('Kramatorsk', 19),
	('Melitopol', 17),
	('Kertš', 16),
	('Nikopol', 15),
	('Berdjansk', 13),
	('Pavlograd', 13),
	('Sjeverodonetsk', 13),
	('Slovjansk', 13),
	('Uzgorod', 13),
	('Altševsk', 12),
	('Lysytšansk', 12),
	('Jevpatorija', 11),
	('Kamjanets-Podilskyi', 11),
	('Jenakijeve', 11),
	('Krasnyi Lutš', 10),
	('Stahanov', 10),
	('Oleksandrija', 10),
	('Konotop', 10),
	('Kostjantynivka', 10),
	('Berdytšiv', 9),
	('Izmajil', 9),
	('Šostka', 9),
	('Uman', 9),
	('Brovary', 9),
	('Mukatševe', 9),
	('Budapest', 181),
	('Debrecen', 20),
	('Miskolc', 17),
	('Szeged', 16),
	('Pécs', 16),
	('Györ', 13),
	('Nyiregyháza', 11),
	('Kecskemét', 11),
	('Székesfehérvár', 11),
	('Montevideo', 124),
	('Nouméa', 8),
	('Auckland', 38),
	('Christchurch', 32),
	('Manukau', 28),
	('North Shore', 19),
	('Waitakere', 17),
	('Wellington', 17),
	('Dunedin', 12),
	('Hamilton', 12),
	('Lower Hutt', 10),
	('Toskent', 212),
	('Namangan', 37),
	('Samarkand', 36),
	('Andijon', 32),
	('Buhoro', 24),
	('Karsi', 19),
	('Nukus', 19),
	('Kükon', 19),
	('Fargona', 18),
	('Circik', 15),
	('Margilon', 14),
	('Ürgenc', 14),
	('Angren', 13),
	('Cizah', 12),
	('Navoi', 12),
	('Olmalik', 11),
	('Termiz', 11),
	('Minsk', 167),
	('Gomel', 48),
	('Mogiljov', 36),
	('Vitebsk', 34),
	('Grodno', 30),
	('Brest', 29),
	('Bobruisk', 22),
	('Baranovitši', 17),
	('Borisov', 15),
	('Pinsk', 13),
	('Orša', 12),
	('Mozyr', 11),
	('Novopolotsk', 11),
	('Lida', 10),
	('Soligorsk', 10),
	('Molodetšno', 10),
	('Mata-Utu', 0),
	('Port-Vila', 3),
	('Città del Vaticano', 0),
	('Caracas', 198),
	('Maracaíbo', 130),
	('Barquisimeto', 88),
	('Valencia', 79),
	('Ciudad Guayana', 66),
	('Petare', 49),
	('Maracay', 44),
	('Barcelona', 32),
	('Maturín', 32),
	('San Cristóbal', 32),
	('Ciudad Bolívar', 30),
	('Cumaná', 29),
	('Mérida', 22),
	('Cabimas', 22),
	('Barinas', 22),
	('Turmero', 22),
	('Baruta', 21),
	('Puerto Cabello', 19),
	('Santa Ana de Coro', 19),
	('Los Teques', 18),
	('Punto Fijo', 17),
	('Guarenas', 17),
	('Acarigua', 16),
	('Puerto La Cruz', 16),
	('Ciudad Losada', 13),
	('Guacara', 13),
	('Valera', 13),
	('Guanare', 13),
	('Carúpano', 12),
	('Catia La Mar', 12),
	('El Tigre', 12),
	('Guatire', 11),
	('Calabozo', 11),
	('Pozuelos', 11),
	('Ciudad Ojeda', 10),
	('Ocumare del Tuy', 10),
	('Valle de la Pascua', 10),
	('Araure', 9),
	('San Fernando de Apure', 9),
	('San Felipe', 9),
	('El Limón', 9),
	('Moscow', 839),
	('St Petersburg', 469),
	('Novosibirsk', 140),
	('Nizni Novgorod', 136),
	('Jekaterinburg', 127),
	('Samara', 116),
	('Omsk', 115),
	('Kazan', 110),
	('Ufa', 109),
	('Tšeljabinsk', 108),
	('Rostov-na-Donu', 101),
	('Perm', 101),
	('Volgograd', 99),
	('Voronez', 91),
	('Krasnojarsk', 88),
	('Saratov', 87),
	('Toljatti', 72),
	('Uljanovsk', 67),
	('Izevsk', 65),
	('Krasnodar', 64),
	('Jaroslavl', 62),
	('Habarovsk', 61),
	('Vladivostok', 61),
	('Irkutsk', 59),
	('Barnaul', 58),
	('Novokuznetsk', 56),
	('Penza', 53),
	('Rjazan', 53),
	('Orenburg', 52),
	('Lipetsk', 52),
	('Nabereznyje Tšelny', 51),
	('Tula', 51),
	('Tjumen', 50),
	('Kemerovo', 49),
	('Astrahan', 49),
	('Tomsk', 48),
	('Kirov', 47),
	('Ivanovo', 46),
	('Tšeboksary', 46),
	('Brjansk', 46),
	('Tver', 45),
	('Kursk', 44),
	('Magnitogorsk', 43),
	('Kaliningrad', 42),
	('Nizni Tagil', 39),
	('Murmansk', 38),
	('Ulan-Ude', 37),
	('Kurgan', 36),
	('Arkangeli', 36),
	('Sotši', 36),
	('Smolensk', 35),
	('Orjol', 34),
	('Stavropol', 34),
	('Belgorod', 34),
	('Kaluga', 34),
	('Vladimir', 34),
	('Mahatškala', 33),
	('Tšerepovets', 32),
	('Saransk', 31),
	('Tambov', 31),
	('Vladikavkaz', 31),
	('Tšita', 31),
	('Vologda', 30),
	('Veliki Novgorod', 30),
	('Komsomolsk-na-Amure', 29),
	('Kostroma', 29),
	('Volzski', 29),
	('Taganrog', 28),
	('Petroskoi', 28),
	('Bratsk', 28),
	('Dzerzinsk', 28),
	('Surgut', 27),
	('Orsk', 27),
	('Sterlitamak', 27),
	('Angarsk', 26),
	('Joškar-Ola', 25),
	('Rybinsk', 24),
	('Prokopjevsk', 24),
	('Niznevartovsk', 23),
	('Naltšik', 23),
	('Syktyvkar', 23),
	('Severodvinsk', 23),
	('Bijsk', 23),
	('Niznekamsk', 22),
	('Blagoveštšensk', 22),
	('Šahty', 22),
	('Staryi Oskol', 21),
	('Zelenograd', 21),
	('Balakovo', 21),
	('Novorossijsk', 20),
	('Pihkova', 20),
	('Zlatoust', 20),
	('Jakutsk', 20),
	('Podolsk', 19),
	('Petropavlovsk-Kamtšatski', 19),
	('Kamensk-Uralski', 19),
	('Engels', 19),
	('Syzran', 19),
	('Grozny', 19),
	('Novotšerkassk', 18),
	('Berezniki', 18),
	('Juzno-Sahalinsk', 18),
	('Volgodonsk', 18),
	('Abakan', 17),
	('Maikop', 17),
	('Miass', 17),
	('Armavir', 16),
	('Ljubertsy', 16),
	('Rubtsovsk', 16),
	('Kovrov', 16),
	('Nahodka', 16),
	('Ussurijsk', 16),
	('Salavat', 16),
	('Mytištši', 16),
	('Kolomna', 15),
	('Elektrostal', 15),
	('Murom', 14),
	('Kolpino', 14),
	('Norilsk', 14),
	('Almetjevsk', 14),
	('Novomoskovsk', 14),
	('Dimitrovgrad', 14),
	('Pervouralsk', 14),
	('Himki', 13),
	('Balašiha', 13),
	('Nevinnomyssk', 13),
	('Pjatigorsk', 13),
	('Korolev', 13),
	('Serpuhov', 13),
	('Odintsovo', 13),
	('Orehovo-Zujevo', 12),
	('Kamyšin', 12),
	('Novotšeboksarsk', 12),
	('Tšerkessk', 12),
	('Atšinsk', 12),
	('Magadan', 12),
	('Mitšurinsk', 12),
	('Kislovodsk', 12),
	('Jelets', 12),
	('Seversk', 12),
	('Noginsk', 12),
	('Velikije Luki', 12),
	('Novokuibyševsk', 12),
	('Neftekamsk', 12),
	('Leninsk-Kuznetski', 11),
	('Oktjabrski', 11),
	('Sergijev Posad', 11),
	('Arzamas', 11),
	('Kiseljovsk', 11),
	('Novotroitsk', 11),
	('Obninsk', 11),
	('Kansk', 11),
	('Glazov', 11),
	('Solikamsk', 11),
	('Sarapul', 11),
	('Ust-Ilimsk', 11),
	('Štšolkovo', 10),
	('Mezduretšensk', 10),
	('Usolje-Sibirskoje', 10),
	('Elista', 10),
	('Novošahtinsk', 10),
	('Votkinsk', 10),
	('Kyzyl', 10),
	('Serov', 10),
	('Zelenodolsk', 10),
	('Zeleznodoroznyi', 10),
	('Kinešma', 10),
	('Kuznetsk', 10),
	('Uhta', 10),
	('Jessentuki', 10),
	('Tobolsk', 10),
	('Neftejugansk', 10),
	('Bataisk', 10),
	('Nojabrsk', 10),
	('Balašov', 10),
	('Zeleznogorsk', 10),
	('Zukovski', 10),
	('Anzero-Sudzensk', 10),
	('Bugulma', 9),
	('Zeleznogorsk', 9),
	('Novouralsk', 9),
	('Puškin', 9),
	('Vorkuta', 9),
	('Derbent', 9),
	('Kirovo-Tšepetsk', 9),
	('Krasnogorsk', 9),
	('Klin', 9),
	('Tšaikovski', 9),
	('Novyi Urengoi', 9),
	('Ho Chi Minh City', 398),
	('Hanoi', 141),
	('Haiphong', 78),
	('Da Nang', 38),
	('Biên Hoa', 28),
	('Nha Trang', 22),
	('Hue', 22),
	('Can Tho', 22),
	('Cam Pha', 21),
	('Nam Dinh', 17),
	('Quy Nhon', 16),
	('Vung Tau', 15),
	('Rach Gia', 14),
	('Long Xuyen', 13),
	('Thai Nguyen', 13),
	('Hong Gai', 13),
	('Phan Thiêt', 11),
	('Cam Ranh', 11),
	('Vinh', 11),
	('My Tho', 11),
	('Da Lat', 11),
	('Buon Ma Thuot', 10),
	('Tallinn', 40),
	('Tartu', 10),
	('뉴욕', 0),
	('Los Angeles', 369),
	('Chicago', 290),
	('Houston', 195),
	('Philadelphia', 152),
	('Phoenix', 132),
	('San Diego', 122),
	('Dallas', 119),
	('San Antonio', 114),
	('Detroit', 95),
	('San Jose', 89),
	('Indianapolis', 79),
	('San Francisco', 78),
	('Jacksonville', 74),
	('Columbus', 71),
	('Austin', 66),
	('Baltimore', 65),
	('Memphis', 65),
	('Milwaukee', 60),
	('Boston', 59),
	('Washington', 57),
	('Nashville-Davidson', 57),
	('El Paso', 56),
	('Seattle', 56),
	('Denver', 55),
	('Charlotte', 54),
	('Fort Worth', 53),
	('Portland', 53),
	('Oklahoma City', 51),
	('Tucson', 49),
	('Las Vegas', 48),
	('Cleveland', 48),
	('Long Beach', 46),
	('Albuquerque', 45),
	('Kansas City', 44),
	('Fresno', 43),
	('Virginia Beach', 43),
	('Atlanta', 42),
	('Sacramento', 41),
	('Oakland', 40),
	('Mesa', 40),
	('Tulsa', 39),
	('Omaha', 39),
	('Minneapolis', 38),
	('Honolulu', 37),
	('Miami', 36),
	('Colorado Springs', 36),
	('Saint Louis', 35),
	('Wichita', 34),
	('Santa Ana', 34),
	('Pittsburgh', 33),
	('Arlington', 33),
	('Cincinnati', 33),
	('Anaheim', 33),
	('Toledo', 31),
	('Tampa', 30),
	('Buffalo', 29),
	('Saint Paul', 29),
	('Corpus Christi', 28),
	('Aurora', 28),
	('Raleigh', 28),
	('Lexington-Fayette', 26),
	('Anchorage', 26),
	('Louisville', 26),
	('Riverside', 26),
	('Saint Petersburg', 25),
	('Bakersfield', 25),
	('Stockton', 24),
	('Birmingham', 24),
	('Jersey City', 24),
	('Norfolk', 23),
	('Baton Rouge', 23),
	('Hialeah', 23),
	('Lincoln', 23),
	('Greensboro', 22),
	('Plano', 22),
	('Rochester', 22),
	('Glendale', 22),
	('Akron', 22),
	('Garland', 22),
	('Madison', 21),
	('Fort Wayne', 21),
	('Fremont', 20),
	('Scottsdale', 20),
	('Montgomery', 20),
	('Shreveport', 20),
	('Augusta-Richmond County', 20),
	('Lubbock', 20),
	('Chesapeake', 20),
	('Mobile', 20),
	('Des Moines', 20),
	('Grand Rapids', 20),
	('Richmond', 20),
	('Yonkers', 20),
	('Spokane', 20),
	('Glendale', 19),
	('Tacoma', 19),
	('Irving', 19),
	('Huntington Beach', 19),
	('Modesto', 19),
	('Durham', 19),
	('Columbus', 19),
	('Orlando', 19),
	('Boise City', 19),
	('Winston-Salem', 19),
	('San Bernardino', 19),
	('Jackson', 18),
	('Little Rock', 18),
	('Salt Lake City', 18),
	('Reno', 18),
	('Chandler', 18),
	('Laredo', 18),
	('Henderson', 18),
	('Arlington', 17),
	('Knoxville', 17),
	('Amarillo', 17),
	('Providence', 17),
	('Chula Vista', 17),
	('Worcester', 17),
	('Oxnard', 17),
	('Dayton', 17),
	('Garden Grove', 17),
	('Oceanside', 16),
	('Tempe', 16),
	('Huntsville', 16),
	('Ontario', 16),
	('Chattanooga', 16),
	('Fort Lauderdale', 15),
	('Springfield', 15),
	('Springfield', 15),
	('Santa Clarita', 15),
	('Salinas', 15),
	('Tallahassee', 15),
	('Rockford', 15),
	('Pomona', 15),
	('Metairie', 15),
	('Paterson', 15),
	('Overland Park', 15),
	('Santa Rosa', 15),
	('Syracuse', 15),
	('Kansas City', 15),
	('Hampton', 15),
	('Lakewood', 14),
	('Vancouver', 14),
	('Irvine', 14),
	('Aurora', 14),
	('Moreno Valley', 14),
	('Pasadena', 14),
	('Hayward', 14),
	('Brownsville', 14),
	('Bridgeport', 14),
	('Hollywood', 14),
	('Warren', 14),
	('Torrance', 14),
	('Eugene', 14),
	('Pembroke Pines', 14),
	('Salem', 14),
	('Pasadena', 13),
	('Escondido', 13),
	('Sunnyvale', 13),
	('Savannah', 13),
	('Fontana', 13),
	('Orange', 13),
	('Naperville', 13),
	('Alexandria', 13),
	('Rancho Cucamonga', 13),
	('Grand Prairie', 13),
	('East Los Angeles', 13),
	('Fullerton', 13),
	('Corona', 12),
	('Flint', 12),
	('Paradise', 12),
	('Mesquite', 12),
	('Sterling Heights', 12),
	('Sioux Falls', 12),
	('Topeka', 12),
	('Concord', 12),
	('Evansville', 12),
	('Hartford', 12),
	('Fayetteville', 12),
	('Cedar Rapids', 12),
	('Elizabeth', 12),
	('Lansing', 12),
	('Lancaster', 12),
	('Fort Collins', 12),
	('Coral Springs', 12),
	('Stamford', 12),
	('Thousand Oaks', 12),
	('Vallejo', 12),
	('Palmdale', 12),
	('Columbia', 12),
	('El Monte', 12),
	('Abilene', 12),
	('North Las Vegas', 12),
	('Ann Arbor', 11),
	('Beaumont', 11),
	('Waco', 11),
	('Macon', 11),
	('Independence', 11),
	('Peoria', 11),
	('Inglewood', 11),
	('Springfield', 11),
	('Simi Valley', 11),
	('Lafayette', 11),
	('Gilbert', 11),
	('Carrollton', 11),
	('Bellevue', 11),
	('West Valley City', 11),
	('Clarksville', 11),
	('Costa Mesa', 11),
	('Peoria', 11),
	('South Bend', 11),
	('Downey', 11),
	('Waterbury', 11),
	('Manchester', 11),
	('Allentown', 11),
	('McAllen', 11),
	('Joliet', 11),
	('Lowell', 11),
	('Provo', 11),
	('West Covina', 11),
	('Wichita Falls', 10),
	('Erie', 10),
	('Daly City', 10),
	('Citrus Heights', 10),
	('Norwalk', 10),
	('Gary', 10),
	('Berkeley', 10),
	('Santa Clara', 10),
	('Green Bay', 10),
	('Cape Coral', 10),
	('Arvada', 10),
	('Pueblo', 10),
	('Sandy', 10),
	('Athens-Clarke County', 10),
	('Cambridge', 10),
	('Westminster', 10),
	('San Buenaventura', 10),
	('Portsmouth', 10),
	('Livonia', 10),
	('Burbank', 10),
	('Clearwater', 10),
	('Midland', 10),
	('Davenport', 10),
	('Mission Viejo', 10),
	('Miami Beach', 10),
	('Sunrise Manor', 10),
	('El Cajon', 9),
	('Norman', 9),
	('Richmond', 9),
	('Albany', 9),
	('Brockton', 9),
	('Roanoke', 9),
	('Billings', 9),
	('Compton', 9),
	('Gainesville', 9),
	('Fairfield', 9),
	('Arden-Arcade', 9),
	('San Mateo', 9),
	('Visalia', 9),
	('Boulder', 9),
	('Cary', 9),
	('Santa Monica', 9),
	('Fall River', 9),
	('Kenosha', 9),
	('Elgin', 9),
	('Odessa', 9),
	('Carson', 9),
	('Charleston', 9),
	('Charlotte Amalie', 1),
	('Harare', 141),
	('Bulawayo', 62),
	('Chitungwiza', 27),
	('Mount Darwin', 16),
	('Mutare', 13),
	('Gweru', 13),
	('Gaza', 35),
	('Khan Yunis', 12),
	('Hebron', 12),
	('Jabaliya', 11),
	('Nablus', 10),
	('Rafah', 9);

-- 테이블 market_db.hongong1 구조 내보내기
DROP TABLE IF EXISTS `hongong1`;
CREATE TABLE IF NOT EXISTS `hongong1` (
  `toy_id` int DEFAULT NULL,
  `toy_name` char(4) DEFAULT NULL,
  `age` int DEFAULT NULL
) ENGINE=InnoDB DEFAULT CHARSET=utf8mb4 COLLATE=utf8mb4_0900_ai_ci;

-- 테이블 데이터 market_db.hongong1:~2 rows (대략적) 내보내기
DELETE FROM `hongong1`;
INSERT INTO `hongong1` (`toy_id`, `toy_name`, `age`) VALUES
	(1, '우디', 25),
	(2, '버즈', NULL),
	(3, '제시', 20);

-- 테이블 market_db.hongong2 구조 내보내기
DROP TABLE IF EXISTS `hongong2`;
CREATE TABLE IF NOT EXISTS `hongong2` (
  `toy_id` int NOT NULL AUTO_INCREMENT,
  `toy_name` char(4) DEFAULT NULL,
  `age` int DEFAULT NULL,
  PRIMARY KEY (`toy_id`)
) ENGINE=InnoDB AUTO_INCREMENT=101 DEFAULT CHARSET=utf8mb4 COLLATE=utf8mb4_0900_ai_ci;

-- 테이블 데이터 market_db.hongong2:~2 rows (대략적) 내보내기
DELETE FROM `hongong2`;
INSERT INTO `hongong2` (`toy_id`, `toy_name`, `age`) VALUES
	(1, '보핍', 25),
	(2, '슬링키', 22),
	(3, '렉스', 21),
	(100, '재남', 35);

-- 테이블 market_db.hongong3 구조 내보내기
DROP TABLE IF EXISTS `hongong3`;
CREATE TABLE IF NOT EXISTS `hongong3` (
  `toy_id` int NOT NULL AUTO_INCREMENT,
  `toy_name` char(4) DEFAULT NULL,
  `age` int DEFAULT NULL,
  PRIMARY KEY (`toy_id`)
) ENGINE=InnoDB AUTO_INCREMENT=1007 DEFAULT CHARSET=utf8mb4 COLLATE=utf8mb4_0900_ai_ci;

-- 테이블 데이터 market_db.hongong3:~2 rows (대략적) 내보내기
DELETE FROM `hongong3`;
INSERT INTO `hongong3` (`toy_id`, `toy_name`, `age`) VALUES
	(1000, '토마스', 20),
	(1003, '제임스', 23),
	(1006, '고든', 25);

-- 테이블 market_db.member 구조 내보내기
DROP TABLE IF EXISTS `member`;
CREATE TABLE IF NOT EXISTS `member` (
  `mem_id` char(8) NOT NULL,
  `mem_name` varchar(10) NOT NULL,
  `mem_number` int NOT NULL,
  `addr` char(2) NOT NULL,
  `phone1` char(3) DEFAULT NULL,
  `phone2` char(8) DEFAULT NULL,
  `height` smallint DEFAULT NULL,
  `debut_date` date DEFAULT NULL,
  PRIMARY KEY (`mem_id`)
) ENGINE=InnoDB DEFAULT CHARSET=utf8mb4 COLLATE=utf8mb4_0900_ai_ci;

-- 테이블 데이터 market_db.member:~10 rows (대략적) 내보내기
DELETE FROM `member`;
INSERT INTO `member` (`mem_id`, `mem_name`, `mem_number`, `addr`, `phone1`, `phone2`, `height`, `debut_date`) VALUES
	('APN', '에이핑크', 6, '경기', '031', '77777777', 164, '2011-02-10'),
	('BLK', '블랙핑크', 4, '경남', '055', '22222222', 163, '2016-08-08'),
	('GRL', '소녀시대', 8, '서울', '02', '44444444', 168, '2007-08-02'),
	('ITZ', '잇지', 5, '경남', NULL, NULL, 167, '2019-02-12'),
	('MMU', '마마무', 4, '전남', '061', '99999999', 165, '2014-06-19'),
	('OMY', '오마이걸', 7, '서울', NULL, NULL, 160, '2015-04-21'),
	('RED', '레드벨벳', 4, '경북', '054', '55555555', 161, '2014-08-01'),
	('SPC', '우주소녀', 13, '서울', '02', '88888888', 162, '2016-02-25'),
	('TWC', '트와이스', 9, '서울', '02', '11111111', 167, '2015-10-19'),
	('WMN', '여자친구', 6, '경기', '031', '33333333', 166, '2015-01-15');


-- myjboard 데이터베이스 구조 내보내기
DROP DATABASE IF EXISTS `myjboard`;
CREATE DATABASE IF NOT EXISTS `myjboard` /*!40100 DEFAULT CHARACTER SET utf8mb4 COLLATE utf8mb4_0900_ai_ci */ /*!80016 DEFAULT ENCRYPTION='N' */;
USE `myjboard`;

-- 테이블 myjboard.article 구조 내보내기
DROP TABLE IF EXISTS `article`;
CREATE TABLE IF NOT EXISTS `article` (
  `no` int NOT NULL AUTO_INCREMENT,
  `parent` int DEFAULT '0',
  `coment` int DEFAULT '0',
  `cate` varchar(20) DEFAULT 'free',
  `title` varchar(100) DEFAULT NULL,
  `content` text NOT NULL,
  `file` tinyint DEFAULT '0',
  `hit` int DEFAULT '0',
  `writer` varchar(20) NOT NULL,
  `regip` varchar(20) NOT NULL,
  `rdate` datetime NOT NULL,
  PRIMARY KEY (`no`),
  KEY `writer` (`writer`),
  CONSTRAINT `article_ibfk_1` FOREIGN KEY (`writer`) REFERENCES `user` (`uid`)
) ENGINE=InnoDB DEFAULT CHARSET=utf8mb4 COLLATE=utf8mb4_0900_ai_ci;

-- 테이블 데이터 myjboard.article:~0 rows (대략적) 내보내기
DELETE FROM `article`;

-- 테이블 myjboard.file 구조 내보내기
DROP TABLE IF EXISTS `file`;
CREATE TABLE IF NOT EXISTS `file` (
  `fno` int NOT NULL AUTO_INCREMENT,
  `ano` int NOT NULL,
  `oName` varchar(100) NOT NULL,
  `sName` varchar(100) NOT NULL,
  `download` int DEFAULT '0',
  `rdate` datetime NOT NULL,
  PRIMARY KEY (`fno`),
  KEY `ano` (`ano`),
  CONSTRAINT `file_ibfk_1` FOREIGN KEY (`ano`) REFERENCES `article` (`no`)
) ENGINE=InnoDB DEFAULT CHARSET=utf8mb4 COLLATE=utf8mb4_0900_ai_ci;

-- 테이블 데이터 myjboard.file:~0 rows (대략적) 내보내기
DELETE FROM `file`;

-- 테이블 myjboard.terms 구조 내보내기
DROP TABLE IF EXISTS `terms`;
CREATE TABLE IF NOT EXISTS `terms` (
  `terms` text,
  `privacy` text,
  `sms` text
) ENGINE=InnoDB DEFAULT CHARSET=utf8mb4 COLLATE=utf8mb4_0900_ai_ci;

-- 테이블 데이터 myjboard.terms:~0 rows (대략적) 내보내기
DELETE FROM `terms`;
INSERT INTO `terms` (`terms`, `privacy`, `sms`) VALUES
	('여러분을 환영합니다.\r\n네이버 서비스 및 제품(이하 ‘서비스’)을 이용해 주셔서 감사합니다. 본 약관은 다양한 네이버 서비스의 이용과 관련하여 네이버 서비스를 제공하는 네이버 주식회사(이하 ‘네이버’)와 이를 이용하는 네이버 서비스 회원(이하 ‘회원’) 또는 비회원과의 관계를 설명하며, 아울러 여러분의 네이버 서비스 이용에 도움이 될 수 있는 유익한 정보를 포함하고 있습니다.\r\n\r\n네이버 서비스를 이용하시거나 네이버 서비스 회원으로 가입하실 경우 여러분은 본 약관 및 관련 운영 정책을 확인하거나 동의하게 되므로, 잠시 시간을 내시어 주의 깊게 살펴봐 주시기 바랍니다.\r\n\r\n다양한 네이버 서비스를 즐겨보세요.\r\n네이버는 www.naver.com을 비롯한 네이버 도메인의 웹사이트 및 응용프로그램(어플리케이션, 앱)을 통해 정보 검색, 다른 이용자와의 커뮤니케이션, 콘텐츠 제공, 상품 쇼핑 등 여러분의 생활에 편리함을 더할 수 있는 다양한 서비스를 제공하고 있습니다.\r\n여러분은 PC, 휴대폰 등 인터넷 이용이 가능한 각종 단말기를 통해 각양각색의 네이버 서비스를 자유롭게 이용하실 수 있으며, 개별 서비스들의 구체적인 내용은 각 서비스 상의 안내, 공지사항, 네이버 웹고객센터(이하 ‘고객센터’) 도움말 등에서 쉽게 확인하실 수 있습니다.\r\n\r\n네이버는 기본적으로 여러분 모두에게 동일한 내용의 서비스를 제공합니다. 다만, \'청소년보호법\' 등 관련 법령이나 기타 개별 서비스 제공에서의 특별한 필요에 의해서 연령 또는 일정한 등급을 기준으로 이용자를 구분하여 제공하는 서비스의 내용, 이용 시간, 이용 횟수 등을 다르게 하는 등 일부 이용을 제한하는 경우가 있습니다. 자세한 내용은 역시 각 서비스 상의 안내, 공지사항, 고객센터 도움말 등에서 확인하실 수 있습니다.\r\n\r\n네이버 서비스에는 기본적으로 본 약관이 적용됩니다만 네이버가 다양한 서비스를 제공하는 과정에서 부득이 본 약관 외 별도의 약관, 운영정책 등을 적용하는 경우(예, 네이버페이, V LIVE 등)가 있습니다. 그리고 네이버 계열사가 제공하는 특정 서비스의 경우에도(예, LINE, SNOW등) 해당 운영 회사가 정한 고유의 약관, 운영정책 등이 적용될 수 있습니다. 이러한 내용은 각각의 해당 서비스 초기 화면에서 확인해 주시기 바랍니다.\r\n\r\n회원으로 가입하시면 네이버 서비스를 보다 편리하게 이용할 수 있습니다.\r\n여러분은 본 약관을 읽고 동의하신 후 회원 가입을 신청하실 수 있으며, 네이버는 이에 대한 승낙을 통해 회원 가입 절차를 완료하고 여러분께 네이버 서비스 이용 계정(이하 ‘계정’)을 부여합니다. 계정이란 회원이 네이버 서비스에 로그인한 이후 이용하는 각종 서비스 이용 이력을 회원 별로 관리하기 위해 설정한 회원 식별 단위를 말합니다. 회원은 자신의 계정을 통해 좀더 다양한 네이버 서비스를 보다 편리하게 이용할 수 있습니다. 이와 관련한 상세한 내용은 계정 운영정책 및 고객센터 내 네이버 회원가입 방법 등에서 확인해 주세요.\r\n\r\n네이버는 단체에 속한 여러 구성원들이 공동의 계정으로 네이버 서비스를 함께 이용할 수 있도록 단체회원 계정도 부여하고 있습니다. 단체회원 구성원들은 하나의 계정 및 아이디(ID)를 공유하되 각자 개별적으로 설정한 비밀번호를 입력하여 계정에 로그인하고 각종 서비스를 이용하게 됩니다. 단체회원은 관리자와 멤버로 구성되며, 관리자는 구성원 전부로부터 권한을 위임 받아 단체회원을 대표하고 단체회원 계정을 운용합니다.\r\n따라서 관리자는 단체회원 계정을 통해 별도 약관 또는 기존 약관 개정에 대해 동의하거나 단체회원에서 탈퇴할 수 있고, 멤버들의 단체회원 계정 로그인 방법 및 이를 통한 게시물 게재 등 네이버 서비스 이용을 관리(게시물 삭제 포함)할 수 있습니다. 본 약관에서 규정한 사항은 원칙적으로 구성원 모두에게 적용되며, 각각의 구성원은 다른 구성원들의 단체회원 계정 및 아이디(ID)를 통한 서비스 이용에 관해 연대책임을 부담합니다.\r\n\r\n단체회원 계정 사용에서의 관리자, 멤버 등의 권한 및 (공동)책임에 관한 사항 등은 계정 운영정책 및 고객센터 내 네이버 단체회원(단체 아이디) 소개 등에서 확인해 주시기 바랍니다.\r\n\r\n여러분이 제공한 콘텐츠를 소중히 다룰 것입니다.\r\n네이버는 여러분이 게재한 게시물이 네이버 서비스를 통해 다른 이용자들에게 전달되어 우리 모두의 삶을 더욱 풍요롭게 해줄 것을 기대합니다. 게시물은 여러분이 타인 또는 자신이 보게 할 목적으로 네이버 서비스 상에 게재한 부호, 문자, 음성, 음향, 그림, 사진, 동영상, 링크 등으로 구성된 각종 콘텐츠 자체 또는 파일을 말합니다.\r\n\r\n네이버는 여러분의 생각과 감정이 표현된 콘텐츠를 소중히 보호할 것을 약속 드립니다. 여러분이 제작하여 게재한 게시물에 대한 지식재산권 등의 권리는 당연히 여러분에게 있습니다.\r\n\r\n한편, 네이버 서비스를 통해 여러분이 게재한 게시물을 적법하게 제공하려면 해당 콘텐츠에 대한 저장, 복제, 수정, 공중 송신, 전시, 배포, 2차적 저작물 작성(단, 번역에 한함) 등의 이용 권한(기한과 지역 제한에 정함이 없으며, 별도 대가 지급이 없는 라이선스)이 필요합니다.\r\n게시물 게재로 여러분은 네이버에게 그러한 권한을 부여하게 되므로, 여러분은 이에 필요한 권리를 보유하고 있어야 합니다.\r\n\r\n네이버는 여러분이 부여해 주신 콘텐츠 이용 권한을 저작권법 등 관련 법령에서 정하는 바에 따라 네이버 서비스 내 노출, 서비스 홍보를 위한 활용, 서비스 운영, 개선 및 새로운 서비스 개발을 위한 연구, 웹 접근성 등 법률상 의무 준수, 외부 사이트에서의 검색, 수집 및 링크 허용을 위해서만 제한적으로 행사할 것입니다.\r\n만약, 그 밖의 목적을 위해 부득이 여러분의 콘텐츠를 이용하고자 할 경우엔 사전에 여러분께 설명을 드리고 동의를 받도록 하겠습니다.\r\n\r\n또한 여러분이 제공한 소중한 콘텐츠는 네이버 서비스를 개선하고 새로운 네이버 서비스를 제공하기 위해 인공지능 분야 기술 등의 연구 개발 목적으로 네이버 및 네이버 계열사에서 사용될 수 있습니다. 네이버는 지속적인 연구 개발을 통해 여러분께 좀 더 편리하고 유용한 서비스를 제공해 드릴 수 있도록 최선을 다하겠습니다.\r\n\r\n네이버는 여러분이 자신이 제공한 콘텐츠에 대한 네이버 또는 다른 이용자들의 이용 또는 접근을 보다 쉽게 관리할 수 있도록 다양한 수단을 제공하기 위해 노력하고 있습니다. 여러분은 네이버 서비스 내에 콘텐츠 삭제, 비공개 등의 관리기능이 제공되는 경우 이를 통해 직접 타인의 이용 또는 접근을 통제할 수 있고, 고객센터를 통해서도 콘텐츠의 삭제, 비공개, 검색결과 제외 등의 조치를 요청할 수 있습니다.\r\n다만, 일부 네이버 서비스의 경우 삭제, 비공개 등의 처리가 어려울 수 있으며, 이러한 내용은 각 서비스 상의 안내, 공지사항, 고객센터 도움말 등에서 확인해 주시길 부탁 드립니다.\r\n\r\n여러분의 개인정보를 소중히 보호합니다.\r\n네이버는 서비스의 원활한 제공을 위하여 회원이 동의한 목적과 범위 내에서만 개인정보를 수집∙이용하며, 개인정보 보호 관련 법령에 따라 안전하게 관리합니다. 네이버가 이용자 및 회원에 대해 관련 개인정보를 안전하게 처리하기 위하여 기울이는 노력이나 기타 상세한 사항은 개인정보 처리방침에서 확인하실 수 있습니다.\r\n\r\n네이버는 여러분이 서비스를 이용하기 위해 일정 기간 동안 로그인 혹은 접속한 기록이 없는 경우, 전자메일, 서비스 내 알림 또는 기타 적절한 전자적 수단을 통해 사전에 안내해 드린 후 여러분의 정보를 파기하거나 분리 보관할 수 있으며, 만약 이로 인해 서비스 제공을 위해 필수적인 정보가 부족해질 경우 부득이 관련 서비스 이용계약을 해지할 수 있습니다.\r\n\r\n타인의 권리를 존중해 주세요.\r\n여러분이 무심코 게재한 게시물로 인해 타인의 저작권이 침해되거나 명예훼손 등 권리 침해가 발생할 수 있습니다. 네이버는 이에 대한 문제 해결을 위해 ‘정보통신망 이용촉진 및 정보보호 등에 관한 법률’ 및 ‘저작권법’ 등을 근거로 권리침해 주장자의 요청에 따른 게시물 게시중단, 원 게시자의 이의신청에 따른 해당 게시물 게시 재개 등을 내용으로 하는 게시중단요청서비스를 운영하고 있습니다. 보다 상세한 내용 및 절차는 고객센터 내 게시중단요청서비스 소개를 참고해 주세요.\r\n\r\n한편, 네이버 서비스를 통해 타인의 콘텐츠를 이용한다고 하여 여러분이 해당 콘텐츠에 대한 지식재산권을 보유하게 되는 것은 아닙니다. 여러분이 해당 콘텐츠를 자유롭게 이용하기 위해서는 그 이용이 저작권법 등 관련 법률에 따라 허용되는 범위 내에 있거나, 해당 콘텐츠의 지식재산권자로부터 별도의 이용 허락을 받아야 하므로 각별한 주의가 필요합니다.\r\n\r\n네이버는 여러분이 네이버 서비스를 마음껏 이용할 수 있도록 여러분께 네이버 서비스에 수반되는 관련 소프트웨어 사용에 관한 이용 권한을 부여합니다. 이 경우 여러분의 자유로운 이용은 네이버가 제시하는 이용 조건에 부합하는 범위 내에서만 허용되고, 이러한 권한은 양도가 불가능하며, 비독점적 조건 및 법적고지가 적용된다는 점을 유의해 주세요.\r\n\r\n네이버에서 제공하는 다양한 포인트를 요긴하게 활용해 보세요.\r\n네이버는 여러분이 네이버 서비스를 효율적으로 이용할 수 있도록 포인트를 부여하고 있습니다. 포인트는 여러분의 일정한 네이버 서비스 이용과 연동하여 네이버가 임의로 책정하거나 조정하여 지급하는 일정한 계산 단위를 갖는 서비스 상의 가상 데이터를 말합니다. 포인트는 재산적 가치가 없기 때문에 금전으로 환불 또는 전환할 수 없지만, 포인트의 많고 적음에 따라 여러분의 네이버 서비스 이용에 영향을 주는 경우가 있으므로 경우에 따라 적절히 활용해 보세요.\r\n\r\n네이버는 네이버 서비스의 효율적 이용을 지원하거나 서비스 운영을 개선하기 위해 필요한 경우 사전에 여러분께 안내 드린 후 부득이 포인트의 일부 또는 전부를 조정할 수 있습니다. 그리고 포인트는 네이버가 정한 기간에 따라 주기적으로 소멸할 수도 있으니 포인트가 부여되는 네이버 서비스 이용 시 유의해 주시기 바랍니다.\r\n\r\n네이버 서비스 이용과 관련하여 몇 가지 주의사항이 있습니다.\r\n네이버는 여러분이 네이버 서비스를 자유롭고 편리하게 이용할 수 있도록 최선을 다하고 있습니다. 다만, 여러분이 네이버 서비스를 보다 안전하게 이용하고 네이버 서비스에서 여러분과 타인의 권리가 서로 존중되고 보호받으려면 여러분의 도움과 협조가 필요합니다. 여러분의 안전한 서비스 이용과 권리 보호를 위해 부득이 아래와 같은 경우 여러분의 게시물 게재나 네이버 서비스 이용이 제한될 수 있으므로, 이에 대한 확인 및 준수를 요청 드립니다.\r\n\r\n회원 가입 시 이름, 생년월일, 휴대전화번호 등의 정보를 허위로 기재해서는 안 됩니다. 회원 계정에 등록된 정보는 항상 정확한 최신 정보가 유지될 수 있도록 관리해 주세요. 자신의 계정을 다른 사람에게 판매, 양도, 대여 또는 담보로 제공하거나 다른 사람에게 그 사용을 허락해서는 안 됩니다. 아울러 자신의 계정이 아닌 타인의 계정을 무단으로 사용해서는 안 됩니다. 이에 관한 상세한 내용은 계정 운영정책을 참고해 주시기 바랍니다.\r\n타인에 대해 직접적이고 명백한 신체적 위협을 가하는 내용의 게시물, 타인의 자해 행위 또는 자살을 부추기거나 권장하는 내용의 게시물, 타인의 신상정보, 사생활 등 비공개 개인정보를 드러내는 내용의 게시물, 타인을 지속적으로 따돌리거나 괴롭히는 내용의 게시물, 성매매를 제안, 알선, 유인 또는 강요하는 내용의 게시물, 공공 안전에 대해 직접적이고 심각한 위협을 가하는 내용의 게시물은 제한될 수 있습니다.\r\n관련 법령상 금지되거나 형사처벌의 대상이 되는 행위를 수행하거나 이를 교사 또는 방조하는 등의 범죄 관련 직접적인 위험이 확인된 게시물, 관련 법령에서 홍보, 광고, 판매 등을 금지하고 있는 물건 또는 서비스를 홍보, 광고, 판매하는 내용의 게시물, 타인의 지식재산권 등을 침해하거나 모욕, 사생활 침해 또는 명예훼손 등 타인의 권리를 침해하는 내용이 확인된 게시물은 제한될 수 있습니다.\r\n자극적이고 노골적인 성행위를 묘사하는 등 타인에게 성적 수치심을 유발시키거나 왜곡된 성 의식 등을 야기할 수 있는 내용의 게시물, 타인에게 잔혹감 또는 혐오감을 일으킬 수 있는 폭력적이고 자극적인 내용의 게시물, 본인 이외의 자를 사칭하거나 허위사실을 주장하는 등 타인을 기만하는 내용의 게시물, 과도한 욕설, 비속어 등을 계속하여 반복적으로 사용하여 심한 혐오감 또는 불쾌감을 일으키는 내용의 게시물은 제한될 수 있습니다.\r\n자동화된 수단을 활용하는 등 네이버 서비스의 기능을 비정상적으로 이용하여 게재된 게시물, 네이버 각 개별 서비스의 제공 취지와 부합하지 않는 내용의 게시물은 다른 이용자들의 정상적인 네이버 서비스 이용에 불편을 초래하고 더 나아가 네이버의 원활한 서비스 제공을 방해하므로 역시 제한될 수 있습니다. 기타 제한되는 게시물에 관한 상세한 내용은 게시물 운영정책 및 각 개별 서비스에서의 약관, 운영정책 등을 참고해 주시기 바랍니다.\r\n네이버의 사전 허락 없이 자동화된 수단(예: 매크로 프로그램, 로봇(봇), 스파이더, 스크래퍼 등)을 이용하여 네이버 서비스 회원으로 가입을 시도 또는 가입하거나, 네이버 서비스에 로그인을 시도 또는 로그인하거나, 네이버 서비스 상에 게시물을 게재하거나, 네이버 서비스를 통해 커뮤니케이션하거나(예: 전자메일, 쪽지 등), 네이버 서비스에 게재된 회원의 아이디(ID), 게시물 등을 수집하거나, 네이버 검색 서비스에서 특정 질의어로 검색하거나 혹은 그 검색결과에서 특정 검색결과를 선택(이른바 ‘클릭’)하는 등 이용자(사람)의 실제 이용을 전제로 하는 네이버 서비스의 제공 취지에 부합하지 않는 방식으로 네이버 서비스를 이용하거나 이와 같은 네이버 서비스에 대한 어뷰징(남용) 행위를 막기 위한 네이버의 기술적 조치를 무력화하려는 일체의 행위(예: IP를 지속적으로 바꿔가며 접속하는 행위, Captcha를 외부 솔루션 등을 통해 우회하거나 무력화 하는 행위 등)를 시도해서는 안 됩니다.\r\n네이버의 동의 없이 자동화된 수단에 의해 네이버 서비스 상에 광고가 게재되는 영역 또는 그 밖의 영역에 부호, 문자, 음성, 음향, 그림, 사진, 동영상, 링크 등으로 구성된 각종 콘텐츠 자체 또는 파일을 삽입해서는 안 됩니다. 또한, 네이버 서비스 또는 이에 포함된 소프트웨어를 복사, 수정할 수 없으며, 이를 판매, 양도, 대여 또는 담보로 제공하거나 타인에게 그 이용을 허락해서는 안 됩니다. 네이버 서비스에 포함된 소프트웨어를 역 설계, 소스코드 추출 시도, 복제, 분해, 모방, 기타 변형하는 등의 행위도 금지됩니다(다만, 오픈소스에 해당되는 경우 그 자체 조건에 따릅니다). 그 밖에 바이러스나 기타 악성 코드를 업로드하거나 네이버 서비스의 원활한 운영을 방해할 목적으로 서비스 기능을 비정상적으로 이용하는 행위 역시 금지됩니다.\r\n네이버는 본 약관의 범위 내에서 게시물 운영정책, 각 개별 서비스에서의 약관 또는 운영정책, 각 서비스 상의 안내, 공지사항, 고객센터 도움말 등을 두어, 여러분에게 안정적이고 원활한 서비스 이용이 가능하도록 지원하고 있습니다. 각 세부 정책에는 여러분이 참고할 수 있도록 보다 구체적인 유의사항을 포함하고 있으니, 본 약관 본문 및 구성 페이지 상의 링크 등을 통해 이를 확인해 주시기 바랍니다.\r\n\r\n부득이 서비스 이용을 제한할 경우 합리적인 절차를 준수합니다.\r\n네이버는 다양한 정보와 의견이 담긴 여러분의 콘텐츠를 소중히 다룰 것을 약속 드립니다만, 여러분이 게재한 게시물이 관련 법령, 본 약관, 게시물 운영정책, 각 개별 서비스에서의 약관, 운영정책 등에 위배되는 경우, 부득이 이를 비공개 또는 삭제 처리하거나 게재를 거부할 수 있습니다. 다만, 이것이 네이버가 모든 콘텐츠를 검토할 의무가 있다는 것을 의미하지는 않습니다.\r\n\r\n또한 여러분이 관련 법령, 본 약관, 계정 및 게시물 운영정책, 각 개별 서비스에서의 약관, 운영정책 등을 준수하지 않을 경우, 네이버는 여러분의 관련 행위 내용을 확인할 수 있으며, 그 확인 결과에 따라 네이버 서비스 이용에 대한 주의를 당부하거나, 네이버 서비스 이용을 일부 또는 전부, 일시 또는 영구히 정지시키는 등 그 이용을 제한할 수 있습니다. 한편, 이러한 이용 제한에도 불구하고 더 이상 네이버 서비스 이용계약의 온전한 유지를 기대하기 어려운 경우엔 부득이 여러분과의 이용계약을 해지할 수 있습니다.\r\n\r\n부득이 여러분의 서비스 이용을 제한해야 할 경우 명백한 법령 위반이나 타인의 권리침해로서 긴급한 위험 또는 피해 차단이 요구되는 사안 외에는 위와 같은 단계적 서비스 이용제한 원칙을 준수 하겠습니다. 명백한 법령 위반 등을 이유로 부득이 서비스 이용을 즉시 영구 정지시키는 경우 서비스 이용을 통해 획득한 포인트 및 기타 혜택 등은 모두 소멸되고 이에 대해 별도로 보상하지 않으므로 유의해 주시기 바랍니다. 서비스 이용 제한의 조건, 세부 내용 등은 계정 운영정책 및 각 개별 서비스에서의 운영정책을 참고하시기 바랍니다.\r\n\r\n네이버의 잘못은 네이버가 책임집니다.\r\n네이버는 여러분이 네이버 서비스를 이용함에 있어 네이버의 고의 또는 과실로 인하여 손해를 입게 될 경우 관련 법령에 따라 여러분의 손해를 배상합니다. 다만, 천재지변 또는 이에 준하는 불가항력으로 인하여 네이버가 서비스를 제공할 수 없거나 이용자의 고의 또는 과실로 인하여 서비스를 이용할 수 없어 발생한 손해에 대해서 네이버는 책임을 부담하지 않습니다.\r\n\r\n그리고 네이버가 손해배상책임을 부담하는 경우에도 통상적으로 예견이 불가능하거나 특별한 사정으로 인한 특별 손해 또는 간접 손해, 기타 징벌적 손해에 대해서는 관련 법령에 특별한 규정이 없는 한 책임을 부담하지 않습니다.\r\n\r\n한편, 네이버 서비스를 매개로 한 여러분과 다른 회원 간 또는 여러분과 비회원 간의 의견 교환, 거래 등에서 발생한 손해나 여러분이 서비스 상에 게재된 타인의 게시물 등의 콘텐츠를 신뢰함으로써 발생한 손해에 대해서도 네이버는 특별한 사정이 없는 한 이에 대해 책임을 부담하지 않습니다.\r\n\r\n언제든지 네이버 서비스 이용계약을 해지하실 수 있습니다.\r\n네이버에게는 참 안타까운 일입니다만, 회원은 언제든지 네이버 서비스 이용계약 해지를 신청하여 회원에서 탈퇴할 수 있으며, 이 경우 네이버는 관련 법령 등이 정하는 바에 따라 이를 지체 없이 처리하겠습니다.\r\n\r\n네이버 서비스 이용계약이 해지되면, 관련 법령 및 개인정보처리방침에 따라 네이버가 해당 회원의 정보를 보유할 수 있는 경우를 제외하고, 해당 회원 계정에 부속된 게시물 일체를 포함한 회원의 모든 데이터는 소멸됨과 동시에 복구할 수 없게 됩니다. 다만, 이 경우에도 다른 회원이 별도로 담아갔거나 스크랩한 게시물과 공용 게시판에 등록한 댓글 등의 게시물은 삭제되지 않으므로 반드시 해지 신청 이전에 삭제하신 후 탈퇴하시기 바랍니다.\r\n\r\n일부 네이버 서비스에는 광고가 포함되어 있습니다.\r\n여러분이 다양한 네이버 서비스를 이용하다 보면 간혹 일부 개별 서비스에 광고가 포함된 경우가 있습니다. 네이버 서비스를 이용하면서 발생할 수 있는 데이터 통신요금은 가입하신 통신사업자와의 이용계약에 따라 여러분이 부담하며, 포함된 광고 열람으로 인해 추가적으로 발생하는 비용 역시 여러분이 부담합니다.\r\n\r\n원하는 네이버 서비스를 이용하기 위해 원하지 않는 광고를 봐야 하는 경우가 있습니다. 이는 여러분에게 제공하는 다양한 네이버 서비스를 원칙적으로 무료로 제공할 수 있게 해주는 데 기여하며, 더 나아가 네이버가 연구 개발에 투자하여 더 나은 서비스를 제공할 수 있는 기반이 됩니다. 최근 타사의 일부 서비스들이 광고 없는 서비스 이용을 강조하며 주된 서비스를 유료로 제공하고 있는 관행이 이를 뒷받침합니다.\r\n\r\n네이버는 여러분의 본의 아닌 불편이나 부담이 최소화될 수 있는 방법에 대해 항상 고민하고 개선해 나가겠습니다.\r\n\r\n서비스 중단 또는 변경 시 꼭 알려드리겠습니다.\r\n네이버는 연중 무휴, 1일 24시간 안정적으로 서비스를 제공하기 위해 최선을 다하고 있습니다만, 컴퓨터, 서버 등 정보통신설비의 보수점검, 교체 또는 고장, 통신두절 등 운영상 상당한 이유가 있는 경우 부득이 서비스의 전부 또는 일부를 중단할 수 있습니다.\r\n\r\n한편, 네이버는 서비스 운영 또는 개선을 위해 상당한 필요성이 있는 경우 서비스의 전부 또는 일부를 수정, 변경 또는 종료할 수 있습니다. 무료로 제공되는 서비스의 전부 또는 일부를 수정, 변경 또는 종료하게 된 경우 관련 법령에 특별한 규정이 없는 한 별도의 보상을 하지 않습니다.\r\n\r\n이 경우 네이버는 예측 가능한 경우 상당기간 전에 이를 안내하며, 만약 예측 불가능한 경우라면 사후 지체 없이 상세히 설명하고 안내 드리겠습니다. 또한 서비스 중단의 경우에는 여러분 자신의 콘텐츠를 백업할 수 있도록 합리적이고 충분한 기회를 제공하도록 하겠습니다.\r\n\r\n주요 사항을 잘 안내하고 여러분의 소중한 의견에 귀 기울이겠습니다.\r\n네이버는 서비스 이용에 필요한 주요사항을 적시에 잘 안내해 드릴 수 있도록 힘쓰겠습니다. 회원에게 통지를 하는 경우 전자메일, 서비스 내 알림 또는 기타 적절한 전자적 수단을 통해 개별적으로 알려 드릴 것이며, 다만 회원 전체에 대한 통지가 필요할 경우엔 7일 이상 www.naver.com을 비롯한 네이버 도메인의 웹사이트 및 응용프로그램(어플리케이션, 앱) 초기 화면 또는 공지사항 등에 관련 내용을 게시하도록 하겠습니다.\r\n\r\n네이버는 여러분의 소중한 의견에 귀 기울이겠습니다. 여러분은 언제든지 고객센터를 통해 서비스 이용과 관련된 의견이나 개선사항을 전달할 수 있으며, 네이버는 합리적 범위 내에서 가능한 그 처리과정 및 결과를 여러분께 전달할 수 있도록 하겠습니다.\r\n\r\n여러분이 쉽게 알 수 있도록 약관 및 운영정책을 게시하며 사전 공지 후 개정합니다.\r\n네이버는 본 약관의 내용을 여러분이 쉽게 확인할 수 있도록 서비스 초기 화면에 게시하고 있습니다.\r\n\r\n네이버는 수시로 본 약관, 계정 및 게시물 운영정책을 개정할 수 있습니다만, 관련 법령을 위배하지 않는 범위 내에서 개정할 것이며, 사전에 그 개정 이유와 적용 일자를 서비스 내에 알리도록 하겠습니다. 또한 여러분에게 불리할 수 있는 중대한 내용의 약관 변경의 경우에는 최소 30일 이전에 해당 서비스 내 공지하고 별도의 전자적 수단(전자메일, 서비스 내 알림 등)을 통해 개별적으로 알릴 것입니다.\r\n\r\n네이버는 변경된 약관을 게시한 날로부터 효력이 발생되는 날까지 약관 변경에 대한 여러분의 의견을 기다립니다. 위 기간이 지나도록 여러분의 의견이 네이버에 접수되지 않으면, 여러분이 변경된 약관에 따라 서비스를 이용하는 데에 동의하는 것으로 간주됩니다. 네이버로서는 매우 안타까운 일이지만, 여러분이 변경된 약관에 동의하지 않는 경우 변경된 약관의 적용을 받는 해당 서비스의 제공이 더 이상 불가능하게 될 수 있습니다.\r\n\r\n네이버 서비스에는 기본적으로 본 약관이 적용됩니다만, 부득이 각 개별 서비스의 고유한 특성을 반영하기 위해 본 약관 외 별도의 약관, 운영정책이 추가로 적용될 때가 있습니다. 따라서 별도의 약관, 운영정책에서 그 개별 서비스 제공에 관하여 본 약관, 계정 및 게시물 운영정책과 다르게 정한 경우에는 별도의 약관, 운영정책이 우선하여 적용됩니다. 이러한 내용은 각각의 개별 서비스 초기 화면에서 확인해 주시기 바랍니다.\r\n\r\n본 약관은 한국어를 정본으로 합니다. 본 약관 또는 네이버 서비스와 관련된 여러분과 네이버와의 관계에는 대한민국의 법령이 적용됩니다. 그리고 본 약관 또는 네이버 서비스와 관련하여 여러분과 네이버 사이에 분쟁이 발생할 경우, 그 분쟁의 처리는 대한민국 \'민사소송법\'에서 정한 절차를 따릅니다.\r\n\r\n공지 일자: 2018년 3월 30일\r\n적용 일자: 2018년 5월 1일\r\n네이버 서비스와 관련하여 궁금하신 사항이 있으시면 고객센터(대표번호: 1588 – 3820/ 평일 09:00~18:00)로 문의 주시기 바랍니다.', '개인정보보호법에 따라 네이버에 회원가입 신청하시는 분께 수집하는 개인정보의 항목, 개인정보의 수집 및 이용목적, 개인정보의 보유 및 이용기간, 동의 거부권 및 동의 거부 시 불이익에 관한 사항을 안내 드리오니 자세히 읽은 후 동의하여 주시기 바랍니다.\r\n\r\n1. 수집하는 개인정보\r\n이용자는 회원가입을 하지 않아도 정보 검색, 뉴스 보기 등 대부분의 네이버 서비스를 회원과 동일하게 이용할 수 있습니다. 이용자가 메일, 캘린더, 카페, 블로그 등과 같이 개인화 혹은 회원제 서비스를 이용하기 위해 회원가입을 할 경우, 네이버는 서비스 이용을 위해 필요한 최소한의 개인정보를 수집합니다.\r\n\r\n회원가입 시점에 네이버가 이용자로부터 수집하는 개인정보는 아래와 같습니다.\r\n- 회원 가입 시 필수항목으로 아이디, 비밀번호, 이름, 생년월일, 성별, 휴대전화번호를, 선택항목으로 이메일주소를 수집합니다. 실명 인증된 아이디로 가입 시, 암호화된 동일인 식별정보(CI), 중복가입 확인정보(DI), 내외국인 정보를 함께 수집합니다. 만 14세 미만 아동의 경우, 법정대리인 정보(법정대리인의 이름, 생년월일, 성별, 중복가입확인정보(DI), 휴대전화번호)를 추가로 수집합니다.\r\n- 비밀번호 없이 회원 가입 시에는 필수항목으로 아이디, 이름, 생년월일, 휴대전화번호를, 선택항목으로 비밀번호를 수집합니다.\r\n- 단체 회원가입 시 필수 항목으로 단체아이디, 비밀번호, 단체이름, 이메일주소, 휴대전화번호를, 선택항목으로 단체 대표자명을 수집합니다.\r\n서비스 이용 과정에서 이용자로부터 수집하는 개인정보는 아래와 같습니다.\r\n- 회원정보 또는 개별 서비스에서 프로필 정보(별명, 프로필 사진)를 설정할 수 있습니다. 회원정보에 별명을 입력하지 않은 경우에는 마스킹 처리된 아이디가 별명으로 자동 입력됩니다.\r\n- 네이버 내의 개별 서비스 이용, 이벤트 응모 및 경품 신청 과정에서 해당 서비스의 이용자에 한해 추가 개인정보 수집이 발생할 수 있습니다. 추가로 개인정보를 수집할 경우에는 해당 개인정보 수집 시점에서 이용자에게 ‘수집하는 개인정보 항목, 개인정보의 수집 및 이용목적, 개인정보의 보관기간’에 대해 안내 드리고 동의를 받습니다.\r\n\r\n\r\n\r\n서비스 이용 과정에서 IP 주소, 쿠키, 서비스 이용 기록, 기기정보, 위치정보가 생성되어 수집될 수 있습니다. 또한 이미지 및 음성을 이용한 검색 서비스 등에서 이미지나 음성이 수집될 수 있습니다.\r\n구체적으로 1) 서비스 이용 과정에서 이용자에 관한 정보를 자동화된 방법으로 생성하여 이를 저장(수집)하거나, 2) 이용자 기기의 고유한 정보를 원래의 값을 확인하지 못 하도록 안전하게 변환하여 수집합니다.\r\n서비스 이용 과정에서 위치정보가 수집될 수 있으며,\r\n네이버에서 제공하는 위치기반 서비스에 대해서는 \'네이버 위치기반서비스 이용약관\'에서 자세하게 규정하고 있습니다.\r\n이와 같이 수집된 정보는 개인정보와의 연계 여부 등에 따라 개인정보에 해당할 수 있고, 개인정보에 해당하지 않을 수도 있습니다.\r\n생성정보 수집에 대한 추가 설명\r\n- IP(Internet Protocol) 주소란?\r\nIP 주소는 인터넷 망 사업자가 인터넷에 접속하는 이용자의 PC 등 기기에 부여하는 온라인 주소정보 입니다. IP 주소가 개인정보에 해당하는지 여부에 대해서는 각국마다 매우 다양한 견해가 있습니다.\r\n- 서비스 이용기록이란?\r\n네이버 접속 일시, 이용한 서비스 목록 및 서비스 이용 과정에서 발생하는 정상 또는 비정상 로그 일체,메일 수발신 과정에서 기록되는 이메일주소, 친구 초대하기 또는 선물하기 등에서 입력하는 휴대전화번호, 스마트스토어 판매자와 구매자간 상담내역(네이버톡톡 및 상품 Q&A 게시글) 등을 의미합니다.\r\n- 기기정보란?\r\n본 개인정보처리방침에 기재된 기기정보는 생산 및 판매 과정에서 기기에 부여된 정보뿐 아니라, 기기의 구동을 위해 사용되는 S/W를 통해 확인 가능한 정보를 모두 일컫습니다. OS(Windows, MAC OS 등) 설치 과정에서 이용자가 PC에 부여하는 컴퓨터의 이름, PC에 장착된 주변기기의 일련번호, 스마트폰의 통신에 필요한 고유한 식별값(IMEI, IMSI), AAID 혹은 IDFA, 설정언어 및 설정 표준시, USIM의 통신사 코드 등을 의미합니다. 단, 네이버는 IMEI와 같은 기기의 고유한 식별값을 수집할 필요가 있는 경우, 이를 수집하기 전에 네이버도 원래의 값을 알아볼 수 없는 방식으로 암호화 하여 식별성(Identifiability)을 제거한 후에 수집합니다.\r\n- 쿠키(cookie)란?\r\n쿠키는 이용자가 웹사이트를 접속할 때에 해당 웹사이트에서 이용자의 웹브라우저를 통해 이용자의 PC에 저장하는 매우 작은 크기의 텍스트 파일입니다. 이후 이용자가 다시 웹사이트를 방문할 경우 웹사이트 서버는 이용자 PC에 저장된 쿠키의 내용을 읽어 이용자가 설정한 서비스 이용 환경을 유지하여 편리한 인터넷 서비스 이용을 가능케 합니다. 또한 방문한 서비스 정보, 서비스 접속 시간 및 빈도, 서비스 이용 과정에서 생성된 또는 제공(입력)한 정보 등을 분석하여 이용자의 취향과 관심에 특화된 서비스(광고 포함)를 제공할 수 있습니다. 이용자는 쿠키에 대한 선택권을 가지고 있으며, 웹브라우저에서 옵션을 설정함으로써 모든 쿠키를 허용하거나, 쿠키가 저장될 때마다 확인을 거치거나, 아니면 모든 쿠키의 저장을 거부할 수도 있습니다. 다만, 쿠키의 저장을 거부할 경우에는 로그인이 필요한 네이버 일부 서비스의 이용에 불편이 있을 수 있습니다.\r\n쿠키에 관한 자세한 내용(네이버 프라이버시 센터) 알아보기\r\n\r\n2. 수집한 개인정보의 이용\r\n네이버 및 네이버 관련 제반 서비스(모바일 웹/앱 포함)의 회원관리, 서비스 개발・제공 및 향상, 안전한 인터넷 이용환경 구축 등 아래의 목적으로만 개인정보를 이용합니다.\r\n\r\n- 회원 가입 의사의 확인, 연령 확인 및 법정대리인 동의 진행, 이용자 및 법정대리인의 본인 확인, 이용자 식별, 회원탈퇴 의사의 확인 등 회원관리를 위하여 개인정보를 이용합니다.\r\n- 콘텐츠 등 기존 서비스 제공(광고 포함)에 더하여, 인구통계학적 분석, 서비스 방문 및 이용기록의 분석, 개인정보 및 관심에 기반한 이용자간 관계의 형성, 지인 및 관심사 등에 기반한 맞춤형 서비스 제공 등 신규 서비스 요소의 발굴 및 기존 서비스 개선 등을 위하여 개인정보를 이용합니다.\r\n- 법령 및 네이버 이용약관을 위반하는 회원에 대한 이용 제한 조치, 부정 이용 행위를 포함하여 서비스의 원활한 운영에 지장을 주는 행위에 대한 방지 및 제재, 계정도용 및 부정거래 방지, 약관 개정 등의 고지사항 전달, 분쟁조정을 위한 기록 보존, 민원처리 등 이용자 보호 및 서비스 운영을 위하여 개인정보를 이용합니다.\r\n- 유료 서비스 제공에 따르는 본인인증, 구매 및 요금 결제, 상품 및 서비스의 배송을 위하여 개인정보를 이용합니다.\r\n- 이벤트 정보 및 참여기회 제공, 광고성 정보 제공 등 마케팅 및 프로모션 목적으로 개인정보를 이용합니다.\r\n- 서비스 이용기록과 접속 빈도 분석, 서비스 이용에 대한 통계, 서비스 분석 및 통계에 따른 맞춤 서비스 제공 및 광고 게재 등에 개인정보를 이용합니다.\r\n- 보안, 프라이버시, 안전 측면에서 이용자가 안심하고 이용할 수 있는 서비스 이용환경 구축을 위해 개인정보를 이용합니다.\r\n3. 개인정보의 보관기간\r\n회사는 원칙적으로 이용자의 개인정보를 회원 탈퇴 시 지체없이 파기하고 있습니다.\r\n단, 이용자에게 개인정보 보관기간에 대해 별도의 동의를 얻은 경우, 또는 법령에서 일정 기간 정보보관 의무를 부과하는 경우에는 해당 기간 동안 개인정보를 안전하게 보관합니다.\r\n이용자에게 개인정보 보관기간에 대해 회원가입 시 또는 서비스 가입 시 동의를 얻은 경우는 아래와 같습니다.\r\n- 부정 가입 및 이용 방지\r\n부정 이용자의 가입인증 휴대전화번호 또는 DI (만 14세 미만의 경우 법정대리인DI) : 탈퇴일로부터 6개월 보관\r\n탈퇴한 이용자의 휴대전화번호(휴대전화 인증 시), DI(아이핀 인증 시): 탈퇴일로부터 6개월 보관(복호화가 불가능한 일방향 암호화(해시)하여 보관)\r\n- 네이버 서비스 제공을 위한 본인 확인\r\n통신사 정보 : 수집 시점으로부터 1년 보관\r\n- QR코드 복구 요청 대응\r\nQR코드 등록 정보:삭제 시점으로부터6개월 보관\r\n- 스마트플레이스 분쟁 조정 및 고객문의 대응\r\n휴대전화번호:등록/수정/삭제 요청 시로부터 최대1년\r\n- 네이버 플러스 멤버십 서비스 혜택 중복 제공 방지\r\n암호화처리(해시처리)한DI : 네이버 회원 탈퇴일로부터 6개월 보관\r\n- 네이버 엑스퍼트 재가입 신청 및 부정 이용 방지\r\n네이버 엑스퍼트 서비스 및 네이버 엑스퍼트 센터 가입 등록정보&판매자 이름 : 신청일로부터 6개월(등록 거절 시, 거절 의사 표시한 날로부터 30일) 보관\r\n- 전자서명 인증 업무\r\n개인정보: 네이버 인증서 서비스 해지 시까지 보관\r\n- 인증서와 인증 업무에 관한 기록: 인증서 효력 상실일로부터 5년 보관\r\n전자상거래 등에서의 소비자 보호에 관한 법률, 전자문서 및 전자거래 기본법, 통신비밀보호법 등 법령에서 일정기간 정보의 보관을 규정하는 경우는 아래와 같습니다. 네이버는 이 기간 동안 법령의 규정에 따라 개인정보를 보관하며, 본 정보를 다른 목적으로는 절대 이용하지 않습니다.\r\n- 전자상거래 등에서 소비자 보호에 관한 법률\r\n계약 또는 청약철회 등에 관한 기록: 5년 보관\r\n대금결제 및 재화 등의 공급에 관한 기록: 5년 보관\r\n소비자의 불만 또는 분쟁처리에 관한 기록: 3년 보관\r\n- 전자문서 및 전자거래 기본법\r\n공인전자주소를 통한 전자문서 유통에 관한 기록 : 10년 보관\r\n- 통신비밀보호법\r\n로그인 기록: 3개월\r\n\r\n4. 개인정보 수집 및 이용 동의를 거부할 권리\r\n이용자는 개인정보의 수집 및 이용 동의를 거부할 권리가 있습니다. 회원가입 시 수집하는 최소한의 개인정보, 즉, 필수 항목에 대한 수집 및 이용 동의를 거부하실 경우, 회원가입이 어려울 수 있습니다.', '네이버 및 제휴 서비스의 이벤트・혜택 등의 정보 발송을 위해 네이버 아이디(아이디 식별값 포함), 휴대전화번호(네이버 앱 알림 또는 문자), 이메일주소를 수집합니다.\r\n\r\n네이버 아이디(아이디 식별값 포함), 휴대전화번호 및 이메일주소는 네이버 서비스 제공을 위한 필수 수집항목으로서 네이버 회원 가입 기간 동안 보관하나, 이벤트 혜택 정보 수신 동의를 철회하시면 본 목적으로의 개인정보 처리는 중지됩니다.\r\n정보주체는 개인정보 수집 및 이용 동의를 거부하실 수 있으며, 미동의 시에도 서비스 이용은 가능합니다.\r\n\r\n※ 일부 서비스(별개의 회원체계 운영, 네이버 가입 후 추가 가입하는 서비스 등)의 경우, 수신에 대해 별도로 안내 드리며, 동의를 구합니다.');

-- 테이블 myjboard.user 구조 내보내기
DROP TABLE IF EXISTS `user`;
CREATE TABLE IF NOT EXISTS `user` (
  `uid` varchar(20) NOT NULL,
  `pass` varchar(225) NOT NULL,
  `name` varchar(20) NOT NULL,
  `nick` varchar(20) NOT NULL,
  `email` varchar(30) NOT NULL,
  `hp` char(13) NOT NULL,
  `role` varchar(20) DEFAULT 'USER',
  `zip` char(5) DEFAULT NULL,
  `addr1` varchar(100) DEFAULT NULL,
  `addr2` varchar(100) DEFAULT NULL,
  `regip` varchar(50) DEFAULT NULL,
  `rdate` datetime NOT NULL,
  `leaveDate` datetime DEFAULT NULL,
  PRIMARY KEY (`uid`),
  UNIQUE KEY `nick` (`nick`),
  UNIQUE KEY `email` (`email`),
  UNIQUE KEY `hp` (`hp`)
) ENGINE=InnoDB DEFAULT CHARSET=utf8mb4 COLLATE=utf8mb4_0900_ai_ci;

-- 테이블 데이터 myjboard.user:~0 rows (대략적) 내보내기
DELETE FROM `user`;


-- shop 데이터베이스 구조 내보내기
DROP DATABASE IF EXISTS `shop`;
CREATE DATABASE IF NOT EXISTS `shop` /*!40100 DEFAULT CHARACTER SET utf8mb4 COLLATE utf8mb4_0900_ai_ci */ /*!80016 DEFAULT ENCRYPTION='N' */;
USE `shop`;

-- 테이블 shop.customer 구조 내보내기
DROP TABLE IF EXISTS `customer`;
CREATE TABLE IF NOT EXISTS `customer` (
  `custID` varchar(10) NOT NULL,
  `name` varchar(10) NOT NULL,
  `hp` varchar(13) DEFAULT NULL,
  `addr` varchar(100) DEFAULT NULL,
  `rdate` date NOT NULL,
  PRIMARY KEY (`custID`),
  UNIQUE KEY `hp` (`hp`)
) ENGINE=InnoDB DEFAULT CHARSET=utf8mb4 COLLATE=utf8mb4_0900_ai_ci;

-- 테이블 데이터 shop.customer:~8 rows (대략적) 내보내기
DELETE FROM `customer`;
INSERT INTO `customer` (`custID`, `name`, `hp`, `addr`, `rdate`) VALUES
	('c101', '김유신', '010-1234-1001', '김해시 봉황동', '2022-01-01'),
	('c102', '김춘추', '010-1234-1002', '경주시 보문동', '2022-01-02'),
	('c103', '장보고', '010-1234-1003', '완도군 정산면', '2022-01-03'),
	('c104', '강감찬', '010-1234-1004', '서울시 마포구', '2022-01-04'),
	('c105', '이성계', NULL, NULL, '2022-01-05'),
	('c106', '정철', '010-1234-1005', '경기도 용인시', '2022-01-06'),
	('c107', '허준', NULL, NULL, '2022-01-07'),
	('c108', '이순신', '010-1234-1008', '서울시 영등포구', '2022-01-08'),
	('c109', '송상현', '010-1234-1009', '부산시 동래구', '2022-01-09'),
	('c110', '정약용', '010-1234-1010', '경기도 광주시', '2022-01-10'),
	('d101', '김땡땡', '010-1234-0000', '부산', '2024-02-02');

-- 테이블 shop.order 구조 내보내기
DROP TABLE IF EXISTS `order`;
CREATE TABLE IF NOT EXISTS `order` (
  `orderNo` int NOT NULL AUTO_INCREMENT,
  `orderID` varchar(10) NOT NULL,
  `orderProduct` int NOT NULL,
  `orderCount` int DEFAULT '1',
  `orderDate` datetime NOT NULL,
  PRIMARY KEY (`orderNo`)
) ENGINE=InnoDB AUTO_INCREMENT=15 DEFAULT CHARSET=utf8mb4 COLLATE=utf8mb4_0900_ai_ci;

-- 테이블 데이터 shop.order:~12 rows (대략적) 내보내기
DELETE FROM `order`;
INSERT INTO `order` (`orderNo`, `orderID`, `orderProduct`, `orderCount`, `orderDate`) VALUES
	(1, 'c102', 3, 2, '2022-07-01 13:15:10'),
	(2, 'c101', 4, 1, '2022-07-01 14:16:11'),
	(3, 'c108', 1, 1, '2022-07-01 17:23:18'),
	(4, 'c109', 6, 5, '2022-07-02 10:46:36'),
	(5, 'c102', 2, 1, '2022-07-03 09:15:37'),
	(6, 'c101', 7, 3, '2022-07-03 12:35:12'),
	(7, 'c110', 1, 2, '2022-07-03 16:55:36'),
	(8, 'c104', 2, 4, '2022-07-04 14:23:23'),
	(9, 'c102', 1, 3, '2022-07-04 21:54:34'),
	(10, 'c107', 6, 1, '2022-07-05 14:21:03'),
	(11, 'abcd1234', 1, 10, '2024-01-26 09:29:24'),
	(13, 'abcd1234', 1, 2000, '2024-01-26 09:52:14'),
	(14, 'abcd1234', 1, 2000, '2024-01-26 09:57:44');

-- 테이블 shop.product 구조 내보내기
DROP TABLE IF EXISTS `product`;
CREATE TABLE IF NOT EXISTS `product` (
  `prodNo` int NOT NULL,
  `prodName` varchar(10) NOT NULL,
  `stock` int DEFAULT '0',
  `price` int DEFAULT NULL,
  `company` varchar(20) NOT NULL,
  PRIMARY KEY (`prodNo`)
) ENGINE=InnoDB DEFAULT CHARSET=utf8mb4 COLLATE=utf8mb4_0900_ai_ci;

-- 테이블 데이터 shop.product:~7 rows (대략적) 내보내기
DELETE FROM `product`;
INSERT INTO `product` (`prodNo`, `prodName`, `stock`, `price`, `company`) VALUES
	(1, '새우깡', 1000, 1500, '농심'),
	(2, '초코파이', 2500, 2500, '오리온'),
	(3, '포카칩', 3600, 1700, '오리온'),
	(4, '양파링', 1250, 1800, '농심'),
	(5, '죠리퐁', 2200, NULL, '크라운'),
	(6, '마가렛트', 3500, 3500, '롯데'),
	(7, '뿌셔뿌셔', 1650, 1200, '오뚜기');


-- shoperd 데이터베이스 구조 내보내기
DROP DATABASE IF EXISTS `shoperd`;
CREATE DATABASE IF NOT EXISTS `shoperd` /*!40100 DEFAULT CHARACTER SET utf8mb3 */ /*!80016 DEFAULT ENCRYPTION='N' */;
USE `shoperd`;

-- 테이블 shoperd.customer 구조 내보내기
DROP TABLE IF EXISTS `customer`;
CREATE TABLE IF NOT EXISTS `customer` (
  `custid` varchar(10) NOT NULL,
  `name` varchar(10) NOT NULL,
  `hp` char(13) DEFAULT NULL,
  `addr` varchar(100) DEFAULT NULL,
  `rdate` date NOT NULL,
  PRIMARY KEY (`custid`),
  UNIQUE KEY `hp_UNIQUE` (`hp`)
) ENGINE=InnoDB DEFAULT CHARSET=utf8mb3;

-- 테이블 데이터 shoperd.customer:~5 rows (대략적) 내보내기
DELETE FROM `customer`;
INSERT INTO `customer` (`custid`, `name`, `hp`, `addr`, `rdate`) VALUES
	('c101', '김유신', '010-1234-1001', '경남 김해시', '2023-01-01'),
	('c102', '김춘추', '010-1234-1002', '경남 경주시', '2023-01-02'),
	('c103', '장보고', '010-1234-1003', '전남 완도군', '2023-01-03'),
	('c104', '강감찬', '010-1234-1004', '서울시 관악구', '2023-01-04'),
	('c105', '이순신', '010-1234-1005', '부산시 금정구', '2023-01-05');

-- 테이블 shoperd.order 구조 내보내기
DROP TABLE IF EXISTS `order`;
CREATE TABLE IF NOT EXISTS `order` (
  `orderNo` int NOT NULL AUTO_INCREMENT,
  `orderId` varchar(10) NOT NULL,
  `orderProduct` int NOT NULL,
  `orderCount` int NOT NULL DEFAULT '1',
  `orderDate` datetime NOT NULL,
  PRIMARY KEY (`orderNo`),
  KEY `fk_Order_Customer_idx` (`orderId`),
  KEY `fk_Order_Product1_idx` (`orderProduct`),
  CONSTRAINT `fk_Order_Customer` FOREIGN KEY (`orderId`) REFERENCES `customer` (`custid`),
  CONSTRAINT `fk_Order_Product1` FOREIGN KEY (`orderProduct`) REFERENCES `product` (`prodNo`)
) ENGINE=InnoDB AUTO_INCREMENT=12 DEFAULT CHARSET=utf8mb3;

-- 테이블 데이터 shoperd.order:~4 rows (대략적) 내보내기
DELETE FROM `order`;
INSERT INTO `order` (`orderNo`, `orderId`, `orderProduct`, `orderCount`, `orderDate`) VALUES
	(3, 'c102', 3, 2, '2024-01-12 15:55:20'),
	(4, 'c101', 4, 1, '2024-01-12 15:55:20'),
	(5, 'c102', 1, 1, '2024-01-12 15:55:20'),
	(6, 'c105', 2, 1, '2024-01-12 15:55:20');

-- 테이블 shoperd.product 구조 내보내기
DROP TABLE IF EXISTS `product`;
CREATE TABLE IF NOT EXISTS `product` (
  `prodNo` int NOT NULL,
  `prodName` varchar(10) NOT NULL,
  `stock` int NOT NULL DEFAULT '0',
  `price` int DEFAULT NULL,
  `company` varchar(20) NOT NULL,
  PRIMARY KEY (`prodNo`)
) ENGINE=InnoDB DEFAULT CHARSET=utf8mb3;

-- 테이블 데이터 shoperd.product:~5 rows (대략적) 내보내기
DELETE FROM `product`;
INSERT INTO `product` (`prodNo`, `prodName`, `stock`, `price`, `company`) VALUES
	(1, '새우깡', 5000, 1500, '농심'),
	(2, '초코파이', 2500, 1500, '오리온'),
	(3, '포카칩', 3600, 1500, '오리온'),
	(4, '양파링', 1250, 1500, '농심'),
	(5, '죠리퐁', 2200, NULL, '크라운');


-- shopping 데이터베이스 구조 내보내기
DROP DATABASE IF EXISTS `shopping`;
CREATE DATABASE IF NOT EXISTS `shopping` /*!40100 DEFAULT CHARACTER SET utf8mb3 */ /*!80016 DEFAULT ENCRYPTION='N' */;
USE `shopping`;

-- 테이블 shopping.carts 구조 내보내기
DROP TABLE IF EXISTS `carts`;
CREATE TABLE IF NOT EXISTS `carts` (
  `cateNo` int NOT NULL AUTO_INCREMENT,
  `userId` varchar(20) NOT NULL,
  `prodNo` int NOT NULL,
  `cartProdCount` int DEFAULT '1',
  `cartProdDate` datetime NOT NULL,
  PRIMARY KEY (`cateNo`,`userId`,`prodNo`),
  KEY `fk_Carts_Users1_idx` (`userId`),
  KEY `fk_Carts_Products1` (`prodNo`),
  CONSTRAINT `fk_Carts_Products1` FOREIGN KEY (`prodNo`) REFERENCES `products` (`prodNo`),
  CONSTRAINT `fk_Carts_Users1` FOREIGN KEY (`userId`) REFERENCES `users` (`userId`)
) ENGINE=InnoDB AUTO_INCREMENT=11 DEFAULT CHARSET=utf8mb3;

-- 테이블 데이터 shopping.carts:~10 rows (대략적) 내보내기
DELETE FROM `carts`;
INSERT INTO `carts` (`cateNo`, `userId`, `prodNo`, `cartProdCount`, `cartProdDate`) VALUES
	(1, 'user1', 100101, 1, '2024-01-17 16:40:11'),
	(2, 'user1', 100110, 2, '2024-01-17 16:40:28'),
	(3, 'user3', 120103, 1, '2024-01-17 16:40:28'),
	(4, 'user4', 130112, 1, '2024-01-17 16:40:28'),
	(5, 'user5', 130101, 1, '2024-01-17 16:40:28'),
	(6, 'user2', 110101, 3, '2024-01-17 16:40:28'),
	(7, 'user2', 160103, 1, '2024-01-17 16:40:28'),
	(8, 'user2', 170115, 1, '2024-01-17 16:40:28'),
	(9, 'user3', 110101, 1, '2024-01-17 16:40:28'),
	(10, 'user6', 130101, 1, '2024-01-17 16:40:28');

-- 테이블 shopping.categories 구조 내보내기
DROP TABLE IF EXISTS `categories`;
CREATE TABLE IF NOT EXISTS `categories` (
  `cateNo` int NOT NULL,
  `cateName` varchar(45) NOT NULL,
  PRIMARY KEY (`cateNo`)
) ENGINE=InnoDB DEFAULT CHARSET=utf8mb3;

-- 테이블 데이터 shopping.categories:~10 rows (대략적) 내보내기
DELETE FROM `categories`;
INSERT INTO `categories` (`cateNo`, `cateName`) VALUES
	(10, '여성의류패션'),
	(11, '남성의류패션'),
	(12, '식품·생필품'),
	(13, '취미·반려견'),
	(14, '홈·문구'),
	(15, '자동차·공구'),
	(16, '스포츠·건강'),
	(17, '컴퓨터·가전·디지털'),
	(18, '여행'),
	(19, '도서');

-- 테이블 shopping.orderitems 구조 내보내기
DROP TABLE IF EXISTS `orderitems`;
CREATE TABLE IF NOT EXISTS `orderitems` (
  `itemNo` int NOT NULL AUTO_INCREMENT,
  `orderNo` char(11) NOT NULL,
  `prodNo` int NOT NULL,
  `itemPrice` int NOT NULL,
  `itemDiscount` tinyint NOT NULL,
  `itemCount` int DEFAULT '1',
  PRIMARY KEY (`itemNo`,`orderNo`,`prodNo`),
  KEY `fk_OrderItems_Products1_idx` (`prodNo`),
  KEY `fk_OrderItems_Orders1_idx` (`orderNo`),
  CONSTRAINT `fk_OrderItems_Orders1` FOREIGN KEY (`orderNo`) REFERENCES `orders` (`orderNo`),
  CONSTRAINT `fk_OrderItems_Products1` FOREIGN KEY (`prodNo`) REFERENCES `products` (`prodNo`)
) ENGINE=InnoDB AUTO_INCREMENT=14 DEFAULT CHARSET=utf8mb3;

-- 테이블 데이터 shopping.orderitems:~13 rows (대략적) 내보내기
DELETE FROM `orderitems`;
INSERT INTO `orderitems` (`itemNo`, `orderNo`, `prodNo`, `itemPrice`, `itemDiscount`, `itemCount`) VALUES
	(1, '22010210001', 100110, 38000, 15, 1),
	(2, '22010210001', 100101, 25000, 20, 1),
	(3, '22010210002', 120103, 21000, 10, 3),
	(4, '22010310001', 130112, 15000, 0, 1),
	(5, '22010310001', 130101, 56000, 0, 2),
	(6, '22010210010', 110101, 76000, 5, 1),
	(7, '22010310100', 160103, 120000, 0, 1),
	(8, '22010410101', 170115, 900000, 12, 1),
	(9, '22010510021', 110101, 76000, 5, 1),
	(10, '22010510027', 130101, 56000, 0, 2),
	(11, '22010510021', 100101, 25000, 20, 1),
	(12, '22010510031', 170115, 900000, 12, 1),
	(13, '22010710110', 120103, 21000, 10, 5);

-- 테이블 shopping.orders 구조 내보내기
DROP TABLE IF EXISTS `orders`;
CREATE TABLE IF NOT EXISTS `orders` (
  `orderNo` char(11) NOT NULL,
  `userId` varchar(20) NOT NULL,
  `orderTotalPrice` int NOT NULL,
  `orderAddr` varchar(255) NOT NULL,
  `orderStatus` tinyint DEFAULT '0',
  `orderDate` datetime NOT NULL,
  PRIMARY KEY (`orderNo`,`userId`),
  KEY `fk_Orders_Users_idx` (`userId`),
  CONSTRAINT `fk_Orders_Users` FOREIGN KEY (`userId`) REFERENCES `users` (`userId`)
) ENGINE=InnoDB DEFAULT CHARSET=utf8mb3;

-- 테이블 데이터 shopping.orders:~10 rows (대략적) 내보내기
DELETE FROM `orders`;
INSERT INTO `orders` (`orderNo`, `userId`, `orderTotalPrice`, `orderAddr`, `orderStatus`, `orderDate`) VALUES
	('22010210001', 'user2', 52300, '서울시 마포구 121', 1, '2024-01-17 16:40:46'),
	('22010210002', 'user3', 56700, '서울시 강남구 21-1', 1, '2024-01-17 16:40:46'),
	('22010210010', 'user4', 72200, '서울시 강서구 큰대로 38', 2, '2024-01-17 16:40:46'),
	('22010310001', 'user5', 127000, '경기도 광주시 초월로 21', 1, '2024-01-17 16:40:46'),
	('22010310100', 'user1', 120000, '경기도 수원시 120번지', 0, '2024-01-17 16:40:46'),
	('22010410101', 'user6', 792000, '부산시 남구 21-1', 2, '2024-01-17 16:40:46'),
	('22010510021', 'user7', 92200, '부산시 부산진구 56 10층', 4, '2024-01-17 16:40:46'),
	('22010510027', 'user8', 112000, '대구시 팔달로 19', 3, '2024-01-17 16:40:46'),
	('22010510031', 'user10', 792000, '대전시 한밭로 24-1', 2, '2024-01-17 16:40:46'),
	('22010710110', 'user9', 94500, '광주시 충열로 11', 1, '2024-01-17 16:40:46');

-- 테이블 shopping.points 구조 내보내기
DROP TABLE IF EXISTS `points`;
CREATE TABLE IF NOT EXISTS `points` (
  `pointNo` int NOT NULL AUTO_INCREMENT,
  `userId` varchar(20) NOT NULL,
  `point` int NOT NULL,
  `pointDesc` varchar(45) NOT NULL,
  `pointDate` datetime NOT NULL,
  PRIMARY KEY (`pointNo`,`userId`),
  KEY `fk_Points_Users1_idx` (`userId`),
  CONSTRAINT `fk_Points_Users1` FOREIGN KEY (`userId`) REFERENCES `users` (`userId`)
) ENGINE=InnoDB AUTO_INCREMENT=11 DEFAULT CHARSET=utf8mb3;

-- 테이블 데이터 shopping.points:~10 rows (대략적) 내보내기
DELETE FROM `points`;
INSERT INTO `points` (`pointNo`, `userId`, `point`, `pointDesc`, `pointDate`) VALUES
	(1, 'user1', 1000, '회원가입 1000 적립', '2024-01-17 16:40:07'),
	(2, 'user1', 6000, '상품구매 5% 적립', '2024-01-17 16:40:07'),
	(3, 'user3', 2835, '상품구매 5% 적립', '2024-01-17 16:40:07'),
	(4, 'user7', 3610, '상품구매 5% 적립', '2024-01-17 16:40:07'),
	(5, 'user7', 3000, '이벤트 응모 3000 적립', '2024-01-17 16:40:07'),
	(6, 'user2', 1000, '회원가입 1000 적립', '2024-01-17 16:40:07'),
	(7, 'user2', 2000, '이벤트 응모 2000 적립', '2024-01-17 16:40:07'),
	(8, 'user2', 2615, '상품구매 5% 적립', '2024-01-17 16:40:07'),
	(9, 'user3', 1500, '이벤트 응모 1500 적립', '2024-01-17 16:40:07'),
	(10, 'user6', 15840, '상품구매 2% 적립', '2024-01-17 16:40:07');

-- 테이블 shopping.products 구조 내보내기
DROP TABLE IF EXISTS `products`;
CREATE TABLE IF NOT EXISTS `products` (
  `prodNo` int NOT NULL,
  `cateNo` int NOT NULL,
  `sellerNo` int NOT NULL,
  `prodName` varchar(20) NOT NULL,
  `prodPrice` int NOT NULL,
  `prodStock` int DEFAULT '0',
  `prodSold` int DEFAULT '0',
  `prodDiscount` tinyint DEFAULT '0',
  PRIMARY KEY (`prodNo`,`cateNo`),
  KEY `fk_Products_Categories1_idx` (`cateNo`),
  KEY `fk_Products_Sellers1_idx` (`sellerNo`),
  CONSTRAINT `fk_Products_Categories1` FOREIGN KEY (`cateNo`) REFERENCES `categories` (`cateNo`),
  CONSTRAINT `fk_Products_Sellers1` FOREIGN KEY (`sellerNo`) REFERENCES `sellers` (`sellerNo`)
) ENGINE=InnoDB DEFAULT CHARSET=utf8mb3;

-- 테이블 데이터 shopping.products:~10 rows (대략적) 내보내기
DELETE FROM `products`;
INSERT INTO `products` (`prodNo`, `cateNo`, `sellerNo`, `prodName`, `prodPrice`, `prodStock`, `prodSold`, `prodDiscount`) VALUES
	(100101, 10, 10003, '신상 여성운동화', 160, 76000, 40, 5),
	(100110, 10, 10004, '트레이닝 롱바지', 1602, 38000, 398, 15),
	(110101, 11, 10003, '반팔티 L~2XL', 869, 2500, 132, 20),
	(120101, 12, 10010, '암소 1등급 구이셋트 1.2kg', 150000, 0, 87, 15),
	(120103, 12, 10010, '바로구이 부채살250g', 21000, 0, 61, 10),
	(130101, 13, 10006, '[ANF]식스프리 강아지 사료', 56000, 58, 142, 0),
	(130112, 13, 10006, '중대형 사계절 강아지옷', 15000, 120, 80, 0),
	(141001, 14, 10001, '라떼 2인 소파/방수 패브릭', 320000, 0, 42, 0),
	(160103, 16, 10009, '치닝디핑 33BR 철봉', 120000, 32, 28, 0),
	(170115, 17, 10007, '지포스 3080 그래픽카드', 28, 900000, 12, 12);

-- 테이블 shopping.sellers 구조 내보내기
DROP TABLE IF EXISTS `sellers`;
CREATE TABLE IF NOT EXISTS `sellers` (
  `sellerNo` int NOT NULL,
  `sellerBizName` varchar(45) NOT NULL,
  `sellerPhone` varchar(20) NOT NULL,
  `sellerManager` varchar(20) NOT NULL,
  `sellerAddr` varchar(100) NOT NULL,
  PRIMARY KEY (`sellerNo`)
) ENGINE=InnoDB DEFAULT CHARSET=utf8mb3;

-- 테이블 데이터 shopping.sellers:~10 rows (대략적) 내보내기
DELETE FROM `sellers`;
INSERT INTO `sellers` (`sellerNo`, `sellerBizName`, `sellerPhone`, `sellerManager`, `sellerAddr`) VALUES
	(10001, '(주)다팔아', '02-201-1976', '정우성', '서울'),
	(10002, '판매의민족', '02-102-1975', '이정재', '서울'),
	(10003, '멋남', '031-103-1989', '원빈', '경기'),
	(10004, '스타일살아', '032-201-1979', '이나영', '경기'),
	(10005, '(주)삼성전자', '02-214-1966', '장동건', '서울'),
	(10006, '복실이옷짱', '051-301-1979', '고소영', '부산'),
	(10007, '컴퓨존(주)', '055-401-1984', '유재석', '대구'),
	(10008, '(주)LG전자', '02-511-1965', '강호동', '서울'),
	(10009, '굿바디스포츠', '070-6101-1972', '조인성', '부산'),
	(10010, '누리푸드', '051-710-1992', '강동원', '부산');

-- 테이블 shopping.users 구조 내보내기
DROP TABLE IF EXISTS `users`;
CREATE TABLE IF NOT EXISTS `users` (
  `userId` varchar(20) NOT NULL,
  `userName` varchar(20) NOT NULL,
  `userBirth` char(10) NOT NULL,
  `userGender` char(1) NOT NULL,
  `userHp` char(13) NOT NULL,
  `userEmail` varchar(45) DEFAULT '0',
  `userPoint` int DEFAULT '1',
  `userLevel` tinyint DEFAULT NULL,
  `userAddr` varchar(100) DEFAULT NULL,
  `userRegDate` datetime DEFAULT NULL,
  PRIMARY KEY (`userId`),
  UNIQUE KEY `userHp_UNIQUE` (`userHp`),
  UNIQUE KEY `userEmail_UNIQUE` (`userEmail`)
) ENGINE=InnoDB DEFAULT CHARSET=utf8mb3;

-- 테이블 데이터 shopping.users:~10 rows (대략적) 내보내기
DELETE FROM `users`;
INSERT INTO `users` (`userId`, `userName`, `userBirth`, `userGender`, `userHp`, `userEmail`, `userPoint`, `userLevel`, `userAddr`, `userRegDate`) VALUES
	('user1', '김유신', '1976-01-21', 'M', '010-1101-1976', 'kimys@naver.com', 0, 1, '서울', '2024-01-17 16:40:07'),
	('user10', '허난설현', '1992-09-07', 'F', '010-7103-1992', NULL, 4100, 3, '광주', '2024-01-17 16:40:07'),
	('user2', '계백', '1975-06-11', 'M', '010-1102-1975', '0', 1000, NULL, '서울', '2024-01-17 16:40:07'),
	('user3', '김춘추', '1976-01-21', 'M', '010-1103-1989', NULL, 1200, 2, '서울', '2024-01-17 16:40:07'),
	('user4', '이사부', '1979-04-13', 'M', '010-2101-1979', 'leesabu@gmail.com', 2600, NULL, '서울', '2024-01-17 16:40:07'),
	('user5', '장보고', '1966-09-12', 'M', '010-2104-1966', 'jangbg@naver.com', 9400, 4, '대전', '2024-01-17 16:40:07'),
	('user6', '선덕여왕', '1979-07-28', 'M', '010-3101-1979', 'gueen@naver.com', 1600, 2, '대전', '2024-01-17 16:40:07'),
	('user7', '강감찬', '1984-06-15', 'F', '010-4101-1984', 'kang@daum.net', 800, 0, '대구', '2024-01-17 16:40:07'),
	('user8', '신사임당', '1965-10-21', 'M', '010-5101-1965', 'sinsa@gmail.com', 1500, NULL, '대구', '2024-01-17 16:40:07'),
	('user9', '이이', '1972-11-28', 'M', '010-6101-1972', 'leelee@nate.com', 3400, 3, '부산', '2024-01-17 16:40:07');


-- studydb 데이터베이스 구조 내보내기
DROP DATABASE IF EXISTS `studydb`;
CREATE DATABASE IF NOT EXISTS `studydb` /*!40100 DEFAULT CHARACTER SET utf8mb4 COLLATE utf8mb4_0900_ai_ci */ /*!80016 DEFAULT ENCRYPTION='N' */;
USE `studydb`;

-- 테이블 studydb.board_article 구조 내보내기
DROP TABLE IF EXISTS `board_article`;
CREATE TABLE IF NOT EXISTS `board_article` (
  `no` int NOT NULL AUTO_INCREMENT,
  `rdate` datetime(6) DEFAULT NULL,
  `content` varchar(255) DEFAULT NULL,
  `title` varchar(255) DEFAULT NULL,
  `writer` varchar(255) DEFAULT NULL,
  PRIMARY KEY (`no`),
  KEY `FKe2j3c1fedf3c8xde6wp7j5hv2` (`writer`),
  CONSTRAINT `FKe2j3c1fedf3c8xde6wp7j5hv2` FOREIGN KEY (`writer`) REFERENCES `board_user` (`uid`)
) ENGINE=InnoDB DEFAULT CHARSET=utf8mb4 COLLATE=utf8mb4_0900_ai_ci;

-- 테이블 데이터 studydb.board_article:~0 rows (대략적) 내보내기
DELETE FROM `board_article`;

-- 테이블 studydb.board_comment 구조 내보내기
DROP TABLE IF EXISTS `board_comment`;
CREATE TABLE IF NOT EXISTS `board_comment` (
  `cno` int NOT NULL AUTO_INCREMENT,
  `parent` int DEFAULT NULL,
  `rdate` datetime(6) DEFAULT NULL,
  `content` varchar(255) DEFAULT NULL,
  `writer` varchar(255) DEFAULT NULL,
  PRIMARY KEY (`cno`),
  KEY `FKahre5ek2aayqjai2xalmyq84g` (`parent`),
  KEY `FKikyrrvh4ra4io4kwecbq6cjm1` (`writer`),
  CONSTRAINT `FKahre5ek2aayqjai2xalmyq84g` FOREIGN KEY (`parent`) REFERENCES `board_article` (`no`),
  CONSTRAINT `FKikyrrvh4ra4io4kwecbq6cjm1` FOREIGN KEY (`writer`) REFERENCES `board_user` (`uid`)
) ENGINE=InnoDB DEFAULT CHARSET=utf8mb4 COLLATE=utf8mb4_0900_ai_ci;

-- 테이블 데이터 studydb.board_comment:~0 rows (대략적) 내보내기
DELETE FROM `board_comment`;

-- 테이블 studydb.board_file 구조 내보내기
DROP TABLE IF EXISTS `board_file`;
CREATE TABLE IF NOT EXISTS `board_file` (
  `ano` int DEFAULT NULL,
  `fno` int NOT NULL AUTO_INCREMENT,
  `oName` varchar(255) DEFAULT NULL,
  `sName` varchar(255) DEFAULT NULL,
  PRIMARY KEY (`fno`),
  UNIQUE KEY `UK_ponyiujsk782wx8064yjxb0pp` (`ano`),
  CONSTRAINT `FKbsylu1vroewx1f5dkd6un1k82` FOREIGN KEY (`ano`) REFERENCES `board_article` (`no`)
) ENGINE=InnoDB DEFAULT CHARSET=utf8mb4 COLLATE=utf8mb4_0900_ai_ci;

-- 테이블 데이터 studydb.board_file:~0 rows (대략적) 내보내기
DELETE FROM `board_file`;

-- 테이블 studydb.board_user 구조 내보내기
DROP TABLE IF EXISTS `board_user`;
CREATE TABLE IF NOT EXISTS `board_user` (
  `rdate` datetime(6) DEFAULT NULL,
  `hp` varchar(255) DEFAULT NULL,
  `name` varchar(255) DEFAULT NULL,
  `uid` varchar(255) NOT NULL,
  PRIMARY KEY (`uid`)
) ENGINE=InnoDB DEFAULT CHARSET=utf8mb4 COLLATE=utf8mb4_0900_ai_ci;

-- 테이블 데이터 studydb.board_user:~0 rows (대략적) 내보내기
DELETE FROM `board_user`;

-- 테이블 studydb.book 구조 내보내기
DROP TABLE IF EXISTS `book`;
CREATE TABLE IF NOT EXISTS `book` (
  `bookId` int NOT NULL,
  `bookName` varchar(20) NOT NULL,
  `publisher` varchar(20) NOT NULL,
  `price` int DEFAULT NULL,
  PRIMARY KEY (`bookId`)
) ENGINE=InnoDB DEFAULT CHARSET=utf8mb4 COLLATE=utf8mb4_0900_ai_ci;

-- 테이블 데이터 studydb.book:~10 rows (대략적) 내보내기
DELETE FROM `book`;
INSERT INTO `book` (`bookId`, `bookName`, `publisher`, `price`) VALUES
	(1, '축구의 역사', '굿스포츠', 7000),
	(2, '축구아는 여자', '나무수', 13000),
	(3, '축구의 이해', '대한미디어', 22000),
	(4, '골프 바이블', '대한미디어', 35000),
	(5, '피겨 교본', '굿스포츠', 8000),
	(6, '역도 단계별기술', '굿스포츠', 6000),
	(7, '야구의추억', '이상미디어', 20000),
	(8, '야구를 부탁해', '이상미디어', 13000),
	(9, '올림픽 이야기', '삼성당', 7500),
	(10, 'Olympic Champions', 'pearson', 13000),
	(11, '스포츠 의학', '한슬의학서적', NULL);

-- 테이블 studydb.bookorder 구조 내보내기
DROP TABLE IF EXISTS `bookorder`;
CREATE TABLE IF NOT EXISTS `bookorder` (
  `orederNo` int DEFAULT NULL,
  `orderDate` date DEFAULT NULL,
  `userId` varchar(10) DEFAULT NULL,
  `userName` varchar(10) DEFAULT NULL,
  `userAddr` varchar(10) DEFAULT NULL,
  `bookNo` int DEFAULT NULL,
  `bookName` varchar(20) DEFAULT NULL,
  `count` int DEFAULT NULL,
  `price` int DEFAULT NULL
) ENGINE=InnoDB DEFAULT CHARSET=utf8mb4 COLLATE=utf8mb4_0900_ai_ci;

-- 테이블 데이터 studydb.bookorder:~7 rows (대략적) 내보내기
DELETE FROM `bookorder`;
INSERT INTO `bookorder` (`orederNo`, `orderDate`, `userId`, `userName`, `userAddr`, `bookNo`, `bookName`, `count`, `price`) VALUES
	(10001, '2024-01-18', 'a101', '김유신', '김해', 101, '프로그래밍', 1, 28000),
	(10002, '2024-01-18', 'a102', '김춘추', '경주', 101, '프로그래밍', 1, 28000),
	(10002, '2024-01-18', 'a102', '김춘추', '경주', 102, '프로그래밍', 2, 16000),
	(10003, '2024-01-18', 'a103', '장보고', '완도', 102, '프로그래밍', 2, 32000),
	(10004, '2024-01-18', 'a104', '강감찬', '서울', 110, '프로그래밍', 1, 28000),
	(10005, '2024-01-18', 'a105', '이순신', '서울', 110, '프로그래밍', 1, 25000),
	(10005, '2024-01-18', 'a105', '이순신', '서울', 102, '프로그래밍', 1, 16000);

-- 테이블 studydb.child 구조 내보내기
DROP TABLE IF EXISTS `child`;
CREATE TABLE IF NOT EXISTS `child` (
  `cid` varchar(10) NOT NULL,
  `name` varchar(10) DEFAULT NULL,
  `hp` char(13) DEFAULT NULL,
  `parent` varchar(10) DEFAULT NULL,
  PRIMARY KEY (`cid`),
  UNIQUE KEY `hp` (`hp`),
  KEY `parent` (`parent`),
  CONSTRAINT `child_ibfk_1` FOREIGN KEY (`parent`) REFERENCES `parent` (`pid`)
) ENGINE=InnoDB DEFAULT CHARSET=utf8mb4 COLLATE=utf8mb4_0900_ai_ci;

-- 테이블 데이터 studydb.child:~3 rows (대략적) 내보내기
DELETE FROM `child`;
INSERT INTO `child` (`cid`, `name`, `hp`, `parent`) VALUES
	('C101', '김철수', '010-1234-1001', 'P101'),
	('C102', '김영희', '010-1234-1002', 'P101'),
	('C103', '강철수', '010-1234-1003', 'P103');

-- 테이블 studydb.customer 구조 내보내기
DROP TABLE IF EXISTS `customer`;
CREATE TABLE IF NOT EXISTS `customer` (
  `custId` int NOT NULL AUTO_INCREMENT,
  `name` varchar(10) NOT NULL,
  `address` varchar(20) DEFAULT NULL,
  `phone` varchar(13) DEFAULT NULL,
  PRIMARY KEY (`custId`)
) ENGINE=InnoDB AUTO_INCREMENT=6 DEFAULT CHARSET=utf8mb4 COLLATE=utf8mb4_0900_ai_ci;

-- 테이블 데이터 studydb.customer:~5 rows (대략적) 내보내기
DELETE FROM `customer`;
INSERT INTO `customer` (`custId`, `name`, `address`, `phone`) VALUES
	(1, '박지성', '영국 맨체스타', '000-5000-0001'),
	(2, '김연아', '대한민국 서울', '000-6000-0001'),
	(3, '장미란', '대한민국 강원도', '000-7000-0001'),
	(4, '추신수', '미국 클리블랜드', '000-8000-0001');

-- 테이블 studydb.department 구조 내보내기
DROP TABLE IF EXISTS `department`;
CREATE TABLE IF NOT EXISTS `department` (
  `depNo` tinyint NOT NULL,
  `name` varchar(10) NOT NULL,
  `tel` char(12) NOT NULL,
  PRIMARY KEY (`depNo`)
) ENGINE=InnoDB DEFAULT CHARSET=utf8mb4 COLLATE=utf8mb4_0900_ai_ci;

-- 테이블 데이터 studydb.department:~7 rows (대략적) 내보내기
DELETE FROM `department`;
INSERT INTO `department` (`depNo`, `name`, `tel`) VALUES
	(101, '영업1부', '051-512-1001'),
	(102, '영업2부', '051-512-1002'),
	(103, '영업3부', '051-512-1003'),
	(104, '영업4부', '051-512-1004'),
	(105, '영업5부', '051-512-1005'),
	(106, '영업지원부', '051-512-1006'),
	(107, '인사부', '051-512-1007');

-- 테이블 studydb.filetest 구조 내보내기
DROP TABLE IF EXISTS `filetest`;
CREATE TABLE IF NOT EXISTS `filetest` (
  `fno` int NOT NULL AUTO_INCREMENT,
  `title` varchar(100) DEFAULT NULL,
  `oName` varchar(100) DEFAULT NULL,
  `sName` varchar(100) DEFAULT NULL,
  `rdate` datetime DEFAULT NULL,
  PRIMARY KEY (`fno`)
) ENGINE=InnoDB AUTO_INCREMENT=7 DEFAULT CHARSET=utf8mb4 COLLATE=utf8mb4_0900_ai_ci;

-- 테이블 데이터 studydb.filetest:~0 rows (대략적) 내보내기
DELETE FROM `filetest`;
INSERT INTO `filetest` (`fno`, `title`, `oName`, `sName`, `rdate`) VALUES
	(6, '비행기', 'flight.mp4', '78aba196-c806-44bd-b6bd-e2d765ad66c6.mp4', '2024-02-19 12:35:21');

-- 테이블 studydb.member 구조 내보내기
DROP TABLE IF EXISTS `member`;
CREATE TABLE IF NOT EXISTS `member` (
  `uid` varchar(10) NOT NULL,
  `name` varchar(10) NOT NULL,
  `hp` char(13) NOT NULL,
  `pos` varchar(10) DEFAULT '사원',
  `dep` tinyint DEFAULT NULL,
  `rdate` datetime NOT NULL,
  PRIMARY KEY (`uid`),
  UNIQUE KEY `hp` (`hp`)
) ENGINE=InnoDB DEFAULT CHARSET=utf8mb4 COLLATE=utf8mb4_0900_ai_ci;

-- 테이블 데이터 studydb.member:~12 rows (대략적) 내보내기
DELETE FROM `member`;
INSERT INTO `member` (`uid`, `name`, `hp`, `pos`, `dep`, `rdate`) VALUES
	('a101', '박혁거세', '010-1234-1001', '부장', 101, '2024-01-04 14:12:34'),
	('a102', '김유신', '010-1234-1002', '차장', 101, '2024-01-04 14:12:34'),
	('a103', '김춘추', '010-1234-1003', '사원', 101, '2024-01-04 14:12:34'),
	('a104', '장보고', '010-1234-1004', '대리', 102, '2024-01-04 14:12:34'),
	('a105', '강감찬', '010-1234-1005', '과장', 102, '2024-01-04 14:12:34'),
	('a106', '이성계', '010-1234-1006', '차장', 103, '2024-01-04 14:12:34'),
	('a107', '정철', '010-1234-1007', '차장', 103, '2024-01-04 14:12:34'),
	('a108', '이순신', '010-1234-1008', '부장', 104, '2024-01-04 14:12:34'),
	('a109', '허균', '010-1234-1009', '부장', 104, '2024-01-04 14:12:34'),
	('a110', '정약용', '010-1234-1010', '사원', 105, '2024-01-04 14:12:34'),
	('a111', '박지원', '010-1234-1011', '사원', 105, '2024-01-04 14:12:34'),
	('a113', 'sdsdad', '010-0120-0100', '없음', 5, '2024-02-26 00:00:00');

-- 테이블 studydb.order 구조 내보내기
DROP TABLE IF EXISTS `order`;
CREATE TABLE IF NOT EXISTS `order` (
  `orederId` int NOT NULL AUTO_INCREMENT,
  `custId` int NOT NULL,
  `bookId` int NOT NULL,
  `salePrice` int NOT NULL,
  `orderDate` date NOT NULL,
  PRIMARY KEY (`orederId`)
) ENGINE=InnoDB AUTO_INCREMENT=11 DEFAULT CHARSET=utf8mb4 COLLATE=utf8mb4_0900_ai_ci;

-- 테이블 데이터 studydb.order:~10 rows (대략적) 내보내기
DELETE FROM `order`;
INSERT INTO `order` (`orederId`, `custId`, `bookId`, `salePrice`, `orderDate`) VALUES
	(1, 1, 1, 6000, '2014-07-01'),
	(2, 1, 3, 21000, '2014-07-03'),
	(3, 2, 5, 8000, '2014-07-03'),
	(4, 3, 6, 6000, '2014-07-04'),
	(5, 4, 7, 20000, '2014-07-05'),
	(6, 1, 2, 12000, '2014-07-07'),
	(7, 4, 8, 13000, '2014-07-07'),
	(8, 3, 10, 12000, '2014-07-08'),
	(9, 2, 10, 7000, '2014-07-09'),
	(10, 3, 8, 13000, '2014-07-10');

-- 테이블 studydb.parent 구조 내보내기
DROP TABLE IF EXISTS `parent`;
CREATE TABLE IF NOT EXISTS `parent` (
  `pid` varchar(10) NOT NULL,
  `name` varchar(10) DEFAULT NULL,
  `birth` char(10) DEFAULT NULL,
  `addr` varchar(100) DEFAULT NULL,
  PRIMARY KEY (`pid`)
) ENGINE=InnoDB DEFAULT CHARSET=utf8mb4 COLLATE=utf8mb4_0900_ai_ci;

-- 테이블 데이터 studydb.parent:~5 rows (대략적) 내보내기
DELETE FROM `parent`;
INSERT INTO `parent` (`pid`, `name`, `birth`, `addr`) VALUES
	('P101', '김유신', '1968-05-09', '경남 김해시'),
	('P102', '김춘추', '1972-11-23', '경남 경주시'),
	('P103', '장보고', '1978-03-01', '전남 완도군'),
	('P104', '강감찬', '1979-08-16', '서울시 관악구'),
	('P105', '이순신', '1981-05-23', '부산시 진구');

-- 테이블 studydb.sales 구조 내보내기
DROP TABLE IF EXISTS `sales`;
CREATE TABLE IF NOT EXISTS `sales` (
  `seq` int NOT NULL AUTO_INCREMENT,
  `uid` varchar(10) NOT NULL,
  `year` year NOT NULL,
  `month` tinyint NOT NULL,
  `sale` int NOT NULL,
  PRIMARY KEY (`seq`)
) ENGINE=InnoDB AUTO_INCREMENT=31 DEFAULT CHARSET=utf8mb4 COLLATE=utf8mb4_0900_ai_ci;

-- 테이블 데이터 studydb.sales:~30 rows (대략적) 내보내기
DELETE FROM `sales`;
INSERT INTO `sales` (`seq`, `uid`, `year`, `month`, `sale`) VALUES
	(1, 'a101', '2018', 1, 98100),
	(2, 'a102', '2018', 1, 136000),
	(3, 'a103', '2018', 1, 80100),
	(4, 'a104', '2018', 1, 78000),
	(5, 'a105', '2018', 1, 93000),
	(6, 'a101', '2018', 2, 23500),
	(7, 'a102', '2018', 2, 126000),
	(8, 'a103', '2018', 2, 18500),
	(9, 'a105', '2018', 2, 19000),
	(10, 'a106', '2018', 2, 53000),
	(11, 'a101', '2019', 1, 24000),
	(12, 'a102', '2019', 1, 109000),
	(13, 'a103', '2019', 1, 101000),
	(14, 'a104', '2019', 1, 53500),
	(15, 'a107', '2019', 1, 24000),
	(16, 'a102', '2019', 2, 160000),
	(17, 'a103', '2019', 2, 101000),
	(18, 'a104', '2019', 2, 43000),
	(19, 'a105', '2019', 2, 24000),
	(20, 'a106', '2019', 2, 109000),
	(21, 'a102', '2020', 1, 201000),
	(22, 'a104', '2020', 1, 63000),
	(23, 'a105', '2020', 1, 74000),
	(24, 'a106', '2020', 1, 122000),
	(25, 'a107', '2020', 1, 111000),
	(26, 'a102', '2020', 2, 120000),
	(27, 'a103', '2020', 2, 93000),
	(28, 'a104', '2020', 2, 84000),
	(29, 'a105', '2020', 2, 180000),
	(30, 'a108', '2020', 2, 76000);

-- 테이블 studydb.sales2 구조 내보내기
DROP TABLE IF EXISTS `sales2`;
CREATE TABLE IF NOT EXISTS `sales2` (
  `seq` int NOT NULL AUTO_INCREMENT,
  `uid` varchar(10) NOT NULL,
  `year` year NOT NULL,
  `month` tinyint NOT NULL,
  `sale` int NOT NULL,
  PRIMARY KEY (`seq`)
) ENGINE=InnoDB DEFAULT CHARSET=utf8mb4 COLLATE=utf8mb4_0900_ai_ci;

-- 테이블 데이터 studydb.sales2:~0 rows (대략적) 내보내기
DELETE FROM `sales2`;

-- 테이블 studydb.shop_customer 구조 내보내기
DROP TABLE IF EXISTS `shop_customer`;
CREATE TABLE IF NOT EXISTS `shop_customer` (
  `age` int NOT NULL,
  `regDate` datetime(6) DEFAULT NULL,
  `addr` varchar(255) DEFAULT NULL,
  `custid` varchar(255) NOT NULL,
  `hp` varchar(255) DEFAULT NULL,
  `name` varchar(255) DEFAULT NULL,
  PRIMARY KEY (`custid`)
) ENGINE=InnoDB DEFAULT CHARSET=utf8mb4 COLLATE=utf8mb4_0900_ai_ci;

-- 테이블 데이터 studydb.shop_customer:~5 rows (대략적) 내보내기
DELETE FROM `shop_customer`;
INSERT INTO `shop_customer` (`age`, `regDate`, `addr`, `custid`, `hp`, `name`) VALUES
	(23, '2024-03-12 17:06:55.000000', '서울', 'a101', '010-1234-1001', '김유신'),
	(21, '2024-03-12 17:06:55.000000', '대전', 'a102', '010-1234-1002', '김춘추'),
	(31, '2024-03-12 17:06:55.000000', '대구', 'a103', '010-1234-1003', '장보고'),
	(41, '2024-03-12 17:06:55.000000', '부산', 'a104', '010-1234-1004', '강감찬'),
	(51, '2024-03-12 17:06:55.000000', '광주', 'a105', '010-1234-1005', '이순신');

-- 테이블 studydb.shop_order 구조 내보내기
DROP TABLE IF EXISTS `shop_order`;
CREATE TABLE IF NOT EXISTS `shop_order` (
  `orderId` int NOT NULL AUTO_INCREMENT,
  `orderPrice` int NOT NULL,
  `orderStatus` int NOT NULL,
  `orderDate` datetime(6) DEFAULT NULL,
  `orderer` varchar(255) DEFAULT NULL,
  PRIMARY KEY (`orderId`),
  KEY `FKqn6qdr7k6dnb3qe1u8xq95p0f` (`orderer`),
  CONSTRAINT `FKqn6qdr7k6dnb3qe1u8xq95p0f` FOREIGN KEY (`orderer`) REFERENCES `shop_customer` (`custid`)
) ENGINE=InnoDB AUTO_INCREMENT=6 DEFAULT CHARSET=utf8mb4 COLLATE=utf8mb4_0900_ai_ci;

-- 테이블 데이터 studydb.shop_order:~5 rows (대략적) 내보내기
DELETE FROM `shop_order`;
INSERT INTO `shop_order` (`orderId`, `orderPrice`, `orderStatus`, `orderDate`, `orderer`) VALUES
	(1, 35000, 1, '2024-03-12 17:06:55.000000', 'a101'),
	(2, 15000, 1, '2024-03-12 17:06:55.000000', 'a102'),
	(3, 1200000, 1, '2024-03-12 17:06:55.000000', 'a103'),
	(4, 800000, 1, '2024-03-12 17:06:55.000000', 'a105'),
	(5, 235000, 1, '2024-03-12 17:06:55.000000', 'a102');

-- 테이블 studydb.shop_order_item 구조 내보내기
DROP TABLE IF EXISTS `shop_order_item`;
CREATE TABLE IF NOT EXISTS `shop_order_item` (
  `count` int NOT NULL,
  `orderId` int DEFAULT NULL,
  `orderItemId` int NOT NULL AUTO_INCREMENT,
  `productId` int DEFAULT NULL,
  PRIMARY KEY (`orderItemId`),
  KEY `FK8uiril3a4wmy7rdaw8d6j2v38` (`orderId`),
  KEY `FK5rp0yud1ws22yhp7rtwsho3r1` (`productId`),
  CONSTRAINT `FK5rp0yud1ws22yhp7rtwsho3r1` FOREIGN KEY (`productId`) REFERENCES `shop_product` (`productId`),
  CONSTRAINT `FK8uiril3a4wmy7rdaw8d6j2v38` FOREIGN KEY (`orderId`) REFERENCES `shop_order` (`orderId`)
) ENGINE=InnoDB AUTO_INCREMENT=7 DEFAULT CHARSET=utf8mb4 COLLATE=utf8mb4_0900_ai_ci;

-- 테이블 데이터 studydb.shop_order_item:~6 rows (대략적) 내보내기
DELETE FROM `shop_order_item`;
INSERT INTO `shop_order_item` (`count`, `orderId`, `orderItemId`, `productId`) VALUES
	(3, 1, 1, 2),
	(2, 2, 2, 1),
	(1, 3, 3, 4),
	(1, 4, 4, 5),
	(1, 3, 5, 1),
	(2, 5, 6, 2);

-- 테이블 studydb.shop_product 구조 내보내기
DROP TABLE IF EXISTS `shop_product`;
CREATE TABLE IF NOT EXISTS `shop_product` (
  `price` int NOT NULL,
  `productId` int NOT NULL AUTO_INCREMENT,
  `stock` int NOT NULL,
  `productName` varchar(255) DEFAULT NULL,
  PRIMARY KEY (`productId`)
) ENGINE=InnoDB AUTO_INCREMENT=6 DEFAULT CHARSET=utf8mb4 COLLATE=utf8mb4_0900_ai_ci;

-- 테이블 데이터 studydb.shop_product:~5 rows (대략적) 내보내기
DELETE FROM `shop_product`;
INSERT INTO `shop_product` (`price`, `productId`, `stock`, `productName`) VALUES
	(35000, 1, 100, '키보드'),
	(15000, 2, 100, '마우스'),
	(1200000, 3, 100, '노트북'),
	(800000, 4, 100, '휴대폰'),
	(235000, 5, 100, '모니터');

-- 테이블 studydb.tbluser 구조 내보내기
DROP TABLE IF EXISTS `tbluser`;
CREATE TABLE IF NOT EXISTS `tbluser` (
  `user_id` varchar(10) DEFAULT NULL,
  `user_name` varchar(10) DEFAULT NULL,
  `user_hp` char(13) DEFAULT NULL,
  `user_age` tinyint DEFAULT NULL,
  `user_addr` varchar(10) DEFAULT NULL
) ENGINE=InnoDB DEFAULT CHARSET=utf8mb4 COLLATE=utf8mb4_0900_ai_ci;

-- 테이블 데이터 studydb.tbluser:~5 rows (대략적) 내보내기
DELETE FROM `tbluser`;
INSERT INTO `tbluser` (`user_id`, `user_name`, `user_hp`, `user_age`, `user_addr`) VALUES
	('p101', '김유신', '010-1234-1001', 25, '경남 김해시'),
	('p102', '김춘추', '010-1234-1002', 23, '경북 경주시'),
	('p103', '장보고', NULL, 31, '전남 완도군'),
	('p104', '강감찬', NULL, NULL, '서울시 중구'),
	('p105', '이순신', '010-1234-1005', 50, NULL);

-- 테이블 studydb.user 구조 내보내기
DROP TABLE IF EXISTS `user`;
CREATE TABLE IF NOT EXISTS `user` (
  `age` int NOT NULL,
  `regDate` datetime(6) DEFAULT NULL,
  `hp` varchar(255) DEFAULT NULL,
  `name` varchar(255) DEFAULT NULL,
  `pass` varchar(255) DEFAULT NULL,
  `role` varchar(255) DEFAULT NULL,
  `uid` varchar(255) NOT NULL,
  PRIMARY KEY (`uid`)
) ENGINE=InnoDB DEFAULT CHARSET=utf8mb4 COLLATE=utf8mb4_0900_ai_ci;

-- 테이블 데이터 studydb.user:~4 rows (대략적) 내보내기
DELETE FROM `user`;
INSERT INTO `user` (`age`, `regDate`, `hp`, `name`, `pass`, `role`, `uid`) VALUES
	(17, '2024-03-13 11:43:37.396602', '010-1234-1111', '유저1', '$2a$10$JVmaK/EqYFq0DGb5fAbEdOsloxatAbMF2B/zD05pvO/xTnNFRI4IW', 'USER', 'a101'),
	(14, '2024-03-13 11:46:34.532618', '010-1111-1111', '관리자', '$2a$10$RMnnDfCSqYnMwpSG.H3nU.bthIMP8Gxyf7edwtbODzYtagvkzaM2i', 'ADMIN', 'k101'),
	(19, '2024-03-13 16:27:37.961584', '010-1111-1112', '관리자2', '$2a$10$XvS7shSbFBiam3qnl.xMruxDDnW7hTGDZfhZFAXbXFKoHXjuvKws6', 'ADMIN', 'k102'),
	(20, '2024-03-13 12:01:35.965578', '010-2222-1111', '매니저', '$2a$10$3Nlf1jvULAMxG7idZUb8JObIiMhZ8qkiE.1kUk9P4iA92Adr8o3Ky', 'MANAGER', 'm101');

-- 테이블 studydb.user1 구조 내보내기
DROP TABLE IF EXISTS `user1`;
CREATE TABLE IF NOT EXISTS `user1` (
  `age` int DEFAULT NULL,
  `birth` varchar(255) DEFAULT NULL,
  `hp` varchar(255) DEFAULT NULL,
  `name` varchar(255) DEFAULT NULL,
  `uid` varchar(255) NOT NULL,
  PRIMARY KEY (`uid`)
) ENGINE=InnoDB DEFAULT CHARSET=utf8mb4 COLLATE=utf8mb4_0900_ai_ci;

-- 테이블 데이터 studydb.user1:~3 rows (대략적) 내보내기
DELETE FROM `user1`;
INSERT INTO `user1` (`age`, `birth`, `hp`, `name`, `uid`) VALUES
	(19, '1998-01-08', '010-1234-1111', '홍길동', 'a101'),
	(15, '1988-07-01', '010-1212-1010', '김춘추', 'a102');

-- 테이블 studydb.user1copy 구조 내보내기
DROP TABLE IF EXISTS `user1copy`;
CREATE TABLE IF NOT EXISTS `user1copy` (
  `uid` varchar(10) DEFAULT NULL,
  `name` varchar(10) DEFAULT NULL,
  `birth` char(10) DEFAULT NULL,
  `hp` char(13) DEFAULT NULL,
  `age` tinyint DEFAULT NULL
) ENGINE=InnoDB DEFAULT CHARSET=utf8mb4 COLLATE=utf8mb4_0900_ai_ci;

-- 테이블 데이터 studydb.user1copy:~0 rows (대략적) 내보내기
DELETE FROM `user1copy`;
INSERT INTO `user1copy` (`uid`, `name`, `birth`, `hp`, `age`) VALUES
	('A102', '김춘추', NULL, '010-1234-2222', 23);

-- 테이블 studydb.user2 구조 내보내기
DROP TABLE IF EXISTS `user2`;
CREATE TABLE IF NOT EXISTS `user2` (
  `uid` varchar(10) NOT NULL,
  `name` varchar(10) DEFAULT NULL,
  `birth` varchar(255) DEFAULT NULL,
  `addr` varchar(50) DEFAULT NULL,
  `age` int NOT NULL,
  `email` varchar(255) DEFAULT NULL,
  PRIMARY KEY (`uid`)
) ENGINE=InnoDB DEFAULT CHARSET=utf8mb4 COLLATE=utf8mb4_0900_ai_ci;

-- 테이블 데이터 studydb.user2:~7 rows (대략적) 내보내기
DELETE FROM `user2`;
INSERT INTO `user2` (`uid`, `name`, `birth`, `addr`, `age`, `email`) VALUES
	('A101', '노네임', '2024-02-06', '없어요', 0, NULL),
	('A102', '김춘추', '1972-11-23', '경남 경주시', 0, NULL),
	('A103', '장보고', '1978-03-01', '전남 완도군', 0, NULL),
	('A105', '강감찬', '1979-08-16', '서울시 관악구', 0, NULL),
	('A106', '이순신', '1981-05-23', '부산시 진구', 0, NULL),
	('a107', '홍길동', '1999-12-11', '부산시 연제구', 19, 'dong@dong.com'),
	('a21234', 'string', 'string', 'string', 100, 'string');

-- 테이블 studydb.user3 구조 내보내기
DROP TABLE IF EXISTS `user3`;
CREATE TABLE IF NOT EXISTS `user3` (
  `uid` varchar(10) NOT NULL,
  `name` varchar(10) DEFAULT NULL,
  `birth` varchar(255) DEFAULT NULL,
  `hp` varchar(255) DEFAULT NULL,
  `addr` varchar(50) DEFAULT NULL,
  PRIMARY KEY (`uid`),
  UNIQUE KEY `hp` (`hp`)
) ENGINE=InnoDB DEFAULT CHARSET=utf8mb4 COLLATE=utf8mb4_0900_ai_ci;

-- 테이블 데이터 studydb.user3:~5 rows (대략적) 내보내기
DELETE FROM `user3`;
INSERT INTO `user3` (`uid`, `name`, `birth`, `hp`, `addr`) VALUES
	('A101', '김유신', '1968-05-09', '010-1234-1111', '경남 김해시'),
	('A102', '김춘추', '1972-11-23', '010-1234-2222', '경남 경주시'),
	('A103', '장보고', '1978-03-01', '010-1234-3333', '전남 완도군'),
	('A104', '강감찬', '1979-08-16', '010-1234-4444', '서울시 관악구'),
	('A106', '안중근', '1981-05-21', '010-1234-5555', '부산시 진구');

-- 테이블 studydb.user4 구조 내보내기
DROP TABLE IF EXISTS `user4`;
CREATE TABLE IF NOT EXISTS `user4` (
  `uid` varchar(10) NOT NULL,
  `name` varchar(10) NOT NULL,
  `gender` varchar(255) DEFAULT NULL,
  `age` int DEFAULT '1',
  `hp` varchar(255) DEFAULT NULL,
  `addr` varchar(20) DEFAULT NULL,
  PRIMARY KEY (`uid`),
  UNIQUE KEY `hp` (`hp`)
) ENGINE=InnoDB DEFAULT CHARSET=utf8mb4 COLLATE=utf8mb4_0900_ai_ci;

-- 테이블 데이터 studydb.user4:~6 rows (대략적) 내보내기
DELETE FROM `user4`;
INSERT INTO `user4` (`uid`, `name`, `gender`, `age`, `hp`, `addr`) VALUES
	('A101', '김유신', 'M', 25, '010-1234-1111', '경남 김해시'),
	('A102', '김춘추', 'M', 23, '010-1234-2222', '경남 경주시'),
	('A103', '장보고', 'M', 35, '010-1234-3333', '전남 완도군'),
	('A104', '강감찬', 'M', 42, '010-1234-4444', '서울시 관악구'),
	('A105', '이순신', 'M', 1, '010-1234-5555', '부산시 진구'),
	('A106', '신사임당', 'M', 32, '', '강릉시');

-- 테이블 studydb.user5 구조 내보내기
DROP TABLE IF EXISTS `user5`;
CREATE TABLE IF NOT EXISTS `user5` (
  `seq` int NOT NULL AUTO_INCREMENT,
  `name` varchar(10) NOT NULL,
  `gender` varchar(255) DEFAULT NULL,
  `age` int DEFAULT '1',
  `addr` varchar(20) DEFAULT NULL,
  PRIMARY KEY (`seq`),
  CONSTRAINT `user5_chk_1` CHECK ((`gender` in (_utf8mb4'M',_utf8mb4'F'))),
  CONSTRAINT `user5_chk_2` CHECK (((`age` > 0) and (`age` < 100)))
) ENGINE=InnoDB AUTO_INCREMENT=12 DEFAULT CHARSET=utf8mb4 COLLATE=utf8mb4_0900_ai_ci;

-- 테이블 데이터 studydb.user5:~5 rows (대략적) 내보내기
DELETE FROM `user5`;
INSERT INTO `user5` (`seq`, `name`, `gender`, `age`, `addr`) VALUES
	(1, '김유신', 'M', 25, '경남 김해시'),
	(2, '김춘추', 'M', 23, '경남 경주시'),
	(3, '장보고', 'M', 35, '전남 완도군'),
	(4, '강감찬', 'M', 42, '서울시 관악구'),
	(11, '테스트', 'M', 25, '테스트시');


-- university 데이터베이스 구조 내보내기
DROP DATABASE IF EXISTS `university`;
CREATE DATABASE IF NOT EXISTS `university` /*!40100 DEFAULT CHARACTER SET utf8mb3 */ /*!80016 DEFAULT ENCRYPTION='N' */;
USE `university`;

-- 테이블 university.department 구조 내보내기
DROP TABLE IF EXISTS `department`;
CREATE TABLE IF NOT EXISTS `department` (
  `depNo` int NOT NULL,
  `depName` varchar(20) NOT NULL,
  `depTel` char(14) NOT NULL,
  PRIMARY KEY (`depNo`)
) ENGINE=InnoDB DEFAULT CHARSET=utf8mb3;

-- 테이블 데이터 university.department:~11 rows (대략적) 내보내기
DELETE FROM `department`;
INSERT INTO `department` (`depNo`, `depName`, `depTel`) VALUES
	(10, '국어국문학과', '051-510-1010'),
	(11, '영어영문학과', '051-510-1011'),
	(20, '경영학과', '051-510-1020'),
	(21, '경제학과', '051-510-1021'),
	(22, '정치외교학과', '051-510-1022'),
	(23, '사회복지학과', '051-510-1023'),
	(30, '수학과', '051-510-1030'),
	(31, '통계학과', '051-510-1031'),
	(32, '생명과학과', '051-510-1032'),
	(40, '기계공학과', '051-510-1040'),
	(41, '전자공학과', '051-510-1041'),
	(42, '컴퓨터공학과', '051-510-1042');

-- 테이블 university.lecture 구조 내보내기
DROP TABLE IF EXISTS `lecture`;
CREATE TABLE IF NOT EXISTS `lecture` (
  `lecNo` char(6) NOT NULL,
  `proNo` char(6) NOT NULL,
  `lecName` varchar(45) NOT NULL,
  `lecCredit` tinyint NOT NULL,
  `lecTime` tinyint NOT NULL,
  `lecClass` varchar(45) NOT NULL,
  PRIMARY KEY (`lecNo`,`proNo`),
  KEY `fk_Lecture_Professors1_idx` (`proNo`),
  CONSTRAINT `fk_Lecture_Professors1` FOREIGN KEY (`proNo`) REFERENCES `professors` (`proNo`)
) ENGINE=InnoDB DEFAULT CHARSET=utf8mb3;

-- 테이블 데이터 university.lecture:~10 rows (대략적) 내보내기
DELETE FROM `lecture`;
INSERT INTO `lecture` (`lecNo`, `proNo`, `lecName`, `lecCredit`, `lecTime`, `lecClass`) VALUES
	('101001', 'p10101', '대학글쓰기', 2, 10, '본102'),
	('101002', 'p10102', '한국어음운론', 3, 30, '본102'),
	('101003', 'p10102', '한국현대문학사', 3, 30, '본103'),
	('111011', 'p11103', '중세영문학', 3, 25, '본201'),
	('111012', 'p11104', '영미시', 3, 25, '본201'),
	('231110', 'p23102', '사회복지학개론', 1, 8, '별관103'),
	('311002', 'p31101', '통계학의 이해', 2, 16, '별관303'),
	('311003', 'p31104', '기초 통계학', 3, 26, '별관303'),
	('401019', 'p40101', '기계역학', 3, 36, '공학관102'),
	('421012', 'p42103', '데이터베이스', 3, 32, '공학관103');

-- 테이블 university.professors 구조 내보내기
DROP TABLE IF EXISTS `professors`;
CREATE TABLE IF NOT EXISTS `professors` (
  `proNo` char(6) NOT NULL,
  `depNo` int NOT NULL,
  `proName` varchar(20) NOT NULL,
  `proJumin` char(14) NOT NULL,
  `proHp` char(13) NOT NULL,
  `proEmail` varchar(45) NOT NULL,
  `proAddr` varchar(100) NOT NULL,
  PRIMARY KEY (`proNo`),
  UNIQUE KEY `proJumin_UNIQUE` (`proJumin`),
  UNIQUE KEY `proHp_UNIQUE` (`proHp`),
  KEY `fk_Professors_Department1_idx` (`depNo`),
  CONSTRAINT `fk_Professors_Department1` FOREIGN KEY (`depNo`) REFERENCES `department` (`depNo`)
) ENGINE=InnoDB DEFAULT CHARSET=utf8mb3;

-- 테이블 데이터 university.professors:~12 rows (대략적) 내보내기
DELETE FROM `professors`;
INSERT INTO `professors` (`proNo`, `depNo`, `proName`, `proJumin`, `proHp`, `proEmail`, `proAddr`) VALUES
	('p10101', 10, '김유신', '750120-1234567', '010-1101-1976', 'kimys@hg.ac.kr', '서울'),
	('p10102', 10, '계백', '740610-1234567', '010-1102-1975', 'geaback@hg.ac.kr', '서울'),
	('p11101', 11, '김관창', '880529-1234567', '010-1103-1989', 'kwanch@hg.ac.kr', '대전'),
	('p11103', 11, '김춘추', '780412-1234567', '010-2101-1979', 'kimcc@hg.ac.kr', '대전'),
	('p11104', 11, '이사부', '650911-1234567', '010-2104-1966', 'leesabu@hg.ac.kr', '대전'),
	('p22110', 22, '장보고', '780727-1234567', '010-3101-1979', 'jangbg@hg.ac.kr', '대구'),
	('p23102', 23, '선덕여왕', '830614-1234567', '010-4101-1984', 'gueen@hg.ac.kr', '대구'),
	('p31101', 31, '강감찬', '641020-1234567', '010-5101-1965', 'kang@hg.ac.kr', '대구'),
	('p31104', 31, '신사임당', '711127-1234567', '010-6101-1972', 'sinsa@hg.ac.kr', '부산'),
	('p40101', 40, '이이', '910906-1234567', '010-7103-1992', 'leelee@hg.ac.kr', '부산'),
	('p40102', 40, '이황', '881208-1234567', '010-7104-1989', 'hwang@hg.ac.kr', '광주'),
	('p42103', 42, '송상현', '760313-1234567', '010-8101-1977', 'ssh@hg.ac.kr', '광주');

-- 테이블 university.register 구조 내보내기
DROP TABLE IF EXISTS `register`;
CREATE TABLE IF NOT EXISTS `register` (
  `stdNo` char(8) NOT NULL,
  `lecNo` char(6) NOT NULL,
  `proNo` char(6) NOT NULL,
  `regAttenScore` tinyint DEFAULT NULL,
  `regMidScore` tinyint DEFAULT NULL,
  `regFinalScore` tinyint DEFAULT NULL,
  `regEtcScore` tinyint DEFAULT NULL,
  `regTotal` tinyint DEFAULT NULL,
  `regGrade` char(1) DEFAULT NULL,
  PRIMARY KEY (`stdNo`,`lecNo`,`proNo`),
  KEY `fk_Register_Lecture1_idx` (`lecNo`,`proNo`),
  KEY `fk_Register_Student1_idx` (`stdNo`),
  CONSTRAINT `fk_Register_Lecture1` FOREIGN KEY (`lecNo`, `proNo`) REFERENCES `lecture` (`lecNo`, `proNo`),
  CONSTRAINT `fk_Register_Student1` FOREIGN KEY (`stdNo`) REFERENCES `student` (`stdNo`)
) ENGINE=InnoDB DEFAULT CHARSET=utf8mb3;

-- 테이블 데이터 university.register:~9 rows (대략적) 내보내기
DELETE FROM `register`;
INSERT INTO `register` (`stdNo`, `lecNo`, `proNo`, `regAttenScore`, `regMidScore`, `regFinalScore`, `regEtcScore`, `regTotal`, `regGrade`) VALUES
	('20101001', '101001', 'p10101', 76, 1, 74, 69, 50, 'F'),
	('20101001', '101002', 'p10102', 20, 95, 13, 80, 43, 'F'),
	('20101001', '101003', 'p10102', 58, 53, 87, 78, 66, 'D'),
	('20111013', '111011', 'p11103', 27, 3, 32, 49, 21, 'F'),
	('20111013', '111012', 'p11104', 50, 100, 53, 63, 68, 'D'),
	('21231002', '231110', 'p23102', 56, 91, 87, 63, 78, 'C'),
	('22401001', '401019', 'p40101', 51, 67, 79, 95, 66, 'D'),
	('22401001', '421012', 'p42103', 40, 11, 34, 38, 28, 'F'),
	('22421003', '311003', 'p31104', 88, 26, 65, 48, 60, 'D'),
	('22421003', '421012', 'p42103', 43, 70, 22, 99, 45, 'F');

-- 테이블 university.student 구조 내보내기
DROP TABLE IF EXISTS `student`;
CREATE TABLE IF NOT EXISTS `student` (
  `stdNo` char(8) NOT NULL,
  `depNo` int NOT NULL,
  `proNo` char(6) NOT NULL,
  `stdName` varchar(20) NOT NULL,
  `stdJumin` char(14) NOT NULL,
  `stdHp` char(13) NOT NULL,
  `stdEmail` varchar(45) DEFAULT NULL,
  `stdAddr` varchar(100) NOT NULL,
  PRIMARY KEY (`stdNo`),
  UNIQUE KEY `stdJumin_UNIQUE` (`stdJumin`),
  UNIQUE KEY `stdHp_UNIQUE` (`stdHp`),
  UNIQUE KEY `stdEmail_UNIQUE` (`stdEmail`),
  KEY `fk_Student_Professors_idx` (`proNo`),
  KEY `fk_Student_Department1_idx` (`depNo`),
  CONSTRAINT `fk_Student_Department1` FOREIGN KEY (`depNo`) REFERENCES `department` (`depNo`),
  CONSTRAINT `fk_Student_Professors` FOREIGN KEY (`proNo`) REFERENCES `professors` (`proNo`)
) ENGINE=InnoDB DEFAULT CHARSET=utf8mb3;

-- 테이블 데이터 university.student:~11 rows (대략적) 내보내기
DELETE FROM `student`;
INSERT INTO `student` (`stdNo`, `depNo`, `proNo`, `stdName`, `stdJumin`, `stdHp`, `stdEmail`, `stdAddr`) VALUES
	('20101001', 10, 'P10101', '정우성', '760121-1234567', '010-1101-7601', NULL, '서울'),
	('20101002', 10, 'P10101', '이정재', '750611-1234567', '010-1102-7506', NULL, '서울'),
	('20111011', 11, 'p11103', '전지현', '890530-1234567', '010-1103-8905', 'jjh@naver.com', '대전'),
	('20111013', 11, 'p11103', '이나영', '790413-1234567', '010-2101-7904', 'lee@naver.com', '대전'),
	('20111014', 11, 'p11104', '원빈', '660912-1234567', '010-2104-6609', 'one@naver.com', '대전'),
	('21221010', 22, 'p22110', '장동건', '790728-1234567', '010-3101-7907', 'jang@naver.com', '대구'),
	('21231002', 23, 'p23102', '고소영', '840615-1234567', '010-4101-8406', 'goso@daum.com', '대구'),
	('22041002', 40, 'p40101', '조인성', '891209-1234567', '010-7104-8912', 'join@daum.com', '광주'),
	('22311011', 31, 'p31104', '김연아', '651021-1234567', '010-5101-6510', 'yuna@daum.com', '대구'),
	('22311014', 31, 'P31104', '유재석', '721128-1234567', '010-6101-7211', NULL, '부산'),
	('22401001', 40, 'P40101', '강호동', '920907-1234567', '010-7103-9209', NULL, '부산'),
	('22421003', 42, 'p42103', '강동원', '770314-1234567', '010-8101-7703', 'dong@daum.com', '광주');


-- world 데이터베이스 구조 내보내기
DROP DATABASE IF EXISTS `world`;
CREATE DATABASE IF NOT EXISTS `world` /*!40100 DEFAULT CHARACTER SET utf8mb4 COLLATE utf8mb4_0900_ai_ci */ /*!80016 DEFAULT ENCRYPTION='N' */;
USE `world`;

-- 테이블 world.city 구조 내보내기
DROP TABLE IF EXISTS `city`;
CREATE TABLE IF NOT EXISTS `city` (
  `ID` int NOT NULL AUTO_INCREMENT,
  `Name` char(35) NOT NULL DEFAULT '',
  `CountryCode` char(3) NOT NULL DEFAULT '',
  `District` char(20) NOT NULL DEFAULT '',
  `Population` int NOT NULL DEFAULT '0',
  PRIMARY KEY (`ID`),
  KEY `CountryCode` (`CountryCode`),
  CONSTRAINT `city_ibfk_1` FOREIGN KEY (`CountryCode`) REFERENCES `country` (`Code`)
) ENGINE=InnoDB AUTO_INCREMENT=4080 DEFAULT CHARSET=utf8mb4 COLLATE=utf8mb4_0900_ai_ci;

-- 테이블 데이터 world.city:~4,046 rows (대략적) 내보내기
DELETE FROM `city`;
INSERT INTO `city` (`ID`, `Name`, `CountryCode`, `District`, `Population`) VALUES
	(1, 'Kabul', 'AFG', 'Kabol', 1780000),
	(2, 'Qandahar', 'AFG', 'Qandahar', 237500),
	(3, 'Herat', 'AFG', 'Herat', 186800),
	(4, 'Mazar-e-Sharif', 'AFG', 'Balkh', 127800),
	(5, 'Amsterdam', 'NLD', 'Noord-Holland', 731200),
	(6, 'Rotterdam', 'NLD', 'Zuid-Holland', 593321),
	(7, 'Haag', 'NLD', 'Zuid-Holland', 440900),
	(8, 'Utrecht', 'NLD', 'Utrecht', 234323),
	(9, 'Eindhoven', 'NLD', 'Noord-Brabant', 201843),
	(10, 'Tilburg', 'NLD', 'Noord-Brabant', 193238),
	(11, 'Groningen', 'NLD', 'Groningen', 172701),
	(12, 'Breda', 'NLD', 'Noord-Brabant', 160398),
	(13, 'Apeldoorn', 'NLD', 'Gelderland', 153491),
	(14, 'Nijmegen', 'NLD', 'Gelderland', 152463),
	(15, 'Enschede', 'NLD', 'Overijssel', 149544),
	(16, 'Haarlem', 'NLD', 'Noord-Holland', 148772),
	(17, 'Almere', 'NLD', 'Flevoland', 142465),
	(18, 'Arnhem', 'NLD', 'Gelderland', 138020),
	(19, 'Zaanstad', 'NLD', 'Noord-Holland', 135621),
	(20, '´s-Hertogenbosch', 'NLD', 'Noord-Brabant', 129170),
	(21, 'Amersfoort', 'NLD', 'Utrecht', 126270),
	(22, 'Maastricht', 'NLD', 'Limburg', 122087),
	(23, 'Dordrecht', 'NLD', 'Zuid-Holland', 119811),
	(24, 'Leiden', 'NLD', 'Zuid-Holland', 117196),
	(25, 'Haarlemmermeer', 'NLD', 'Noord-Holland', 110722),
	(26, 'Zoetermeer', 'NLD', 'Zuid-Holland', 110214),
	(27, 'Emmen', 'NLD', 'Drenthe', 105853),
	(28, 'Zwolle', 'NLD', 'Overijssel', 105819),
	(29, 'Ede', 'NLD', 'Gelderland', 101574),
	(30, 'Delft', 'NLD', 'Zuid-Holland', 95268),
	(31, 'Heerlen', 'NLD', 'Limburg', 95052),
	(32, 'Alkmaar', 'NLD', 'Noord-Holland', 92713),
	(33, 'Willemstad', 'ANT', 'Curaçao', 2345),
	(34, 'Tirana', 'ALB', 'Tirana', 270000),
	(35, 'Alger', 'DZA', 'Alger', 2168000),
	(36, 'Oran', 'DZA', 'Oran', 609823),
	(37, 'Constantine', 'DZA', 'Constantine', 443727),
	(38, 'Annaba', 'DZA', 'Annaba', 222518),
	(39, 'Batna', 'DZA', 'Batna', 183377),
	(40, 'Sétif', 'DZA', 'Sétif', 179055),
	(41, 'Sidi Bel Abbès', 'DZA', 'Sidi Bel Abbès', 153106),
	(42, 'Skikda', 'DZA', 'Skikda', 128747),
	(43, 'Biskra', 'DZA', 'Biskra', 128281),
	(44, 'Blida (el-Boulaida)', 'DZA', 'Blida', 127284),
	(45, 'Béjaïa', 'DZA', 'Béjaïa', 117162),
	(46, 'Mostaganem', 'DZA', 'Mostaganem', 115212),
	(47, 'Tébessa', 'DZA', 'Tébessa', 112007),
	(48, 'Tlemcen (Tilimsen)', 'DZA', 'Tlemcen', 110242),
	(49, 'Béchar', 'DZA', 'Béchar', 107311),
	(50, 'Tiaret', 'DZA', 'Tiaret', 100118),
	(51, 'Ech-Chleff (el-Asnam)', 'DZA', 'Chlef', 96794),
	(52, 'Ghardaïa', 'DZA', 'Ghardaïa', 89415),
	(53, 'Tafuna', 'ASM', 'Tutuila', 5200),
	(54, 'Fagatogo', 'ASM', 'Tutuila', 2323),
	(55, 'Andorra la Vella', 'AND', 'Andorra la Vella', 21189),
	(56, 'Luanda', 'AGO', 'Luanda', 2022000),
	(57, 'Huambo', 'AGO', 'Huambo', 163100),
	(58, 'Lobito', 'AGO', 'Benguela', 130000),
	(59, 'Benguela', 'AGO', 'Benguela', 128300),
	(60, 'Namibe', 'AGO', 'Namibe', 118200),
	(61, 'South Hill', 'AIA', '–', 961),
	(62, 'The Valley', 'AIA', '–', 595),
	(63, 'Saint John´s', 'ATG', 'St John', 24000),
	(64, 'Dubai', 'ARE', 'Dubai', 669181),
	(65, 'Abu Dhabi', 'ARE', 'Abu Dhabi', 398695),
	(66, 'Sharja', 'ARE', 'Sharja', 320095),
	(67, 'al-Ayn', 'ARE', 'Abu Dhabi', 225970),
	(68, 'Ajman', 'ARE', 'Ajman', 114395),
	(69, 'Buenos Aires', 'ARG', 'Distrito Federal', 2982146),
	(70, 'La Matanza', 'ARG', 'Buenos Aires', 1266461),
	(71, 'Córdoba', 'ARG', 'Córdoba', 1157507),
	(72, 'Rosario', 'ARG', 'Santa Fé', 907718),
	(73, 'Lomas de Zamora', 'ARG', 'Buenos Aires', 622013),
	(74, 'Quilmes', 'ARG', 'Buenos Aires', 559249),
	(75, 'Almirante Brown', 'ARG', 'Buenos Aires', 538918),
	(76, 'La Plata', 'ARG', 'Buenos Aires', 521936),
	(77, 'Mar del Plata', 'ARG', 'Buenos Aires', 512880),
	(78, 'San Miguel de Tucumán', 'ARG', 'Tucumán', 470809),
	(79, 'Lanús', 'ARG', 'Buenos Aires', 469735),
	(80, 'Merlo', 'ARG', 'Buenos Aires', 463846),
	(81, 'General San Martín', 'ARG', 'Buenos Aires', 422542),
	(82, 'Salta', 'ARG', 'Salta', 367550),
	(83, 'Moreno', 'ARG', 'Buenos Aires', 356993),
	(84, 'Santa Fé', 'ARG', 'Santa Fé', 353063),
	(85, 'Avellaneda', 'ARG', 'Buenos Aires', 353046),
	(86, 'Tres de Febrero', 'ARG', 'Buenos Aires', 352311),
	(87, 'Morón', 'ARG', 'Buenos Aires', 349246),
	(88, 'Florencio Varela', 'ARG', 'Buenos Aires', 315432),
	(89, 'San Isidro', 'ARG', 'Buenos Aires', 306341),
	(90, 'Tigre', 'ARG', 'Buenos Aires', 296226),
	(91, 'Malvinas Argentinas', 'ARG', 'Buenos Aires', 290335),
	(92, 'Vicente López', 'ARG', 'Buenos Aires', 288341),
	(93, 'Berazategui', 'ARG', 'Buenos Aires', 276916),
	(94, 'Corrientes', 'ARG', 'Corrientes', 258103),
	(95, 'San Miguel', 'ARG', 'Buenos Aires', 248700),
	(96, 'Bahía Blanca', 'ARG', 'Buenos Aires', 239810),
	(97, 'Esteban Echeverría', 'ARG', 'Buenos Aires', 235760),
	(98, 'Resistencia', 'ARG', 'Chaco', 229212),
	(99, 'José C. Paz', 'ARG', 'Buenos Aires', 221754),
	(100, 'Paraná', 'ARG', 'Entre Rios', 207041),
	(101, 'Godoy Cruz', 'ARG', 'Mendoza', 206998),
	(102, 'Posadas', 'ARG', 'Misiones', 201273),
	(103, 'Guaymallén', 'ARG', 'Mendoza', 200595),
	(104, 'Santiago del Estero', 'ARG', 'Santiago del Estero', 189947),
	(105, 'San Salvador de Jujuy', 'ARG', 'Jujuy', 178748),
	(106, 'Hurlingham', 'ARG', 'Buenos Aires', 170028),
	(107, 'Neuquén', 'ARG', 'Neuquén', 167296),
	(108, 'Ituzaingó', 'ARG', 'Buenos Aires', 158197),
	(109, 'San Fernando', 'ARG', 'Buenos Aires', 153036),
	(110, 'Formosa', 'ARG', 'Formosa', 147636),
	(111, 'Las Heras', 'ARG', 'Mendoza', 145823),
	(112, 'La Rioja', 'ARG', 'La Rioja', 138117),
	(113, 'San Fernando del Valle de Cata', 'ARG', 'Catamarca', 134935),
	(114, 'Río Cuarto', 'ARG', 'Córdoba', 134355),
	(115, 'Comodoro Rivadavia', 'ARG', 'Chubut', 124104),
	(116, 'Mendoza', 'ARG', 'Mendoza', 123027),
	(117, 'San Nicolás de los Arroyos', 'ARG', 'Buenos Aires', 119302),
	(118, 'San Juan', 'ARG', 'San Juan', 119152),
	(119, 'Escobar', 'ARG', 'Buenos Aires', 116675),
	(120, 'Concordia', 'ARG', 'Entre Rios', 116485),
	(121, 'Pilar', 'ARG', 'Buenos Aires', 113428),
	(122, 'San Luis', 'ARG', 'San Luis', 110136),
	(123, 'Ezeiza', 'ARG', 'Buenos Aires', 99578),
	(124, 'San Rafael', 'ARG', 'Mendoza', 94651),
	(125, 'Tandil', 'ARG', 'Buenos Aires', 91101),
	(126, 'Yerevan', 'ARM', 'Yerevan', 1248700),
	(127, 'Gjumri', 'ARM', 'Širak', 211700),
	(128, 'Vanadzor', 'ARM', 'Lori', 172700),
	(129, 'Oranjestad', 'ABW', '–', 29034),
	(130, 'Sydney', 'AUS', 'New South Wales', 3276207),
	(131, 'Melbourne', 'AUS', 'Victoria', 2865329),
	(132, 'Brisbane', 'AUS', 'Queensland', 1291117),
	(133, 'Perth', 'AUS', 'West Australia', 1096829),
	(134, 'Adelaide', 'AUS', 'South Australia', 978100),
	(135, 'Canberra', 'AUS', 'Capital Region', 322723),
	(136, 'Gold Coast', 'AUS', 'Queensland', 311932),
	(137, 'Newcastle', 'AUS', 'New South Wales', 270324),
	(138, 'Central Coast', 'AUS', 'New South Wales', 227657),
	(139, 'Wollongong', 'AUS', 'New South Wales', 219761),
	(140, 'Hobart', 'AUS', 'Tasmania', 126118),
	(141, 'Geelong', 'AUS', 'Victoria', 125382),
	(142, 'Townsville', 'AUS', 'Queensland', 109914),
	(143, 'Cairns', 'AUS', 'Queensland', 92273),
	(144, 'Baku', 'AZE', 'Baki', 1787800),
	(145, 'Gäncä', 'AZE', 'Gäncä', 299300),
	(146, 'Sumqayit', 'AZE', 'Sumqayit', 283000),
	(147, 'Mingäçevir', 'AZE', 'Mingäçevir', 93900),
	(148, 'Nassau', 'BHS', 'New Providence', 172000),
	(149, 'al-Manama', 'BHR', 'al-Manama', 148000),
	(150, 'Dhaka', 'BGD', 'Dhaka', 3612850),
	(151, 'Chittagong', 'BGD', 'Chittagong', 1392860),
	(152, 'Khulna', 'BGD', 'Khulna', 663340),
	(153, 'Rajshahi', 'BGD', 'Rajshahi', 294056),
	(154, 'Narayanganj', 'BGD', 'Dhaka', 202134),
	(155, 'Rangpur', 'BGD', 'Rajshahi', 191398),
	(156, 'Mymensingh', 'BGD', 'Dhaka', 188713),
	(157, 'Barisal', 'BGD', 'Barisal', 170232),
	(158, 'Tungi', 'BGD', 'Dhaka', 168702),
	(159, 'Jessore', 'BGD', 'Khulna', 139710),
	(160, 'Comilla', 'BGD', 'Chittagong', 135313),
	(161, 'Nawabganj', 'BGD', 'Rajshahi', 130577),
	(162, 'Dinajpur', 'BGD', 'Rajshahi', 127815),
	(163, 'Bogra', 'BGD', 'Rajshahi', 120170),
	(164, 'Sylhet', 'BGD', 'Sylhet', 117396),
	(165, 'Brahmanbaria', 'BGD', 'Chittagong', 109032),
	(166, 'Tangail', 'BGD', 'Dhaka', 106004),
	(167, 'Jamalpur', 'BGD', 'Dhaka', 103556),
	(168, 'Pabna', 'BGD', 'Rajshahi', 103277),
	(169, 'Naogaon', 'BGD', 'Rajshahi', 101266),
	(170, 'Sirajganj', 'BGD', 'Rajshahi', 99669),
	(171, 'Narsinghdi', 'BGD', 'Dhaka', 98342),
	(172, 'Saidpur', 'BGD', 'Rajshahi', 96777),
	(173, 'Gazipur', 'BGD', 'Dhaka', 96717),
	(174, 'Bridgetown', 'BRB', 'St Michael', 6070),
	(175, 'Antwerpen', 'BEL', 'Antwerpen', 446525),
	(176, 'Gent', 'BEL', 'East Flanderi', 224180),
	(177, 'Charleroi', 'BEL', 'Hainaut', 200827),
	(178, 'Liège', 'BEL', 'Liège', 185639),
	(179, 'Bruxelles [Brussel]', 'BEL', 'Bryssel', 133859),
	(180, 'Brugge', 'BEL', 'West Flanderi', 116246),
	(181, 'Schaerbeek', 'BEL', 'Bryssel', 105692),
	(182, 'Namur', 'BEL', 'Namur', 105419),
	(183, 'Mons', 'BEL', 'Hainaut', 90935),
	(184, 'Belize City', 'BLZ', 'Belize City', 55810),
	(185, 'Belmopan', 'BLZ', 'Cayo', 7105),
	(186, 'Cotonou', 'BEN', 'Atlantique', 536827),
	(187, 'Porto-Novo', 'BEN', 'Ouémé', 194000),
	(188, 'Djougou', 'BEN', 'Atacora', 134099),
	(189, 'Parakou', 'BEN', 'Borgou', 103577),
	(190, 'Saint George', 'BMU', 'Saint George´s', 1800),
	(191, 'Hamilton', 'BMU', 'Hamilton', 1200),
	(192, 'Thimphu', 'BTN', 'Thimphu', 22000),
	(193, 'Santa Cruz de la Sierra', 'BOL', 'Santa Cruz', 935361),
	(194, 'La Paz', 'BOL', 'La Paz', 758141),
	(195, 'El Alto', 'BOL', 'La Paz', 534466),
	(196, 'Cochabamba', 'BOL', 'Cochabamba', 482800),
	(197, 'Oruro', 'BOL', 'Oruro', 223553),
	(198, 'Sucre', 'BOL', 'Chuquisaca', 178426),
	(199, 'Potosí', 'BOL', 'Potosí', 140642),
	(200, 'Tarija', 'BOL', 'Tarija', 125255),
	(201, 'Sarajevo', 'BIH', 'Federaatio', 360000),
	(202, 'Banja Luka', 'BIH', 'Republika Srpska', 143079),
	(203, 'Zenica', 'BIH', 'Federaatio', 96027),
	(204, 'Gaborone', 'BWA', 'Gaborone', 213017),
	(205, 'Francistown', 'BWA', 'Francistown', 101805),
	(206, 'São Paulo', 'BRA', 'São Paulo', 9968485),
	(207, 'Rio de Janeiro', 'BRA', 'Rio de Janeiro', 5598953),
	(208, 'Salvador', 'BRA', 'Bahia', 2302832),
	(209, 'Belo Horizonte', 'BRA', 'Minas Gerais', 2139125),
	(210, 'Fortaleza', 'BRA', 'Ceará', 2097757),
	(211, 'Brasília', 'BRA', 'Distrito Federal', 1969868),
	(212, 'Curitiba', 'BRA', 'Paraná', 1584232),
	(213, 'Recife', 'BRA', 'Pernambuco', 1378087),
	(214, 'Porto Alegre', 'BRA', 'Rio Grande do Sul', 1314032),
	(215, 'Manaus', 'BRA', 'Amazonas', 1255049),
	(216, 'Belém', 'BRA', 'Pará', 1186926),
	(217, 'Guarulhos', 'BRA', 'São Paulo', 1095874),
	(218, 'Goiânia', 'BRA', 'Goiás', 1056330),
	(219, 'Campinas', 'BRA', 'São Paulo', 950043),
	(220, 'São Gonçalo', 'BRA', 'Rio de Janeiro', 869254),
	(221, 'Nova Iguaçu', 'BRA', 'Rio de Janeiro', 862225),
	(222, 'São Luís', 'BRA', 'Maranhão', 837588),
	(223, 'Maceió', 'BRA', 'Alagoas', 786288),
	(224, 'Duque de Caxias', 'BRA', 'Rio de Janeiro', 746758),
	(225, 'São Bernardo do Campo', 'BRA', 'São Paulo', 723132),
	(226, 'Teresina', 'BRA', 'Piauí', 691942),
	(227, 'Natal', 'BRA', 'Rio Grande do Norte', 688955),
	(228, 'Osasco', 'BRA', 'São Paulo', 659604),
	(229, 'Campo Grande', 'BRA', 'Mato Grosso do Sul', 649593),
	(230, 'Santo André', 'BRA', 'São Paulo', 630073),
	(231, 'João Pessoa', 'BRA', 'Paraíba', 584029),
	(232, 'Jaboatão dos Guararapes', 'BRA', 'Pernambuco', 558680),
	(233, 'Contagem', 'BRA', 'Minas Gerais', 520801),
	(234, 'São José dos Campos', 'BRA', 'São Paulo', 515553),
	(235, 'Uberlândia', 'BRA', 'Minas Gerais', 487222),
	(236, 'Feira de Santana', 'BRA', 'Bahia', 479992),
	(237, 'Ribeirão Preto', 'BRA', 'São Paulo', 473276),
	(238, 'Sorocaba', 'BRA', 'São Paulo', 466823),
	(239, 'Niterói', 'BRA', 'Rio de Janeiro', 459884),
	(240, 'Cuiabá', 'BRA', 'Mato Grosso', 453813),
	(241, 'Juiz de Fora', 'BRA', 'Minas Gerais', 450288),
	(242, 'Aracaju', 'BRA', 'Sergipe', 445555),
	(243, 'São João de Meriti', 'BRA', 'Rio de Janeiro', 440052),
	(244, 'Londrina', 'BRA', 'Paraná', 432257),
	(245, 'Joinville', 'BRA', 'Santa Catarina', 428011),
	(246, 'Belford Roxo', 'BRA', 'Rio de Janeiro', 425194),
	(247, 'Santos', 'BRA', 'São Paulo', 408748),
	(248, 'Ananindeua', 'BRA', 'Pará', 400940),
	(249, 'Campos dos Goytacazes', 'BRA', 'Rio de Janeiro', 398418),
	(250, 'Mauá', 'BRA', 'São Paulo', 375055),
	(251, 'Carapicuíba', 'BRA', 'São Paulo', 357552),
	(252, 'Olinda', 'BRA', 'Pernambuco', 354732),
	(253, 'Campina Grande', 'BRA', 'Paraíba', 352497),
	(254, 'São José do Rio Preto', 'BRA', 'São Paulo', 351944),
	(255, 'Caxias do Sul', 'BRA', 'Rio Grande do Sul', 349581),
	(256, 'Moji das Cruzes', 'BRA', 'São Paulo', 339194),
	(257, 'Diadema', 'BRA', 'São Paulo', 335078),
	(258, 'Aparecida de Goiânia', 'BRA', 'Goiás', 324662),
	(259, 'Piracicaba', 'BRA', 'São Paulo', 319104),
	(260, 'Cariacica', 'BRA', 'Espírito Santo', 319033),
	(261, 'Vila Velha', 'BRA', 'Espírito Santo', 318758),
	(262, 'Pelotas', 'BRA', 'Rio Grande do Sul', 315415),
	(263, 'Bauru', 'BRA', 'São Paulo', 313670),
	(264, 'Porto Velho', 'BRA', 'Rondônia', 309750),
	(265, 'Serra', 'BRA', 'Espírito Santo', 302666),
	(266, 'Betim', 'BRA', 'Minas Gerais', 302108),
	(267, 'Jundíaí', 'BRA', 'São Paulo', 296127),
	(268, 'Canoas', 'BRA', 'Rio Grande do Sul', 294125),
	(269, 'Franca', 'BRA', 'São Paulo', 290139),
	(270, 'São Vicente', 'BRA', 'São Paulo', 286848),
	(271, 'Maringá', 'BRA', 'Paraná', 286461),
	(272, 'Montes Claros', 'BRA', 'Minas Gerais', 286058),
	(273, 'Anápolis', 'BRA', 'Goiás', 282197),
	(274, 'Florianópolis', 'BRA', 'Santa Catarina', 281928),
	(275, 'Petrópolis', 'BRA', 'Rio de Janeiro', 279183),
	(276, 'Itaquaquecetuba', 'BRA', 'São Paulo', 270874),
	(277, 'Vitória', 'BRA', 'Espírito Santo', 270626),
	(278, 'Ponta Grossa', 'BRA', 'Paraná', 268013),
	(279, 'Rio Branco', 'BRA', 'Acre', 259537),
	(280, 'Foz do Iguaçu', 'BRA', 'Paraná', 259425),
	(281, 'Macapá', 'BRA', 'Amapá', 256033),
	(282, 'Ilhéus', 'BRA', 'Bahia', 254970),
	(283, 'Vitória da Conquista', 'BRA', 'Bahia', 253587),
	(284, 'Uberaba', 'BRA', 'Minas Gerais', 249225),
	(285, 'Paulista', 'BRA', 'Pernambuco', 248473),
	(286, 'Limeira', 'BRA', 'São Paulo', 245497),
	(287, 'Blumenau', 'BRA', 'Santa Catarina', 244379),
	(288, 'Caruaru', 'BRA', 'Pernambuco', 244247),
	(289, 'Santarém', 'BRA', 'Pará', 241771),
	(290, 'Volta Redonda', 'BRA', 'Rio de Janeiro', 240315),
	(291, 'Novo Hamburgo', 'BRA', 'Rio Grande do Sul', 239940),
	(292, 'Caucaia', 'BRA', 'Ceará', 238738),
	(293, 'Santa Maria', 'BRA', 'Rio Grande do Sul', 238473),
	(294, 'Cascavel', 'BRA', 'Paraná', 237510),
	(295, 'Guarujá', 'BRA', 'São Paulo', 237206),
	(296, 'Ribeirão das Neves', 'BRA', 'Minas Gerais', 232685),
	(297, 'Governador Valadares', 'BRA', 'Minas Gerais', 231724),
	(298, 'Taubaté', 'BRA', 'São Paulo', 229130),
	(299, 'Imperatriz', 'BRA', 'Maranhão', 224564),
	(300, 'Gravataí', 'BRA', 'Rio Grande do Sul', 223011),
	(301, 'Embu', 'BRA', 'São Paulo', 222223),
	(302, 'Mossoró', 'BRA', 'Rio Grande do Norte', 214901),
	(303, 'Várzea Grande', 'BRA', 'Mato Grosso', 214435),
	(304, 'Petrolina', 'BRA', 'Pernambuco', 210540),
	(305, 'Barueri', 'BRA', 'São Paulo', 208426),
	(306, 'Viamão', 'BRA', 'Rio Grande do Sul', 207557),
	(307, 'Ipatinga', 'BRA', 'Minas Gerais', 206338),
	(308, 'Juazeiro', 'BRA', 'Bahia', 201073),
	(309, 'Juazeiro do Norte', 'BRA', 'Ceará', 199636),
	(310, 'Taboão da Serra', 'BRA', 'São Paulo', 197550),
	(311, 'São José dos Pinhais', 'BRA', 'Paraná', 196884),
	(312, 'Magé', 'BRA', 'Rio de Janeiro', 196147),
	(313, 'Suzano', 'BRA', 'São Paulo', 195434),
	(314, 'São Leopoldo', 'BRA', 'Rio Grande do Sul', 189258),
	(315, 'Marília', 'BRA', 'São Paulo', 188691),
	(316, 'São Carlos', 'BRA', 'São Paulo', 187122),
	(317, 'Sumaré', 'BRA', 'São Paulo', 186205),
	(318, 'Presidente Prudente', 'BRA', 'São Paulo', 185340),
	(319, 'Divinópolis', 'BRA', 'Minas Gerais', 185047),
	(320, 'Sete Lagoas', 'BRA', 'Minas Gerais', 182984),
	(321, 'Rio Grande', 'BRA', 'Rio Grande do Sul', 182222),
	(322, 'Itabuna', 'BRA', 'Bahia', 182148),
	(323, 'Jequié', 'BRA', 'Bahia', 179128),
	(324, 'Arapiraca', 'BRA', 'Alagoas', 178988),
	(325, 'Colombo', 'BRA', 'Paraná', 177764),
	(326, 'Americana', 'BRA', 'São Paulo', 177409),
	(327, 'Alvorada', 'BRA', 'Rio Grande do Sul', 175574),
	(328, 'Araraquara', 'BRA', 'São Paulo', 174381),
	(329, 'Itaboraí', 'BRA', 'Rio de Janeiro', 173977),
	(330, 'Santa Bárbara d´Oeste', 'BRA', 'São Paulo', 171657),
	(331, 'Nova Friburgo', 'BRA', 'Rio de Janeiro', 170697),
	(332, 'Jacareí', 'BRA', 'São Paulo', 170356),
	(333, 'Araçatuba', 'BRA', 'São Paulo', 169303),
	(334, 'Barra Mansa', 'BRA', 'Rio de Janeiro', 168953),
	(335, 'Praia Grande', 'BRA', 'São Paulo', 168434),
	(336, 'Marabá', 'BRA', 'Pará', 167795),
	(337, 'Criciúma', 'BRA', 'Santa Catarina', 167661),
	(338, 'Boa Vista', 'BRA', 'Roraima', 167185),
	(339, 'Passo Fundo', 'BRA', 'Rio Grande do Sul', 166343),
	(340, 'Dourados', 'BRA', 'Mato Grosso do Sul', 164716),
	(341, 'Santa Luzia', 'BRA', 'Minas Gerais', 164704),
	(342, 'Rio Claro', 'BRA', 'São Paulo', 163551),
	(343, 'Maracanaú', 'BRA', 'Ceará', 162022),
	(344, 'Guarapuava', 'BRA', 'Paraná', 160510),
	(345, 'Rondonópolis', 'BRA', 'Mato Grosso', 155115),
	(346, 'São José', 'BRA', 'Santa Catarina', 155105),
	(347, 'Cachoeiro de Itapemirim', 'BRA', 'Espírito Santo', 155024),
	(348, 'Nilópolis', 'BRA', 'Rio de Janeiro', 153383),
	(349, 'Itapevi', 'BRA', 'São Paulo', 150664),
	(350, 'Cabo de Santo Agostinho', 'BRA', 'Pernambuco', 149964),
	(351, 'Camaçari', 'BRA', 'Bahia', 149146),
	(352, 'Sobral', 'BRA', 'Ceará', 146005),
	(353, 'Itajaí', 'BRA', 'Santa Catarina', 145197),
	(354, 'Chapecó', 'BRA', 'Santa Catarina', 144158),
	(355, 'Cotia', 'BRA', 'São Paulo', 140042),
	(356, 'Lages', 'BRA', 'Santa Catarina', 139570),
	(357, 'Ferraz de Vasconcelos', 'BRA', 'São Paulo', 139283),
	(358, 'Indaiatuba', 'BRA', 'São Paulo', 135968),
	(359, 'Hortolândia', 'BRA', 'São Paulo', 135755),
	(360, 'Caxias', 'BRA', 'Maranhão', 133980),
	(361, 'São Caetano do Sul', 'BRA', 'São Paulo', 133321),
	(362, 'Itu', 'BRA', 'São Paulo', 132736),
	(363, 'Nossa Senhora do Socorro', 'BRA', 'Sergipe', 131351),
	(364, 'Parnaíba', 'BRA', 'Piauí', 129756),
	(365, 'Poços de Caldas', 'BRA', 'Minas Gerais', 129683),
	(366, 'Teresópolis', 'BRA', 'Rio de Janeiro', 128079),
	(367, 'Barreiras', 'BRA', 'Bahia', 127801),
	(368, 'Castanhal', 'BRA', 'Pará', 127634),
	(369, 'Alagoinhas', 'BRA', 'Bahia', 126820),
	(370, 'Itapecerica da Serra', 'BRA', 'São Paulo', 126672),
	(371, 'Uruguaiana', 'BRA', 'Rio Grande do Sul', 126305),
	(372, 'Paranaguá', 'BRA', 'Paraná', 126076),
	(373, 'Ibirité', 'BRA', 'Minas Gerais', 125982),
	(374, 'Timon', 'BRA', 'Maranhão', 125812),
	(375, 'Luziânia', 'BRA', 'Goiás', 125597),
	(376, 'Macaé', 'BRA', 'Rio de Janeiro', 125597),
	(377, 'Teófilo Otoni', 'BRA', 'Minas Gerais', 124489),
	(378, 'Moji-Guaçu', 'BRA', 'São Paulo', 123782),
	(379, 'Palmas', 'BRA', 'Tocantins', 121919),
	(380, 'Pindamonhangaba', 'BRA', 'São Paulo', 121904),
	(381, 'Francisco Morato', 'BRA', 'São Paulo', 121197),
	(382, 'Bagé', 'BRA', 'Rio Grande do Sul', 120793),
	(383, 'Sapucaia do Sul', 'BRA', 'Rio Grande do Sul', 120217),
	(384, 'Cabo Frio', 'BRA', 'Rio de Janeiro', 119503),
	(385, 'Itapetininga', 'BRA', 'São Paulo', 119391),
	(386, 'Patos de Minas', 'BRA', 'Minas Gerais', 119262),
	(387, 'Camaragibe', 'BRA', 'Pernambuco', 118968),
	(388, 'Bragança Paulista', 'BRA', 'São Paulo', 116929),
	(389, 'Queimados', 'BRA', 'Rio de Janeiro', 115020),
	(390, 'Araguaína', 'BRA', 'Tocantins', 114948),
	(391, 'Garanhuns', 'BRA', 'Pernambuco', 114603),
	(392, 'Vitória de Santo Antão', 'BRA', 'Pernambuco', 113595),
	(393, 'Santa Rita', 'BRA', 'Paraíba', 113135),
	(394, 'Barbacena', 'BRA', 'Minas Gerais', 113079),
	(395, 'Abaetetuba', 'BRA', 'Pará', 111258),
	(396, 'Jaú', 'BRA', 'São Paulo', 109965),
	(397, 'Lauro de Freitas', 'BRA', 'Bahia', 109236),
	(398, 'Franco da Rocha', 'BRA', 'São Paulo', 108964),
	(399, 'Teixeira de Freitas', 'BRA', 'Bahia', 108441),
	(400, 'Varginha', 'BRA', 'Minas Gerais', 108314),
	(401, 'Ribeirão Pires', 'BRA', 'São Paulo', 108121),
	(402, 'Sabará', 'BRA', 'Minas Gerais', 107781),
	(403, 'Catanduva', 'BRA', 'São Paulo', 107761),
	(404, 'Rio Verde', 'BRA', 'Goiás', 107755),
	(405, 'Botucatu', 'BRA', 'São Paulo', 107663),
	(406, 'Colatina', 'BRA', 'Espírito Santo', 107354),
	(407, 'Santa Cruz do Sul', 'BRA', 'Rio Grande do Sul', 106734),
	(408, 'Linhares', 'BRA', 'Espírito Santo', 106278),
	(409, 'Apucarana', 'BRA', 'Paraná', 105114),
	(410, 'Barretos', 'BRA', 'São Paulo', 104156),
	(411, 'Guaratinguetá', 'BRA', 'São Paulo', 103433),
	(412, 'Cachoeirinha', 'BRA', 'Rio Grande do Sul', 103240),
	(413, 'Codó', 'BRA', 'Maranhão', 103153),
	(414, 'Jaraguá do Sul', 'BRA', 'Santa Catarina', 102580),
	(415, 'Cubatão', 'BRA', 'São Paulo', 102372),
	(416, 'Itabira', 'BRA', 'Minas Gerais', 102217),
	(417, 'Itaituba', 'BRA', 'Pará', 101320),
	(418, 'Araras', 'BRA', 'São Paulo', 101046),
	(419, 'Resende', 'BRA', 'Rio de Janeiro', 100627),
	(420, 'Atibaia', 'BRA', 'São Paulo', 100356),
	(421, 'Pouso Alegre', 'BRA', 'Minas Gerais', 100028),
	(422, 'Toledo', 'BRA', 'Paraná', 99387),
	(423, 'Crato', 'BRA', 'Ceará', 98965),
	(424, 'Passos', 'BRA', 'Minas Gerais', 98570),
	(425, 'Araguari', 'BRA', 'Minas Gerais', 98399),
	(426, 'São José de Ribamar', 'BRA', 'Maranhão', 98318),
	(427, 'Pinhais', 'BRA', 'Paraná', 98198),
	(428, 'Sertãozinho', 'BRA', 'São Paulo', 98140),
	(429, 'Conselheiro Lafaiete', 'BRA', 'Minas Gerais', 97507),
	(430, 'Paulo Afonso', 'BRA', 'Bahia', 97291),
	(431, 'Angra dos Reis', 'BRA', 'Rio de Janeiro', 96864),
	(432, 'Eunápolis', 'BRA', 'Bahia', 96610),
	(433, 'Salto', 'BRA', 'São Paulo', 96348),
	(434, 'Ourinhos', 'BRA', 'São Paulo', 96291),
	(435, 'Parnamirim', 'BRA', 'Rio Grande do Norte', 96210),
	(436, 'Jacobina', 'BRA', 'Bahia', 96131),
	(437, 'Coronel Fabriciano', 'BRA', 'Minas Gerais', 95933),
	(438, 'Birigui', 'BRA', 'São Paulo', 94685),
	(439, 'Tatuí', 'BRA', 'São Paulo', 93897),
	(440, 'Ji-Paraná', 'BRA', 'Rondônia', 93346),
	(441, 'Bacabal', 'BRA', 'Maranhão', 93121),
	(442, 'Cametá', 'BRA', 'Pará', 92779),
	(443, 'Guaíba', 'BRA', 'Rio Grande do Sul', 92224),
	(444, 'São Lourenço da Mata', 'BRA', 'Pernambuco', 91999),
	(445, 'Santana do Livramento', 'BRA', 'Rio Grande do Sul', 91779),
	(446, 'Votorantim', 'BRA', 'São Paulo', 91777),
	(447, 'Campo Largo', 'BRA', 'Paraná', 91203),
	(448, 'Patos', 'BRA', 'Paraíba', 90519),
	(449, 'Ituiutaba', 'BRA', 'Minas Gerais', 90507),
	(450, 'Corumbá', 'BRA', 'Mato Grosso do Sul', 90111),
	(451, 'Palhoça', 'BRA', 'Santa Catarina', 89465),
	(452, 'Barra do Piraí', 'BRA', 'Rio de Janeiro', 89388),
	(453, 'Bento Gonçalves', 'BRA', 'Rio Grande do Sul', 89254),
	(454, 'Poá', 'BRA', 'São Paulo', 89236),
	(455, 'Águas Lindas de Goiás', 'BRA', 'Goiás', 89200),
	(456, 'London', 'GBR', 'England', 7285000),
	(457, 'Birmingham', 'GBR', 'England', 1013000),
	(458, 'Glasgow', 'GBR', 'Scotland', 619680),
	(459, 'Liverpool', 'GBR', 'England', 461000),
	(460, 'Edinburgh', 'GBR', 'Scotland', 450180),
	(461, 'Sheffield', 'GBR', 'England', 431607),
	(462, 'Manchester', 'GBR', 'England', 430000),
	(463, 'Leeds', 'GBR', 'England', 424194),
	(464, 'Bristol', 'GBR', 'England', 402000),
	(465, 'Cardiff', 'GBR', 'Wales', 321000),
	(466, 'Coventry', 'GBR', 'England', 304000),
	(467, 'Leicester', 'GBR', 'England', 294000),
	(468, 'Bradford', 'GBR', 'England', 289376),
	(469, 'Belfast', 'GBR', 'North Ireland', 287500),
	(470, 'Nottingham', 'GBR', 'England', 287000),
	(471, 'Kingston upon Hull', 'GBR', 'England', 262000),
	(472, 'Plymouth', 'GBR', 'England', 253000),
	(473, 'Stoke-on-Trent', 'GBR', 'England', 252000),
	(474, 'Wolverhampton', 'GBR', 'England', 242000),
	(475, 'Derby', 'GBR', 'England', 236000),
	(476, 'Swansea', 'GBR', 'Wales', 230000),
	(477, 'Southampton', 'GBR', 'England', 216000),
	(478, 'Aberdeen', 'GBR', 'Scotland', 213070),
	(479, 'Northampton', 'GBR', 'England', 196000),
	(480, 'Dudley', 'GBR', 'England', 192171),
	(481, 'Portsmouth', 'GBR', 'England', 190000),
	(482, 'Newcastle upon Tyne', 'GBR', 'England', 189150),
	(483, 'Sunderland', 'GBR', 'England', 183310),
	(484, 'Luton', 'GBR', 'England', 183000),
	(485, 'Swindon', 'GBR', 'England', 180000),
	(486, 'Southend-on-Sea', 'GBR', 'England', 176000),
	(487, 'Walsall', 'GBR', 'England', 174739),
	(488, 'Bournemouth', 'GBR', 'England', 162000),
	(489, 'Peterborough', 'GBR', 'England', 156000),
	(490, 'Brighton', 'GBR', 'England', 156124),
	(491, 'Blackpool', 'GBR', 'England', 151000),
	(492, 'Dundee', 'GBR', 'Scotland', 146690),
	(493, 'West Bromwich', 'GBR', 'England', 146386),
	(494, 'Reading', 'GBR', 'England', 148000),
	(495, 'Oldbury/Smethwick (Warley)', 'GBR', 'England', 145542),
	(496, 'Middlesbrough', 'GBR', 'England', 145000),
	(497, 'Huddersfield', 'GBR', 'England', 143726),
	(498, 'Oxford', 'GBR', 'England', 144000),
	(499, 'Poole', 'GBR', 'England', 141000),
	(500, 'Bolton', 'GBR', 'England', 139020),
	(501, 'Blackburn', 'GBR', 'England', 140000),
	(502, 'Newport', 'GBR', 'Wales', 139000),
	(503, 'Preston', 'GBR', 'England', 135000),
	(504, 'Stockport', 'GBR', 'England', 132813),
	(505, 'Norwich', 'GBR', 'England', 124000),
	(506, 'Rotherham', 'GBR', 'England', 121380),
	(507, 'Cambridge', 'GBR', 'England', 121000),
	(508, 'Watford', 'GBR', 'England', 113080),
	(509, 'Ipswich', 'GBR', 'England', 114000),
	(510, 'Slough', 'GBR', 'England', 112000),
	(511, 'Exeter', 'GBR', 'England', 111000),
	(512, 'Cheltenham', 'GBR', 'England', 106000),
	(513, 'Gloucester', 'GBR', 'England', 107000),
	(514, 'Saint Helens', 'GBR', 'England', 106293),
	(515, 'Sutton Coldfield', 'GBR', 'England', 106001),
	(516, 'York', 'GBR', 'England', 104425),
	(517, 'Oldham', 'GBR', 'England', 103931),
	(518, 'Basildon', 'GBR', 'England', 100924),
	(519, 'Worthing', 'GBR', 'England', 100000),
	(520, 'Chelmsford', 'GBR', 'England', 97451),
	(521, 'Colchester', 'GBR', 'England', 96063),
	(522, 'Crawley', 'GBR', 'England', 97000),
	(523, 'Gillingham', 'GBR', 'England', 92000),
	(524, 'Solihull', 'GBR', 'England', 94531),
	(525, 'Rochdale', 'GBR', 'England', 94313),
	(526, 'Birkenhead', 'GBR', 'England', 93087),
	(527, 'Worcester', 'GBR', 'England', 95000),
	(528, 'Hartlepool', 'GBR', 'England', 92000),
	(529, 'Halifax', 'GBR', 'England', 91069),
	(530, 'Woking/Byfleet', 'GBR', 'England', 92000),
	(531, 'Southport', 'GBR', 'England', 90959),
	(532, 'Maidstone', 'GBR', 'England', 90878),
	(533, 'Eastbourne', 'GBR', 'England', 90000),
	(534, 'Grimsby', 'GBR', 'England', 89000),
	(535, 'Saint Helier', 'GBR', 'Jersey', 27523),
	(536, 'Douglas', 'GBR', '–', 23487),
	(537, 'Road Town', 'VGB', 'Tortola', 8000),
	(538, 'Bandar Seri Begawan', 'BRN', 'Brunei and Muara', 21484),
	(539, 'Sofija', 'BGR', 'Grad Sofija', 1122302),
	(540, 'Plovdiv', 'BGR', 'Plovdiv', 342584),
	(541, 'Varna', 'BGR', 'Varna', 299801),
	(542, 'Burgas', 'BGR', 'Burgas', 195255),
	(543, 'Ruse', 'BGR', 'Ruse', 166467),
	(544, 'Stara Zagora', 'BGR', 'Haskovo', 147939),
	(545, 'Pleven', 'BGR', 'Lovec', 121952),
	(546, 'Sliven', 'BGR', 'Burgas', 105530),
	(547, 'Dobric', 'BGR', 'Varna', 100399),
	(548, 'Šumen', 'BGR', 'Varna', 94686),
	(549, 'Ouagadougou', 'BFA', 'Kadiogo', 824000),
	(550, 'Bobo-Dioulasso', 'BFA', 'Houet', 300000),
	(551, 'Koudougou', 'BFA', 'Boulkiemdé', 105000),
	(552, 'Bujumbura', 'BDI', 'Bujumbura', 300000),
	(553, 'George Town', 'CYM', 'Grand Cayman', 19600),
	(554, 'Santiago de Chile', 'CHL', 'Santiago', 4703954),
	(555, 'Puente Alto', 'CHL', 'Santiago', 386236),
	(556, 'Viña del Mar', 'CHL', 'Valparaíso', 312493),
	(557, 'Valparaíso', 'CHL', 'Valparaíso', 293800),
	(558, 'Talcahuano', 'CHL', 'Bíobío', 277752),
	(559, 'Antofagasta', 'CHL', 'Antofagasta', 251429),
	(560, 'San Bernardo', 'CHL', 'Santiago', 241910),
	(561, 'Temuco', 'CHL', 'La Araucanía', 233041),
	(562, 'Concepción', 'CHL', 'Bíobío', 217664),
	(563, 'Rancagua', 'CHL', 'O´Higgins', 212977),
	(564, 'Arica', 'CHL', 'Tarapacá', 189036),
	(565, 'Talca', 'CHL', 'Maule', 187557),
	(566, 'Chillán', 'CHL', 'Bíobío', 178182),
	(567, 'Iquique', 'CHL', 'Tarapacá', 177892),
	(568, 'Los Angeles', 'CHL', 'Bíobío', 158215),
	(569, 'Puerto Montt', 'CHL', 'Los Lagos', 152194),
	(570, 'Coquimbo', 'CHL', 'Coquimbo', 143353),
	(571, 'Osorno', 'CHL', 'Los Lagos', 141468),
	(572, 'La Serena', 'CHL', 'Coquimbo', 137409),
	(573, 'Calama', 'CHL', 'Antofagasta', 137265),
	(574, 'Valdivia', 'CHL', 'Los Lagos', 133106),
	(575, 'Punta Arenas', 'CHL', 'Magallanes', 125631),
	(576, 'Copiapó', 'CHL', 'Atacama', 120128),
	(577, 'Quilpué', 'CHL', 'Valparaíso', 118857),
	(578, 'Curicó', 'CHL', 'Maule', 115766),
	(579, 'Ovalle', 'CHL', 'Coquimbo', 94854),
	(580, 'Coronel', 'CHL', 'Bíobío', 93061),
	(581, 'San Pedro de la Paz', 'CHL', 'Bíobío', 91684),
	(582, 'Melipilla', 'CHL', 'Santiago', 91056),
	(583, 'Avarua', 'COK', 'Rarotonga', 11900),
	(584, 'San José', 'CRI', 'San José', 339131),
	(585, 'Djibouti', 'DJI', 'Djibouti', 383000),
	(586, 'Roseau', 'DMA', 'St George', 16243),
	(587, 'Santo Domingo de Guzmán', 'DOM', 'Distrito Nacional', 1609966),
	(588, 'Santiago de los Caballeros', 'DOM', 'Santiago', 365463),
	(589, 'La Romana', 'DOM', 'La Romana', 140204),
	(590, 'San Pedro de Macorís', 'DOM', 'San Pedro de Macorís', 124735),
	(591, 'San Francisco de Macorís', 'DOM', 'Duarte', 108485),
	(592, 'San Felipe de Puerto Plata', 'DOM', 'Puerto Plata', 89423),
	(593, 'Guayaquil', 'ECU', 'Guayas', 2070040),
	(594, 'Quito', 'ECU', 'Pichincha', 1573458),
	(595, 'Cuenca', 'ECU', 'Azuay', 270353),
	(596, 'Machala', 'ECU', 'El Oro', 210368),
	(597, 'Santo Domingo de los Colorados', 'ECU', 'Pichincha', 202111),
	(598, 'Portoviejo', 'ECU', 'Manabí', 176413),
	(599, 'Ambato', 'ECU', 'Tungurahua', 169612),
	(600, 'Manta', 'ECU', 'Manabí', 164739),
	(601, 'Duran [Eloy Alfaro]', 'ECU', 'Guayas', 152514),
	(602, 'Ibarra', 'ECU', 'Imbabura', 130643),
	(603, 'Quevedo', 'ECU', 'Los Ríos', 129631),
	(604, 'Milagro', 'ECU', 'Guayas', 124177),
	(605, 'Loja', 'ECU', 'Loja', 123875),
	(606, 'Ríobamba', 'ECU', 'Chimborazo', 123163),
	(607, 'Esmeraldas', 'ECU', 'Esmeraldas', 123045),
	(608, 'Cairo', 'EGY', 'Kairo', 6789479),
	(609, 'Alexandria', 'EGY', 'Aleksandria', 3328196),
	(610, 'Giza', 'EGY', 'Giza', 2221868),
	(611, 'Shubra al-Khayma', 'EGY', 'al-Qalyubiya', 870716),
	(612, 'Port Said', 'EGY', 'Port Said', 469533),
	(613, 'Suez', 'EGY', 'Suez', 417610),
	(614, 'al-Mahallat al-Kubra', 'EGY', 'al-Gharbiya', 395402),
	(615, 'Tanta', 'EGY', 'al-Gharbiya', 371010),
	(616, 'al-Mansura', 'EGY', 'al-Daqahliya', 369621),
	(617, 'Luxor', 'EGY', 'Luxor', 360503),
	(618, 'Asyut', 'EGY', 'Asyut', 343498),
	(619, 'Bahtim', 'EGY', 'al-Qalyubiya', 275807),
	(620, 'Zagazig', 'EGY', 'al-Sharqiya', 267351),
	(621, 'al-Faiyum', 'EGY', 'al-Faiyum', 260964),
	(622, 'Ismailia', 'EGY', 'Ismailia', 254477),
	(623, 'Kafr al-Dawwar', 'EGY', 'al-Buhayra', 231978),
	(624, 'Assuan', 'EGY', 'Assuan', 219017),
	(625, 'Damanhur', 'EGY', 'al-Buhayra', 212203),
	(626, 'al-Minya', 'EGY', 'al-Minya', 201360),
	(627, 'Bani Suwayf', 'EGY', 'Bani Suwayf', 172032),
	(628, 'Qina', 'EGY', 'Qina', 171275),
	(629, 'Sawhaj', 'EGY', 'Sawhaj', 170125),
	(630, 'Shibin al-Kawm', 'EGY', 'al-Minufiya', 159909),
	(631, 'Bulaq al-Dakrur', 'EGY', 'Giza', 148787),
	(632, 'Banha', 'EGY', 'al-Qalyubiya', 145792),
	(633, 'Warraq al-Arab', 'EGY', 'Giza', 127108),
	(634, 'Kafr al-Shaykh', 'EGY', 'Kafr al-Shaykh', 124819),
	(635, 'Mallawi', 'EGY', 'al-Minya', 119283),
	(636, 'Bilbays', 'EGY', 'al-Sharqiya', 113608),
	(637, 'Mit Ghamr', 'EGY', 'al-Daqahliya', 101801),
	(638, 'al-Arish', 'EGY', 'Shamal Sina', 100447),
	(639, 'Talkha', 'EGY', 'al-Daqahliya', 97700),
	(640, 'Qalyub', 'EGY', 'al-Qalyubiya', 97200),
	(641, 'Jirja', 'EGY', 'Sawhaj', 95400),
	(642, 'Idfu', 'EGY', 'Qina', 94200),
	(643, 'al-Hawamidiya', 'EGY', 'Giza', 91700),
	(644, 'Disuq', 'EGY', 'Kafr al-Shaykh', 91300),
	(645, 'San Salvador', 'SLV', 'San Salvador', 415346),
	(646, 'Santa Ana', 'SLV', 'Santa Ana', 139389),
	(647, 'Mejicanos', 'SLV', 'San Salvador', 138800),
	(648, 'Soyapango', 'SLV', 'San Salvador', 129800),
	(649, 'San Miguel', 'SLV', 'San Miguel', 127696),
	(650, 'Nueva San Salvador', 'SLV', 'La Libertad', 98400),
	(651, 'Apopa', 'SLV', 'San Salvador', 88800),
	(652, 'Asmara', 'ERI', 'Maekel', 431000),
	(653, 'Madrid', 'ESP', 'Madrid', 2879052),
	(654, 'Barcelona', 'ESP', 'Katalonia', 1503451),
	(655, 'Valencia', 'ESP', 'Valencia', 739412),
	(656, 'Sevilla', 'ESP', 'Andalusia', 701927),
	(657, 'Zaragoza', 'ESP', 'Aragonia', 603367),
	(658, 'Málaga', 'ESP', 'Andalusia', 530553),
	(659, 'Bilbao', 'ESP', 'Baskimaa', 357589),
	(660, 'Las Palmas de Gran Canaria', 'ESP', 'Canary Islands', 354757),
	(661, 'Murcia', 'ESP', 'Murcia', 353504),
	(662, 'Palma de Mallorca', 'ESP', 'Balears', 326993),
	(663, 'Valladolid', 'ESP', 'Castilla and León', 319998),
	(664, 'Córdoba', 'ESP', 'Andalusia', 311708),
	(665, 'Vigo', 'ESP', 'Galicia', 283670),
	(666, 'Alicante [Alacant]', 'ESP', 'Valencia', 272432),
	(667, 'Gijón', 'ESP', 'Asturia', 267980),
	(668, 'L´Hospitalet de Llobregat', 'ESP', 'Katalonia', 247986),
	(669, 'Granada', 'ESP', 'Andalusia', 244767),
	(670, 'A Coruña (La Coruña)', 'ESP', 'Galicia', 243402),
	(671, 'Vitoria-Gasteiz', 'ESP', 'Baskimaa', 217154),
	(672, 'Santa Cruz de Tenerife', 'ESP', 'Canary Islands', 213050),
	(673, 'Badalona', 'ESP', 'Katalonia', 209635),
	(674, 'Oviedo', 'ESP', 'Asturia', 200453),
	(675, 'Móstoles', 'ESP', 'Madrid', 195351),
	(676, 'Elche [Elx]', 'ESP', 'Valencia', 193174),
	(677, 'Sabadell', 'ESP', 'Katalonia', 184859),
	(678, 'Santander', 'ESP', 'Cantabria', 184165),
	(679, 'Jerez de la Frontera', 'ESP', 'Andalusia', 182660),
	(680, 'Pamplona [Iruña]', 'ESP', 'Navarra', 180483),
	(681, 'Donostia-San Sebastián', 'ESP', 'Baskimaa', 179208),
	(682, 'Cartagena', 'ESP', 'Murcia', 177709),
	(683, 'Leganés', 'ESP', 'Madrid', 173163),
	(684, 'Fuenlabrada', 'ESP', 'Madrid', 171173),
	(685, 'Almería', 'ESP', 'Andalusia', 169027),
	(686, 'Terrassa', 'ESP', 'Katalonia', 168695),
	(687, 'Alcalá de Henares', 'ESP', 'Madrid', 164463),
	(688, 'Burgos', 'ESP', 'Castilla and León', 162802),
	(689, 'Salamanca', 'ESP', 'Castilla and León', 158720),
	(690, 'Albacete', 'ESP', 'Kastilia-La Mancha', 147527),
	(691, 'Getafe', 'ESP', 'Madrid', 145371),
	(692, 'Cádiz', 'ESP', 'Andalusia', 142449),
	(693, 'Alcorcón', 'ESP', 'Madrid', 142048),
	(694, 'Huelva', 'ESP', 'Andalusia', 140583),
	(695, 'León', 'ESP', 'Castilla and León', 139809),
	(696, 'Castellón de la Plana [Castell', 'ESP', 'Valencia', 139712),
	(697, 'Badajoz', 'ESP', 'Extremadura', 136613),
	(698, '[San Cristóbal de] la Laguna', 'ESP', 'Canary Islands', 127945),
	(699, 'Logroño', 'ESP', 'La Rioja', 127093),
	(700, 'Santa Coloma de Gramenet', 'ESP', 'Katalonia', 120802),
	(701, 'Tarragona', 'ESP', 'Katalonia', 113016),
	(702, 'Lleida (Lérida)', 'ESP', 'Katalonia', 112207),
	(703, 'Jaén', 'ESP', 'Andalusia', 109247),
	(704, 'Ourense (Orense)', 'ESP', 'Galicia', 109120),
	(705, 'Mataró', 'ESP', 'Katalonia', 104095),
	(706, 'Algeciras', 'ESP', 'Andalusia', 103106),
	(707, 'Marbella', 'ESP', 'Andalusia', 101144),
	(708, 'Barakaldo', 'ESP', 'Baskimaa', 98212),
	(709, 'Dos Hermanas', 'ESP', 'Andalusia', 94591),
	(710, 'Santiago de Compostela', 'ESP', 'Galicia', 93745),
	(711, 'Torrejón de Ardoz', 'ESP', 'Madrid', 92262),
	(712, 'Cape Town', 'ZAF', 'Western Cape', 2352121),
	(713, 'Soweto', 'ZAF', 'Gauteng', 904165),
	(714, 'Johannesburg', 'ZAF', 'Gauteng', 756653),
	(715, 'Port Elizabeth', 'ZAF', 'Eastern Cape', 752319),
	(716, 'Pretoria', 'ZAF', 'Gauteng', 658630),
	(717, 'Inanda', 'ZAF', 'KwaZulu-Natal', 634065),
	(718, 'Durban', 'ZAF', 'KwaZulu-Natal', 566120),
	(719, 'Vanderbijlpark', 'ZAF', 'Gauteng', 468931),
	(720, 'Kempton Park', 'ZAF', 'Gauteng', 442633),
	(721, 'Alberton', 'ZAF', 'Gauteng', 410102),
	(722, 'Pinetown', 'ZAF', 'KwaZulu-Natal', 378810),
	(723, 'Pietermaritzburg', 'ZAF', 'KwaZulu-Natal', 370190),
	(724, 'Benoni', 'ZAF', 'Gauteng', 365467),
	(725, 'Randburg', 'ZAF', 'Gauteng', 341288),
	(726, 'Umlazi', 'ZAF', 'KwaZulu-Natal', 339233),
	(727, 'Bloemfontein', 'ZAF', 'Free State', 334341),
	(728, 'Vereeniging', 'ZAF', 'Gauteng', 328535),
	(729, 'Wonderboom', 'ZAF', 'Gauteng', 283289),
	(730, 'Roodepoort', 'ZAF', 'Gauteng', 279340),
	(731, 'Boksburg', 'ZAF', 'Gauteng', 262648),
	(732, 'Klerksdorp', 'ZAF', 'North West', 261911),
	(733, 'Soshanguve', 'ZAF', 'Gauteng', 242727),
	(734, 'Newcastle', 'ZAF', 'KwaZulu-Natal', 222993),
	(735, 'East London', 'ZAF', 'Eastern Cape', 221047),
	(736, 'Welkom', 'ZAF', 'Free State', 203296),
	(737, 'Kimberley', 'ZAF', 'Northern Cape', 197254),
	(738, 'Uitenhage', 'ZAF', 'Eastern Cape', 192120),
	(739, 'Chatsworth', 'ZAF', 'KwaZulu-Natal', 189885),
	(740, 'Mdantsane', 'ZAF', 'Eastern Cape', 182639),
	(741, 'Krugersdorp', 'ZAF', 'Gauteng', 181503),
	(742, 'Botshabelo', 'ZAF', 'Free State', 177971),
	(743, 'Brakpan', 'ZAF', 'Gauteng', 171363),
	(744, 'Witbank', 'ZAF', 'Mpumalanga', 167183),
	(745, 'Oberholzer', 'ZAF', 'Gauteng', 164367),
	(746, 'Germiston', 'ZAF', 'Gauteng', 164252),
	(747, 'Springs', 'ZAF', 'Gauteng', 162072),
	(748, 'Westonaria', 'ZAF', 'Gauteng', 159632),
	(749, 'Randfontein', 'ZAF', 'Gauteng', 120838),
	(750, 'Paarl', 'ZAF', 'Western Cape', 105768),
	(751, 'Potchefstroom', 'ZAF', 'North West', 101817),
	(752, 'Rustenburg', 'ZAF', 'North West', 97008),
	(753, 'Nigel', 'ZAF', 'Gauteng', 96734),
	(754, 'George', 'ZAF', 'Western Cape', 93818),
	(755, 'Ladysmith', 'ZAF', 'KwaZulu-Natal', 89292),
	(756, 'Addis Abeba', 'ETH', 'Addis Abeba', 2495000),
	(757, 'Dire Dawa', 'ETH', 'Dire Dawa', 164851),
	(758, 'Nazret', 'ETH', 'Oromia', 127842),
	(759, 'Gonder', 'ETH', 'Amhara', 112249),
	(760, 'Dese', 'ETH', 'Amhara', 97314),
	(761, 'Mekele', 'ETH', 'Tigray', 96938),
	(762, 'Bahir Dar', 'ETH', 'Amhara', 96140),
	(763, 'Stanley', 'FLK', 'East Falkland', 1636),
	(764, 'Suva', 'FJI', 'Central', 77366),
	(765, 'Quezon', 'PHL', 'National Capital Reg', 2173831),
	(766, 'Manila', 'PHL', 'National Capital Reg', 1581082),
	(767, 'Kalookan', 'PHL', 'National Capital Reg', 1177604),
	(768, 'Davao', 'PHL', 'Southern Mindanao', 1147116),
	(769, 'Cebu', 'PHL', 'Central Visayas', 718821),
	(770, 'Zamboanga', 'PHL', 'Western Mindanao', 601794),
	(771, 'Pasig', 'PHL', 'National Capital Reg', 505058),
	(772, 'Valenzuela', 'PHL', 'National Capital Reg', 485433),
	(773, 'Las Piñas', 'PHL', 'National Capital Reg', 472780),
	(774, 'Antipolo', 'PHL', 'Southern Tagalog', 470866),
	(775, 'Taguig', 'PHL', 'National Capital Reg', 467375),
	(776, 'Cagayan de Oro', 'PHL', 'Northern Mindanao', 461877),
	(777, 'Parañaque', 'PHL', 'National Capital Reg', 449811),
	(778, 'Makati', 'PHL', 'National Capital Reg', 444867),
	(779, 'Bacolod', 'PHL', 'Western Visayas', 429076),
	(780, 'General Santos', 'PHL', 'Southern Mindanao', 411822),
	(781, 'Marikina', 'PHL', 'National Capital Reg', 391170),
	(782, 'Dasmariñas', 'PHL', 'Southern Tagalog', 379520),
	(783, 'Muntinlupa', 'PHL', 'National Capital Reg', 379310),
	(784, 'Iloilo', 'PHL', 'Western Visayas', 365820),
	(785, 'Pasay', 'PHL', 'National Capital Reg', 354908),
	(786, 'Malabon', 'PHL', 'National Capital Reg', 338855),
	(787, 'San José del Monte', 'PHL', 'Central Luzon', 315807),
	(788, 'Bacoor', 'PHL', 'Southern Tagalog', 305699),
	(789, 'Iligan', 'PHL', 'Central Mindanao', 285061),
	(790, 'Calamba', 'PHL', 'Southern Tagalog', 281146),
	(791, 'Mandaluyong', 'PHL', 'National Capital Reg', 278474),
	(792, 'Butuan', 'PHL', 'Caraga', 267279),
	(793, 'Angeles', 'PHL', 'Central Luzon', 263971),
	(794, 'Tarlac', 'PHL', 'Central Luzon', 262481),
	(795, 'Mandaue', 'PHL', 'Central Visayas', 259728),
	(796, 'Baguio', 'PHL', 'CAR', 252386),
	(797, 'Batangas', 'PHL', 'Southern Tagalog', 247588),
	(798, 'Cainta', 'PHL', 'Southern Tagalog', 242511),
	(799, 'San Pedro', 'PHL', 'Southern Tagalog', 231403),
	(800, 'Navotas', 'PHL', 'National Capital Reg', 230403),
	(801, 'Cabanatuan', 'PHL', 'Central Luzon', 222859),
	(802, 'San Fernando', 'PHL', 'Central Luzon', 221857),
	(803, 'Lipa', 'PHL', 'Southern Tagalog', 218447),
	(804, 'Lapu-Lapu', 'PHL', 'Central Visayas', 217019),
	(805, 'San Pablo', 'PHL', 'Southern Tagalog', 207927),
	(806, 'Biñan', 'PHL', 'Southern Tagalog', 201186),
	(807, 'Taytay', 'PHL', 'Southern Tagalog', 198183),
	(808, 'Lucena', 'PHL', 'Southern Tagalog', 196075),
	(809, 'Imus', 'PHL', 'Southern Tagalog', 195482),
	(810, 'Olongapo', 'PHL', 'Central Luzon', 194260),
	(811, 'Binangonan', 'PHL', 'Southern Tagalog', 187691),
	(812, 'Santa Rosa', 'PHL', 'Southern Tagalog', 185633),
	(813, 'Tagum', 'PHL', 'Southern Mindanao', 179531),
	(814, 'Tacloban', 'PHL', 'Eastern Visayas', 178639),
	(815, 'Malolos', 'PHL', 'Central Luzon', 175291),
	(816, 'Mabalacat', 'PHL', 'Central Luzon', 171045),
	(817, 'Cotabato', 'PHL', 'Central Mindanao', 163849),
	(818, 'Meycauayan', 'PHL', 'Central Luzon', 163037),
	(819, 'Puerto Princesa', 'PHL', 'Southern Tagalog', 161912),
	(820, 'Legazpi', 'PHL', 'Bicol', 157010),
	(821, 'Silang', 'PHL', 'Southern Tagalog', 156137),
	(822, 'Ormoc', 'PHL', 'Eastern Visayas', 154297),
	(823, 'San Carlos', 'PHL', 'Ilocos', 154264),
	(824, 'Kabankalan', 'PHL', 'Western Visayas', 149769),
	(825, 'Talisay', 'PHL', 'Central Visayas', 148110),
	(826, 'Valencia', 'PHL', 'Northern Mindanao', 147924),
	(827, 'Calbayog', 'PHL', 'Eastern Visayas', 147187),
	(828, 'Santa Maria', 'PHL', 'Central Luzon', 144282),
	(829, 'Pagadian', 'PHL', 'Western Mindanao', 142515),
	(830, 'Cadiz', 'PHL', 'Western Visayas', 141954),
	(831, 'Bago', 'PHL', 'Western Visayas', 141721),
	(832, 'Toledo', 'PHL', 'Central Visayas', 141174),
	(833, 'Naga', 'PHL', 'Bicol', 137810),
	(834, 'San Mateo', 'PHL', 'Southern Tagalog', 135603),
	(835, 'Panabo', 'PHL', 'Southern Mindanao', 133950),
	(836, 'Koronadal', 'PHL', 'Southern Mindanao', 133786),
	(837, 'Marawi', 'PHL', 'Central Mindanao', 131090),
	(838, 'Dagupan', 'PHL', 'Ilocos', 130328),
	(839, 'Sagay', 'PHL', 'Western Visayas', 129765),
	(840, 'Roxas', 'PHL', 'Western Visayas', 126352),
	(841, 'Lubao', 'PHL', 'Central Luzon', 125699),
	(842, 'Digos', 'PHL', 'Southern Mindanao', 125171),
	(843, 'San Miguel', 'PHL', 'Central Luzon', 123824),
	(844, 'Malaybalay', 'PHL', 'Northern Mindanao', 123672),
	(845, 'Tuguegarao', 'PHL', 'Cagayan Valley', 120645),
	(846, 'Ilagan', 'PHL', 'Cagayan Valley', 119990),
	(847, 'Baliuag', 'PHL', 'Central Luzon', 119675),
	(848, 'Surigao', 'PHL', 'Caraga', 118534),
	(849, 'San Carlos', 'PHL', 'Western Visayas', 118259),
	(850, 'San Juan del Monte', 'PHL', 'National Capital Reg', 117680),
	(851, 'Tanauan', 'PHL', 'Southern Tagalog', 117539),
	(852, 'Concepcion', 'PHL', 'Central Luzon', 115171),
	(853, 'Rodriguez (Montalban)', 'PHL', 'Southern Tagalog', 115167),
	(854, 'Sariaya', 'PHL', 'Southern Tagalog', 114568),
	(855, 'Malasiqui', 'PHL', 'Ilocos', 113190),
	(856, 'General Mariano Alvarez', 'PHL', 'Southern Tagalog', 112446),
	(857, 'Urdaneta', 'PHL', 'Ilocos', 111582),
	(858, 'Hagonoy', 'PHL', 'Central Luzon', 111425),
	(859, 'San Jose', 'PHL', 'Southern Tagalog', 111009),
	(860, 'Polomolok', 'PHL', 'Southern Mindanao', 110709),
	(861, 'Santiago', 'PHL', 'Cagayan Valley', 110531),
	(862, 'Tanza', 'PHL', 'Southern Tagalog', 110517),
	(863, 'Ozamis', 'PHL', 'Northern Mindanao', 110420),
	(864, 'Mexico', 'PHL', 'Central Luzon', 109481),
	(865, 'San Jose', 'PHL', 'Central Luzon', 108254),
	(866, 'Silay', 'PHL', 'Western Visayas', 107722),
	(867, 'General Trias', 'PHL', 'Southern Tagalog', 107691),
	(868, 'Tabaco', 'PHL', 'Bicol', 107166),
	(869, 'Cabuyao', 'PHL', 'Southern Tagalog', 106630),
	(870, 'Calapan', 'PHL', 'Southern Tagalog', 105910),
	(871, 'Mati', 'PHL', 'Southern Mindanao', 105908),
	(872, 'Midsayap', 'PHL', 'Central Mindanao', 105760),
	(873, 'Cauayan', 'PHL', 'Cagayan Valley', 103952),
	(874, 'Gingoog', 'PHL', 'Northern Mindanao', 102379),
	(875, 'Dumaguete', 'PHL', 'Central Visayas', 102265),
	(876, 'San Fernando', 'PHL', 'Ilocos', 102082),
	(877, 'Arayat', 'PHL', 'Central Luzon', 101792),
	(878, 'Bayawan (Tulong)', 'PHL', 'Central Visayas', 101391),
	(879, 'Kidapawan', 'PHL', 'Central Mindanao', 101205),
	(880, 'Daraga (Locsin)', 'PHL', 'Bicol', 101031),
	(881, 'Marilao', 'PHL', 'Central Luzon', 101017),
	(882, 'Malita', 'PHL', 'Southern Mindanao', 100000),
	(883, 'Dipolog', 'PHL', 'Western Mindanao', 99862),
	(884, 'Cavite', 'PHL', 'Southern Tagalog', 99367),
	(885, 'Danao', 'PHL', 'Central Visayas', 98781),
	(886, 'Bislig', 'PHL', 'Caraga', 97860),
	(887, 'Talavera', 'PHL', 'Central Luzon', 97329),
	(888, 'Guagua', 'PHL', 'Central Luzon', 96858),
	(889, 'Bayambang', 'PHL', 'Ilocos', 96609),
	(890, 'Nasugbu', 'PHL', 'Southern Tagalog', 96113),
	(891, 'Baybay', 'PHL', 'Eastern Visayas', 95630),
	(892, 'Capas', 'PHL', 'Central Luzon', 95219),
	(893, 'Sultan Kudarat', 'PHL', 'ARMM', 94861),
	(894, 'Laoag', 'PHL', 'Ilocos', 94466),
	(895, 'Bayugan', 'PHL', 'Caraga', 93623),
	(896, 'Malungon', 'PHL', 'Southern Mindanao', 93232),
	(897, 'Santa Cruz', 'PHL', 'Southern Tagalog', 92694),
	(898, 'Sorsogon', 'PHL', 'Bicol', 92512),
	(899, 'Candelaria', 'PHL', 'Southern Tagalog', 92429),
	(900, 'Ligao', 'PHL', 'Bicol', 90603),
	(901, 'Tórshavn', 'FRO', 'Streymoyar', 14542),
	(902, 'Libreville', 'GAB', 'Estuaire', 419000),
	(903, 'Serekunda', 'GMB', 'Kombo St Mary', 102600),
	(904, 'Banjul', 'GMB', 'Banjul', 42326),
	(905, 'Tbilisi', 'GEO', 'Tbilisi', 1235200),
	(906, 'Kutaisi', 'GEO', 'Imereti', 240900),
	(907, 'Rustavi', 'GEO', 'Kvemo Kartli', 155400),
	(908, 'Batumi', 'GEO', 'Adzaria [Atšara]', 137700),
	(909, 'Sohumi', 'GEO', 'Abhasia [Aphazeti]', 111700),
	(910, 'Accra', 'GHA', 'Greater Accra', 1070000),
	(911, 'Kumasi', 'GHA', 'Ashanti', 385192),
	(912, 'Tamale', 'GHA', 'Northern', 151069),
	(913, 'Tema', 'GHA', 'Greater Accra', 109975),
	(914, 'Sekondi-Takoradi', 'GHA', 'Western', 103653),
	(915, 'Gibraltar', 'GIB', '–', 27025),
	(916, 'Saint George´s', 'GRD', 'St George', 4621),
	(917, 'Nuuk', 'GRL', 'Kitaa', 13445),
	(918, 'Les Abymes', 'GLP', 'Grande-Terre', 62947),
	(919, 'Basse-Terre', 'GLP', 'Basse-Terre', 12433),
	(920, 'Tamuning', 'GUM', '–', 9500),
	(921, 'Agaña', 'GUM', '–', 1139),
	(922, 'Ciudad de Guatemala', 'GTM', 'Guatemala', 823301),
	(923, 'Mixco', 'GTM', 'Guatemala', 209791),
	(924, 'Villa Nueva', 'GTM', 'Guatemala', 101295),
	(925, 'Quetzaltenango', 'GTM', 'Quetzaltenango', 90801),
	(926, 'Conakry', 'GIN', 'Conakry', 1090610),
	(927, 'Bissau', 'GNB', 'Bissau', 241000),
	(928, 'Georgetown', 'GUY', 'Georgetown', 254000),
	(929, 'Port-au-Prince', 'HTI', 'Ouest', 884472),
	(930, 'Carrefour', 'HTI', 'Ouest', 290204),
	(931, 'Delmas', 'HTI', 'Ouest', 240429),
	(932, 'Le-Cap-Haïtien', 'HTI', 'Nord', 102233),
	(933, 'Tegucigalpa', 'HND', 'Distrito Central', 813900),
	(934, 'San Pedro Sula', 'HND', 'Cortés', 383900),
	(935, 'La Ceiba', 'HND', 'Atlántida', 89200),
	(936, 'Kowloon and New Kowloon', 'HKG', 'Kowloon and New Kowl', 1987996),
	(937, 'Victoria', 'HKG', 'Hongkong', 1312637),
	(938, 'Longyearbyen', 'SJM', 'Länsimaa', 1438),
	(939, 'Jakarta', 'IDN', 'Jakarta Raya', 9604900),
	(940, 'Surabaya', 'IDN', 'East Java', 2663820),
	(941, 'Bandung', 'IDN', 'West Java', 2429000),
	(942, 'Medan', 'IDN', 'Sumatera Utara', 1843919),
	(943, 'Palembang', 'IDN', 'Sumatera Selatan', 1222764),
	(944, 'Tangerang', 'IDN', 'West Java', 1198300),
	(945, 'Semarang', 'IDN', 'Central Java', 1104405),
	(946, 'Ujung Pandang', 'IDN', 'Sulawesi Selatan', 1060257),
	(947, 'Malang', 'IDN', 'East Java', 716862),
	(948, 'Bandar Lampung', 'IDN', 'Lampung', 680332),
	(949, 'Bekasi', 'IDN', 'West Java', 644300),
	(950, 'Padang', 'IDN', 'Sumatera Barat', 534474),
	(951, 'Surakarta', 'IDN', 'Central Java', 518600),
	(952, 'Banjarmasin', 'IDN', 'Kalimantan Selatan', 482931),
	(953, 'Pekan Baru', 'IDN', 'Riau', 438638),
	(954, 'Denpasar', 'IDN', 'Bali', 435000),
	(955, 'Yogyakarta', 'IDN', 'Yogyakarta', 418944),
	(956, 'Pontianak', 'IDN', 'Kalimantan Barat', 409632),
	(957, 'Samarinda', 'IDN', 'Kalimantan Timur', 399175),
	(958, 'Jambi', 'IDN', 'Jambi', 385201),
	(959, 'Depok', 'IDN', 'West Java', 365200),
	(960, 'Cimahi', 'IDN', 'West Java', 344600),
	(961, 'Balikpapan', 'IDN', 'Kalimantan Timur', 338752),
	(962, 'Manado', 'IDN', 'Sulawesi Utara', 332288),
	(963, 'Mataram', 'IDN', 'Nusa Tenggara Barat', 306600),
	(964, 'Pekalongan', 'IDN', 'Central Java', 301504),
	(965, 'Tegal', 'IDN', 'Central Java', 289744),
	(966, 'Bogor', 'IDN', 'West Java', 285114),
	(967, 'Ciputat', 'IDN', 'West Java', 270800),
	(968, 'Pondokgede', 'IDN', 'West Java', 263200),
	(969, 'Cirebon', 'IDN', 'West Java', 254406),
	(970, 'Kediri', 'IDN', 'East Java', 253760),
	(971, 'Ambon', 'IDN', 'Molukit', 249312),
	(972, 'Jember', 'IDN', 'East Java', 218500),
	(973, 'Cilacap', 'IDN', 'Central Java', 206900),
	(974, 'Cimanggis', 'IDN', 'West Java', 205100),
	(975, 'Pematang Siantar', 'IDN', 'Sumatera Utara', 203056),
	(976, 'Purwokerto', 'IDN', 'Central Java', 202500),
	(977, 'Ciomas', 'IDN', 'West Java', 187400),
	(978, 'Tasikmalaya', 'IDN', 'West Java', 179800),
	(979, 'Madiun', 'IDN', 'East Java', 171532),
	(980, 'Bengkulu', 'IDN', 'Bengkulu', 146439),
	(981, 'Karawang', 'IDN', 'West Java', 145000),
	(982, 'Banda Aceh', 'IDN', 'Aceh', 143409),
	(983, 'Palu', 'IDN', 'Sulawesi Tengah', 142800),
	(984, 'Pasuruan', 'IDN', 'East Java', 134019),
	(985, 'Kupang', 'IDN', 'Nusa Tenggara Timur', 129300),
	(986, 'Tebing Tinggi', 'IDN', 'Sumatera Utara', 129300),
	(987, 'Percut Sei Tuan', 'IDN', 'Sumatera Utara', 129000),
	(988, 'Binjai', 'IDN', 'Sumatera Utara', 127222),
	(989, 'Sukabumi', 'IDN', 'West Java', 125766),
	(990, 'Waru', 'IDN', 'East Java', 124300),
	(991, 'Pangkal Pinang', 'IDN', 'Sumatera Selatan', 124000),
	(992, 'Magelang', 'IDN', 'Central Java', 123800),
	(993, 'Blitar', 'IDN', 'East Java', 122600),
	(994, 'Serang', 'IDN', 'West Java', 122400),
	(995, 'Probolinggo', 'IDN', 'East Java', 120770),
	(996, 'Cilegon', 'IDN', 'West Java', 117000),
	(997, 'Cianjur', 'IDN', 'West Java', 114300),
	(998, 'Ciparay', 'IDN', 'West Java', 111500),
	(999, 'Lhokseumawe', 'IDN', 'Aceh', 109600),
	(1000, 'Taman', 'IDN', 'East Java', 107000),
	(1001, 'Depok', 'IDN', 'Yogyakarta', 106800),
	(1002, 'Citeureup', 'IDN', 'West Java', 105100),
	(1003, 'Pemalang', 'IDN', 'Central Java', 103500),
	(1004, 'Klaten', 'IDN', 'Central Java', 103300),
	(1005, 'Salatiga', 'IDN', 'Central Java', 103000),
	(1006, 'Cibinong', 'IDN', 'West Java', 101300),
	(1007, 'Palangka Raya', 'IDN', 'Kalimantan Tengah', 99693),
	(1008, 'Mojokerto', 'IDN', 'East Java', 96626),
	(1009, 'Purwakarta', 'IDN', 'West Java', 95900),
	(1010, 'Garut', 'IDN', 'West Java', 95800),
	(1011, 'Kudus', 'IDN', 'Central Java', 95300),
	(1012, 'Kendari', 'IDN', 'Sulawesi Tenggara', 94800),
	(1013, 'Jaya Pura', 'IDN', 'West Irian', 94700),
	(1014, 'Gorontalo', 'IDN', 'Sulawesi Utara', 94058),
	(1015, 'Majalaya', 'IDN', 'West Java', 93200),
	(1016, 'Pondok Aren', 'IDN', 'West Java', 92700),
	(1017, 'Jombang', 'IDN', 'East Java', 92600),
	(1018, 'Sunggal', 'IDN', 'Sumatera Utara', 92300),
	(1019, 'Batam', 'IDN', 'Riau', 91871),
	(1020, 'Padang Sidempuan', 'IDN', 'Sumatera Utara', 91200),
	(1021, 'Sawangan', 'IDN', 'West Java', 91100),
	(1022, 'Banyuwangi', 'IDN', 'East Java', 89900),
	(1023, 'Tanjung Pinang', 'IDN', 'Riau', 89900),
	(1024, 'Mumbai (Bombay)', 'IND', 'Maharashtra', 10500000),
	(1025, 'Delhi', 'IND', 'Delhi', 7206704),
	(1026, 'Calcutta [Kolkata]', 'IND', 'West Bengali', 4399819),
	(1027, 'Chennai (Madras)', 'IND', 'Tamil Nadu', 3841396),
	(1028, 'Hyderabad', 'IND', 'Andhra Pradesh', 2964638),
	(1029, 'Ahmedabad', 'IND', 'Gujarat', 2876710),
	(1030, 'Bangalore', 'IND', 'Karnataka', 2660088),
	(1031, 'Kanpur', 'IND', 'Uttar Pradesh', 1874409),
	(1032, 'Nagpur', 'IND', 'Maharashtra', 1624752),
	(1033, 'Lucknow', 'IND', 'Uttar Pradesh', 1619115),
	(1034, 'Pune', 'IND', 'Maharashtra', 1566651),
	(1035, 'Surat', 'IND', 'Gujarat', 1498817),
	(1036, 'Jaipur', 'IND', 'Rajasthan', 1458483),
	(1037, 'Indore', 'IND', 'Madhya Pradesh', 1091674),
	(1038, 'Bhopal', 'IND', 'Madhya Pradesh', 1062771),
	(1039, 'Ludhiana', 'IND', 'Punjab', 1042740),
	(1040, 'Vadodara (Baroda)', 'IND', 'Gujarat', 1031346),
	(1041, 'Kalyan', 'IND', 'Maharashtra', 1014557),
	(1042, 'Madurai', 'IND', 'Tamil Nadu', 977856),
	(1043, 'Haora (Howrah)', 'IND', 'West Bengali', 950435),
	(1044, 'Varanasi (Benares)', 'IND', 'Uttar Pradesh', 929270),
	(1045, 'Patna', 'IND', 'Bihar', 917243),
	(1046, 'Srinagar', 'IND', 'Jammu and Kashmir', 892506),
	(1047, 'Agra', 'IND', 'Uttar Pradesh', 891790),
	(1048, 'Coimbatore', 'IND', 'Tamil Nadu', 816321),
	(1049, 'Thane (Thana)', 'IND', 'Maharashtra', 803389),
	(1050, 'Allahabad', 'IND', 'Uttar Pradesh', 792858),
	(1051, 'Meerut', 'IND', 'Uttar Pradesh', 753778),
	(1052, 'Vishakhapatnam', 'IND', 'Andhra Pradesh', 752037),
	(1053, 'Jabalpur', 'IND', 'Madhya Pradesh', 741927),
	(1054, 'Amritsar', 'IND', 'Punjab', 708835),
	(1055, 'Faridabad', 'IND', 'Haryana', 703592),
	(1056, 'Vijayawada', 'IND', 'Andhra Pradesh', 701827),
	(1057, 'Gwalior', 'IND', 'Madhya Pradesh', 690765),
	(1058, 'Jodhpur', 'IND', 'Rajasthan', 666279),
	(1059, 'Nashik (Nasik)', 'IND', 'Maharashtra', 656925),
	(1060, 'Hubli-Dharwad', 'IND', 'Karnataka', 648298),
	(1061, 'Solapur (Sholapur)', 'IND', 'Maharashtra', 604215),
	(1062, 'Ranchi', 'IND', 'Jharkhand', 599306),
	(1063, 'Bareilly', 'IND', 'Uttar Pradesh', 587211),
	(1064, 'Guwahati (Gauhati)', 'IND', 'Assam', 584342),
	(1065, 'Shambajinagar (Aurangabad)', 'IND', 'Maharashtra', 573272),
	(1066, 'Cochin (Kochi)', 'IND', 'Kerala', 564589),
	(1067, 'Rajkot', 'IND', 'Gujarat', 559407),
	(1068, 'Kota', 'IND', 'Rajasthan', 537371),
	(1069, 'Thiruvananthapuram (Trivandrum', 'IND', 'Kerala', 524006),
	(1070, 'Pimpri-Chinchwad', 'IND', 'Maharashtra', 517083),
	(1071, 'Jalandhar (Jullundur)', 'IND', 'Punjab', 509510),
	(1072, 'Gorakhpur', 'IND', 'Uttar Pradesh', 505566),
	(1073, 'Chandigarh', 'IND', 'Chandigarh', 504094),
	(1074, 'Mysore', 'IND', 'Karnataka', 480692),
	(1075, 'Aligarh', 'IND', 'Uttar Pradesh', 480520),
	(1076, 'Guntur', 'IND', 'Andhra Pradesh', 471051),
	(1077, 'Jamshedpur', 'IND', 'Jharkhand', 460577),
	(1078, 'Ghaziabad', 'IND', 'Uttar Pradesh', 454156),
	(1079, 'Warangal', 'IND', 'Andhra Pradesh', 447657),
	(1080, 'Raipur', 'IND', 'Chhatisgarh', 438639),
	(1081, 'Moradabad', 'IND', 'Uttar Pradesh', 429214),
	(1082, 'Durgapur', 'IND', 'West Bengali', 425836),
	(1083, 'Amravati', 'IND', 'Maharashtra', 421576),
	(1084, 'Calicut (Kozhikode)', 'IND', 'Kerala', 419831),
	(1085, 'Bikaner', 'IND', 'Rajasthan', 416289),
	(1086, 'Bhubaneswar', 'IND', 'Orissa', 411542),
	(1087, 'Kolhapur', 'IND', 'Maharashtra', 406370),
	(1088, 'Kataka (Cuttack)', 'IND', 'Orissa', 403418),
	(1089, 'Ajmer', 'IND', 'Rajasthan', 402700),
	(1090, 'Bhavnagar', 'IND', 'Gujarat', 402338),
	(1091, 'Tiruchirapalli', 'IND', 'Tamil Nadu', 387223),
	(1092, 'Bhilai', 'IND', 'Chhatisgarh', 386159),
	(1093, 'Bhiwandi', 'IND', 'Maharashtra', 379070),
	(1094, 'Saharanpur', 'IND', 'Uttar Pradesh', 374945),
	(1095, 'Ulhasnagar', 'IND', 'Maharashtra', 369077),
	(1096, 'Salem', 'IND', 'Tamil Nadu', 366712),
	(1097, 'Ujjain', 'IND', 'Madhya Pradesh', 362266),
	(1098, 'Malegaon', 'IND', 'Maharashtra', 342595),
	(1099, 'Jamnagar', 'IND', 'Gujarat', 341637),
	(1100, 'Bokaro Steel City', 'IND', 'Jharkhand', 333683),
	(1101, 'Akola', 'IND', 'Maharashtra', 328034),
	(1102, 'Belgaum', 'IND', 'Karnataka', 326399),
	(1103, 'Rajahmundry', 'IND', 'Andhra Pradesh', 324851),
	(1104, 'Nellore', 'IND', 'Andhra Pradesh', 316606),
	(1105, 'Udaipur', 'IND', 'Rajasthan', 308571),
	(1106, 'New Bombay', 'IND', 'Maharashtra', 307297),
	(1107, 'Bhatpara', 'IND', 'West Bengali', 304952),
	(1108, 'Gulbarga', 'IND', 'Karnataka', 304099),
	(1109, 'New Delhi', 'IND', 'Delhi', 301297),
	(1110, 'Jhansi', 'IND', 'Uttar Pradesh', 300850),
	(1111, 'Gaya', 'IND', 'Bihar', 291675),
	(1112, 'Kakinada', 'IND', 'Andhra Pradesh', 279980),
	(1113, 'Dhule (Dhulia)', 'IND', 'Maharashtra', 278317),
	(1114, 'Panihati', 'IND', 'West Bengali', 275990),
	(1115, 'Nanded (Nander)', 'IND', 'Maharashtra', 275083),
	(1116, 'Mangalore', 'IND', 'Karnataka', 273304),
	(1117, 'Dehra Dun', 'IND', 'Uttaranchal', 270159),
	(1118, 'Kamarhati', 'IND', 'West Bengali', 266889),
	(1119, 'Davangere', 'IND', 'Karnataka', 266082),
	(1120, 'Asansol', 'IND', 'West Bengali', 262188),
	(1121, 'Bhagalpur', 'IND', 'Bihar', 253225),
	(1122, 'Bellary', 'IND', 'Karnataka', 245391),
	(1123, 'Barddhaman (Burdwan)', 'IND', 'West Bengali', 245079),
	(1124, 'Rampur', 'IND', 'Uttar Pradesh', 243742),
	(1125, 'Jalgaon', 'IND', 'Maharashtra', 242193),
	(1126, 'Muzaffarpur', 'IND', 'Bihar', 241107),
	(1127, 'Nizamabad', 'IND', 'Andhra Pradesh', 241034),
	(1128, 'Muzaffarnagar', 'IND', 'Uttar Pradesh', 240609),
	(1129, 'Patiala', 'IND', 'Punjab', 238368),
	(1130, 'Shahjahanpur', 'IND', 'Uttar Pradesh', 237713),
	(1131, 'Kurnool', 'IND', 'Andhra Pradesh', 236800),
	(1132, 'Tiruppur (Tirupper)', 'IND', 'Tamil Nadu', 235661),
	(1133, 'Rohtak', 'IND', 'Haryana', 233400),
	(1134, 'South Dum Dum', 'IND', 'West Bengali', 232811),
	(1135, 'Mathura', 'IND', 'Uttar Pradesh', 226691),
	(1136, 'Chandrapur', 'IND', 'Maharashtra', 226105),
	(1137, 'Barahanagar (Baranagar)', 'IND', 'West Bengali', 224821),
	(1138, 'Darbhanga', 'IND', 'Bihar', 218391),
	(1139, 'Siliguri (Shiliguri)', 'IND', 'West Bengali', 216950),
	(1140, 'Raurkela', 'IND', 'Orissa', 215489),
	(1141, 'Ambattur', 'IND', 'Tamil Nadu', 215424),
	(1142, 'Panipat', 'IND', 'Haryana', 215218),
	(1143, 'Firozabad', 'IND', 'Uttar Pradesh', 215128),
	(1144, 'Ichalkaranji', 'IND', 'Maharashtra', 214950),
	(1145, 'Jammu', 'IND', 'Jammu and Kashmir', 214737),
	(1146, 'Ramagundam', 'IND', 'Andhra Pradesh', 214384),
	(1147, 'Eluru', 'IND', 'Andhra Pradesh', 212866),
	(1148, 'Brahmapur', 'IND', 'Orissa', 210418),
	(1149, 'Alwar', 'IND', 'Rajasthan', 205086),
	(1150, 'Pondicherry', 'IND', 'Pondicherry', 203065),
	(1151, 'Thanjavur', 'IND', 'Tamil Nadu', 202013),
	(1152, 'Bihar Sharif', 'IND', 'Bihar', 201323),
	(1153, 'Tuticorin', 'IND', 'Tamil Nadu', 199854),
	(1154, 'Imphal', 'IND', 'Manipur', 198535),
	(1155, 'Latur', 'IND', 'Maharashtra', 197408),
	(1156, 'Sagar', 'IND', 'Madhya Pradesh', 195346),
	(1157, 'Farrukhabad-cum-Fatehgarh', 'IND', 'Uttar Pradesh', 194567),
	(1158, 'Sangli', 'IND', 'Maharashtra', 193197),
	(1159, 'Parbhani', 'IND', 'Maharashtra', 190255),
	(1160, 'Nagar Coil', 'IND', 'Tamil Nadu', 190084),
	(1161, 'Bijapur', 'IND', 'Karnataka', 186939),
	(1162, 'Kukatpalle', 'IND', 'Andhra Pradesh', 185378),
	(1163, 'Bally', 'IND', 'West Bengali', 184474),
	(1164, 'Bhilwara', 'IND', 'Rajasthan', 183965),
	(1165, 'Ratlam', 'IND', 'Madhya Pradesh', 183375),
	(1166, 'Avadi', 'IND', 'Tamil Nadu', 183215),
	(1167, 'Dindigul', 'IND', 'Tamil Nadu', 182477),
	(1168, 'Ahmadnagar', 'IND', 'Maharashtra', 181339),
	(1169, 'Bilaspur', 'IND', 'Chhatisgarh', 179833),
	(1170, 'Shimoga', 'IND', 'Karnataka', 179258),
	(1171, 'Kharagpur', 'IND', 'West Bengali', 177989),
	(1172, 'Mira Bhayandar', 'IND', 'Maharashtra', 175372),
	(1173, 'Vellore', 'IND', 'Tamil Nadu', 175061),
	(1174, 'Jalna', 'IND', 'Maharashtra', 174985),
	(1175, 'Burnpur', 'IND', 'West Bengali', 174933),
	(1176, 'Anantapur', 'IND', 'Andhra Pradesh', 174924),
	(1177, 'Allappuzha (Alleppey)', 'IND', 'Kerala', 174666),
	(1178, 'Tirupati', 'IND', 'Andhra Pradesh', 174369),
	(1179, 'Karnal', 'IND', 'Haryana', 173751),
	(1180, 'Burhanpur', 'IND', 'Madhya Pradesh', 172710),
	(1181, 'Hisar (Hissar)', 'IND', 'Haryana', 172677),
	(1182, 'Tiruvottiyur', 'IND', 'Tamil Nadu', 172562),
	(1183, 'Mirzapur-cum-Vindhyachal', 'IND', 'Uttar Pradesh', 169336),
	(1184, 'Secunderabad', 'IND', 'Andhra Pradesh', 167461),
	(1185, 'Nadiad', 'IND', 'Gujarat', 167051),
	(1186, 'Dewas', 'IND', 'Madhya Pradesh', 164364),
	(1187, 'Murwara (Katni)', 'IND', 'Madhya Pradesh', 163431),
	(1188, 'Ganganagar', 'IND', 'Rajasthan', 161482),
	(1189, 'Vizianagaram', 'IND', 'Andhra Pradesh', 160359),
	(1190, 'Erode', 'IND', 'Tamil Nadu', 159232),
	(1191, 'Machilipatnam (Masulipatam)', 'IND', 'Andhra Pradesh', 159110),
	(1192, 'Bhatinda (Bathinda)', 'IND', 'Punjab', 159042),
	(1193, 'Raichur', 'IND', 'Karnataka', 157551),
	(1194, 'Agartala', 'IND', 'Tripura', 157358),
	(1195, 'Arrah (Ara)', 'IND', 'Bihar', 157082),
	(1196, 'Satna', 'IND', 'Madhya Pradesh', 156630),
	(1197, 'Lalbahadur Nagar', 'IND', 'Andhra Pradesh', 155500),
	(1198, 'Aizawl', 'IND', 'Mizoram', 155240),
	(1199, 'Uluberia', 'IND', 'West Bengali', 155172),
	(1200, 'Katihar', 'IND', 'Bihar', 154367),
	(1201, 'Cuddalore', 'IND', 'Tamil Nadu', 153086),
	(1202, 'Hugli-Chinsurah', 'IND', 'West Bengali', 151806),
	(1203, 'Dhanbad', 'IND', 'Jharkhand', 151789),
	(1204, 'Raiganj', 'IND', 'West Bengali', 151045),
	(1205, 'Sambhal', 'IND', 'Uttar Pradesh', 150869),
	(1206, 'Durg', 'IND', 'Chhatisgarh', 150645),
	(1207, 'Munger (Monghyr)', 'IND', 'Bihar', 150112),
	(1208, 'Kanchipuram', 'IND', 'Tamil Nadu', 150100),
	(1209, 'North Dum Dum', 'IND', 'West Bengali', 149965),
	(1210, 'Karimnagar', 'IND', 'Andhra Pradesh', 148583),
	(1211, 'Bharatpur', 'IND', 'Rajasthan', 148519),
	(1212, 'Sikar', 'IND', 'Rajasthan', 148272),
	(1213, 'Hardwar (Haridwar)', 'IND', 'Uttaranchal', 147305),
	(1214, 'Dabgram', 'IND', 'West Bengali', 147217),
	(1215, 'Morena', 'IND', 'Madhya Pradesh', 147124),
	(1216, 'Noida', 'IND', 'Uttar Pradesh', 146514),
	(1217, 'Hapur', 'IND', 'Uttar Pradesh', 146262),
	(1218, 'Bhusawal', 'IND', 'Maharashtra', 145143),
	(1219, 'Khandwa', 'IND', 'Madhya Pradesh', 145133),
	(1220, 'Yamuna Nagar', 'IND', 'Haryana', 144346),
	(1221, 'Sonipat (Sonepat)', 'IND', 'Haryana', 143922),
	(1222, 'Tenali', 'IND', 'Andhra Pradesh', 143726),
	(1223, 'Raurkela Civil Township', 'IND', 'Orissa', 140408),
	(1224, 'Kollam (Quilon)', 'IND', 'Kerala', 139852),
	(1225, 'Kumbakonam', 'IND', 'Tamil Nadu', 139483),
	(1226, 'Ingraj Bazar (English Bazar)', 'IND', 'West Bengali', 139204),
	(1227, 'Timkur', 'IND', 'Karnataka', 138903),
	(1228, 'Amroha', 'IND', 'Uttar Pradesh', 137061),
	(1229, 'Serampore', 'IND', 'West Bengali', 137028),
	(1230, 'Chapra', 'IND', 'Bihar', 136877),
	(1231, 'Pali', 'IND', 'Rajasthan', 136842),
	(1232, 'Maunath Bhanjan', 'IND', 'Uttar Pradesh', 136697),
	(1233, 'Adoni', 'IND', 'Andhra Pradesh', 136182),
	(1234, 'Jaunpur', 'IND', 'Uttar Pradesh', 136062),
	(1235, 'Tirunelveli', 'IND', 'Tamil Nadu', 135825),
	(1236, 'Bahraich', 'IND', 'Uttar Pradesh', 135400),
	(1237, 'Gadag Betigeri', 'IND', 'Karnataka', 134051),
	(1238, 'Proddatur', 'IND', 'Andhra Pradesh', 133914),
	(1239, 'Chittoor', 'IND', 'Andhra Pradesh', 133462),
	(1240, 'Barrackpur', 'IND', 'West Bengali', 133265),
	(1241, 'Bharuch (Broach)', 'IND', 'Gujarat', 133102),
	(1242, 'Naihati', 'IND', 'West Bengali', 132701),
	(1243, 'Shillong', 'IND', 'Meghalaya', 131719),
	(1244, 'Sambalpur', 'IND', 'Orissa', 131138),
	(1245, 'Junagadh', 'IND', 'Gujarat', 130484),
	(1246, 'Rae Bareli', 'IND', 'Uttar Pradesh', 129904),
	(1247, 'Rewa', 'IND', 'Madhya Pradesh', 128981),
	(1248, 'Gurgaon', 'IND', 'Haryana', 128608),
	(1249, 'Khammam', 'IND', 'Andhra Pradesh', 127992),
	(1250, 'Bulandshahr', 'IND', 'Uttar Pradesh', 127201),
	(1251, 'Navsari', 'IND', 'Gujarat', 126089),
	(1252, 'Malkajgiri', 'IND', 'Andhra Pradesh', 126066),
	(1253, 'Midnapore (Medinipur)', 'IND', 'West Bengali', 125498),
	(1254, 'Miraj', 'IND', 'Maharashtra', 125407),
	(1255, 'Raj Nandgaon', 'IND', 'Chhatisgarh', 125371),
	(1256, 'Alandur', 'IND', 'Tamil Nadu', 125244),
	(1257, 'Puri', 'IND', 'Orissa', 125199),
	(1258, 'Navadwip', 'IND', 'West Bengali', 125037),
	(1259, 'Sirsa', 'IND', 'Haryana', 125000),
	(1260, 'Korba', 'IND', 'Chhatisgarh', 124501),
	(1261, 'Faizabad', 'IND', 'Uttar Pradesh', 124437),
	(1262, 'Etawah', 'IND', 'Uttar Pradesh', 124072),
	(1263, 'Pathankot', 'IND', 'Punjab', 123930),
	(1264, 'Gandhinagar', 'IND', 'Gujarat', 123359),
	(1265, 'Palghat (Palakkad)', 'IND', 'Kerala', 123289),
	(1266, 'Veraval', 'IND', 'Gujarat', 123000),
	(1267, 'Hoshiarpur', 'IND', 'Punjab', 122705),
	(1268, 'Ambala', 'IND', 'Haryana', 122596),
	(1269, 'Sitapur', 'IND', 'Uttar Pradesh', 121842),
	(1270, 'Bhiwani', 'IND', 'Haryana', 121629),
	(1271, 'Cuddapah', 'IND', 'Andhra Pradesh', 121463),
	(1272, 'Bhimavaram', 'IND', 'Andhra Pradesh', 121314),
	(1273, 'Krishnanagar', 'IND', 'West Bengali', 121110),
	(1274, 'Chandannagar', 'IND', 'West Bengali', 120378),
	(1275, 'Mandya', 'IND', 'Karnataka', 120265),
	(1276, 'Dibrugarh', 'IND', 'Assam', 120127),
	(1277, 'Nandyal', 'IND', 'Andhra Pradesh', 119813),
	(1278, 'Balurghat', 'IND', 'West Bengali', 119796),
	(1279, 'Neyveli', 'IND', 'Tamil Nadu', 118080),
	(1280, 'Fatehpur', 'IND', 'Uttar Pradesh', 117675),
	(1281, 'Mahbubnagar', 'IND', 'Andhra Pradesh', 116833),
	(1282, 'Budaun', 'IND', 'Uttar Pradesh', 116695),
	(1283, 'Porbandar', 'IND', 'Gujarat', 116671),
	(1284, 'Silchar', 'IND', 'Assam', 115483),
	(1285, 'Berhampore (Baharampur)', 'IND', 'West Bengali', 115144),
	(1286, 'Purnea (Purnia)', 'IND', 'Jharkhand', 114912),
	(1287, 'Bankura', 'IND', 'West Bengali', 114876),
	(1288, 'Rajapalaiyam', 'IND', 'Tamil Nadu', 114202),
	(1289, 'Titagarh', 'IND', 'West Bengali', 114085),
	(1290, 'Halisahar', 'IND', 'West Bengali', 114028),
	(1291, 'Hathras', 'IND', 'Uttar Pradesh', 113285),
	(1292, 'Bhir (Bid)', 'IND', 'Maharashtra', 112434),
	(1293, 'Pallavaram', 'IND', 'Tamil Nadu', 111866),
	(1294, 'Anand', 'IND', 'Gujarat', 110266),
	(1295, 'Mango', 'IND', 'Jharkhand', 110024),
	(1296, 'Santipur', 'IND', 'West Bengali', 109956),
	(1297, 'Bhind', 'IND', 'Madhya Pradesh', 109755),
	(1298, 'Gondiya', 'IND', 'Maharashtra', 109470),
	(1299, 'Tiruvannamalai', 'IND', 'Tamil Nadu', 109196),
	(1300, 'Yeotmal (Yavatmal)', 'IND', 'Maharashtra', 108578),
	(1301, 'Kulti-Barakar', 'IND', 'West Bengali', 108518),
	(1302, 'Moga', 'IND', 'Punjab', 108304),
	(1303, 'Shivapuri', 'IND', 'Madhya Pradesh', 108277),
	(1304, 'Bidar', 'IND', 'Karnataka', 108016),
	(1305, 'Guntakal', 'IND', 'Andhra Pradesh', 107592),
	(1306, 'Unnao', 'IND', 'Uttar Pradesh', 107425),
	(1307, 'Barasat', 'IND', 'West Bengali', 107365),
	(1308, 'Tambaram', 'IND', 'Tamil Nadu', 107187),
	(1309, 'Abohar', 'IND', 'Punjab', 107163),
	(1310, 'Pilibhit', 'IND', 'Uttar Pradesh', 106605),
	(1311, 'Valparai', 'IND', 'Tamil Nadu', 106523),
	(1312, 'Gonda', 'IND', 'Uttar Pradesh', 106078),
	(1313, 'Surendranagar', 'IND', 'Gujarat', 105973),
	(1314, 'Qutubullapur', 'IND', 'Andhra Pradesh', 105380),
	(1315, 'Beawar', 'IND', 'Rajasthan', 105363),
	(1316, 'Hindupur', 'IND', 'Andhra Pradesh', 104651),
	(1317, 'Gandhidham', 'IND', 'Gujarat', 104585),
	(1318, 'Haldwani-cum-Kathgodam', 'IND', 'Uttaranchal', 104195),
	(1319, 'Tellicherry (Thalassery)', 'IND', 'Kerala', 103579),
	(1320, 'Wardha', 'IND', 'Maharashtra', 102985),
	(1321, 'Rishra', 'IND', 'West Bengali', 102649),
	(1322, 'Bhuj', 'IND', 'Gujarat', 102176),
	(1323, 'Modinagar', 'IND', 'Uttar Pradesh', 101660),
	(1324, 'Gudivada', 'IND', 'Andhra Pradesh', 101656),
	(1325, 'Basirhat', 'IND', 'West Bengali', 101409),
	(1326, 'Uttarpara-Kotrung', 'IND', 'West Bengali', 100867),
	(1327, 'Ongole', 'IND', 'Andhra Pradesh', 100836),
	(1328, 'North Barrackpur', 'IND', 'West Bengali', 100513),
	(1329, 'Guna', 'IND', 'Madhya Pradesh', 100490),
	(1330, 'Haldia', 'IND', 'West Bengali', 100347),
	(1331, 'Habra', 'IND', 'West Bengali', 100223),
	(1332, 'Kanchrapara', 'IND', 'West Bengali', 100194),
	(1333, 'Tonk', 'IND', 'Rajasthan', 100079),
	(1334, 'Champdani', 'IND', 'West Bengali', 98818),
	(1335, 'Orai', 'IND', 'Uttar Pradesh', 98640),
	(1336, 'Pudukkottai', 'IND', 'Tamil Nadu', 98619),
	(1337, 'Sasaram', 'IND', 'Bihar', 98220),
	(1338, 'Hazaribag', 'IND', 'Jharkhand', 97712),
	(1339, 'Palayankottai', 'IND', 'Tamil Nadu', 97662),
	(1340, 'Banda', 'IND', 'Uttar Pradesh', 97227),
	(1341, 'Godhra', 'IND', 'Gujarat', 96813),
	(1342, 'Hospet', 'IND', 'Karnataka', 96322),
	(1343, 'Ashoknagar-Kalyangarh', 'IND', 'West Bengali', 96315),
	(1344, 'Achalpur', 'IND', 'Maharashtra', 96216),
	(1345, 'Patan', 'IND', 'Gujarat', 96109),
	(1346, 'Mandasor', 'IND', 'Madhya Pradesh', 95758),
	(1347, 'Damoh', 'IND', 'Madhya Pradesh', 95661),
	(1348, 'Satara', 'IND', 'Maharashtra', 95133),
	(1349, 'Meerut Cantonment', 'IND', 'Uttar Pradesh', 94876),
	(1350, 'Dehri', 'IND', 'Bihar', 94526),
	(1351, 'Delhi Cantonment', 'IND', 'Delhi', 94326),
	(1352, 'Chhindwara', 'IND', 'Madhya Pradesh', 93731),
	(1353, 'Bansberia', 'IND', 'West Bengali', 93447),
	(1354, 'Nagaon', 'IND', 'Assam', 93350),
	(1355, 'Kanpur Cantonment', 'IND', 'Uttar Pradesh', 93109),
	(1356, 'Vidisha', 'IND', 'Madhya Pradesh', 92917),
	(1357, 'Bettiah', 'IND', 'Bihar', 92583),
	(1358, 'Purulia', 'IND', 'Jharkhand', 92574),
	(1359, 'Hassan', 'IND', 'Karnataka', 90803),
	(1360, 'Ambala Sadar', 'IND', 'Haryana', 90712),
	(1361, 'Baidyabati', 'IND', 'West Bengali', 90601),
	(1362, 'Morvi', 'IND', 'Gujarat', 90357),
	(1363, 'Raigarh', 'IND', 'Chhatisgarh', 89166),
	(1364, 'Vejalpur', 'IND', 'Gujarat', 89053),
	(1365, 'Baghdad', 'IRQ', 'Baghdad', 4336000),
	(1366, 'Mosul', 'IRQ', 'Ninawa', 879000),
	(1367, 'Irbil', 'IRQ', 'Irbil', 485968),
	(1368, 'Kirkuk', 'IRQ', 'al-Tamim', 418624),
	(1369, 'Basra', 'IRQ', 'Basra', 406296),
	(1370, 'al-Sulaymaniya', 'IRQ', 'al-Sulaymaniya', 364096),
	(1371, 'al-Najaf', 'IRQ', 'al-Najaf', 309010),
	(1372, 'Karbala', 'IRQ', 'Karbala', 296705),
	(1373, 'al-Hilla', 'IRQ', 'Babil', 268834),
	(1374, 'al-Nasiriya', 'IRQ', 'DhiQar', 265937),
	(1375, 'al-Amara', 'IRQ', 'Maysan', 208797),
	(1376, 'al-Diwaniya', 'IRQ', 'al-Qadisiya', 196519),
	(1377, 'al-Ramadi', 'IRQ', 'al-Anbar', 192556),
	(1378, 'al-Kut', 'IRQ', 'Wasit', 183183),
	(1379, 'Baquba', 'IRQ', 'Diyala', 114516),
	(1380, 'Teheran', 'IRN', 'Teheran', 6758845),
	(1381, 'Mashhad', 'IRN', 'Khorasan', 1887405),
	(1382, 'Esfahan', 'IRN', 'Esfahan', 1266072),
	(1383, 'Tabriz', 'IRN', 'East Azerbaidzan', 1191043),
	(1384, 'Shiraz', 'IRN', 'Fars', 1053025),
	(1385, 'Karaj', 'IRN', 'Teheran', 940968),
	(1386, 'Ahvaz', 'IRN', 'Khuzestan', 804980),
	(1387, 'Qom', 'IRN', 'Qom', 777677),
	(1388, 'Kermanshah', 'IRN', 'Kermanshah', 692986),
	(1389, 'Urmia', 'IRN', 'West Azerbaidzan', 435200),
	(1390, 'Zahedan', 'IRN', 'Sistan va Baluchesta', 419518),
	(1391, 'Rasht', 'IRN', 'Gilan', 417748),
	(1392, 'Hamadan', 'IRN', 'Hamadan', 401281),
	(1393, 'Kerman', 'IRN', 'Kerman', 384991),
	(1394, 'Arak', 'IRN', 'Markazi', 380755),
	(1395, 'Ardebil', 'IRN', 'Ardebil', 340386),
	(1396, 'Yazd', 'IRN', 'Yazd', 326776),
	(1397, 'Qazvin', 'IRN', 'Qazvin', 291117),
	(1398, 'Zanjan', 'IRN', 'Zanjan', 286295),
	(1399, 'Sanandaj', 'IRN', 'Kordestan', 277808),
	(1400, 'Bandar-e-Abbas', 'IRN', 'Hormozgan', 273578),
	(1401, 'Khorramabad', 'IRN', 'Lorestan', 272815),
	(1402, 'Eslamshahr', 'IRN', 'Teheran', 265450),
	(1403, 'Borujerd', 'IRN', 'Lorestan', 217804),
	(1404, 'Abadan', 'IRN', 'Khuzestan', 206073),
	(1405, 'Dezful', 'IRN', 'Khuzestan', 202639),
	(1406, 'Kashan', 'IRN', 'Esfahan', 201372),
	(1407, 'Sari', 'IRN', 'Mazandaran', 195882),
	(1408, 'Gorgan', 'IRN', 'Golestan', 188710),
	(1409, 'Najafabad', 'IRN', 'Esfahan', 178498),
	(1410, 'Sabzevar', 'IRN', 'Khorasan', 170738),
	(1411, 'Khomeynishahr', 'IRN', 'Esfahan', 165888),
	(1412, 'Amol', 'IRN', 'Mazandaran', 159092),
	(1413, 'Neyshabur', 'IRN', 'Khorasan', 158847),
	(1414, 'Babol', 'IRN', 'Mazandaran', 158346),
	(1415, 'Khoy', 'IRN', 'West Azerbaidzan', 148944),
	(1416, 'Malayer', 'IRN', 'Hamadan', 144373),
	(1417, 'Bushehr', 'IRN', 'Bushehr', 143641),
	(1418, 'Qaemshahr', 'IRN', 'Mazandaran', 143286),
	(1419, 'Qarchak', 'IRN', 'Teheran', 142690),
	(1420, 'Qods', 'IRN', 'Teheran', 138278),
	(1421, 'Sirjan', 'IRN', 'Kerman', 135024),
	(1422, 'Bojnurd', 'IRN', 'Khorasan', 134835),
	(1423, 'Maragheh', 'IRN', 'East Azerbaidzan', 132318),
	(1424, 'Birjand', 'IRN', 'Khorasan', 127608),
	(1425, 'Ilam', 'IRN', 'Ilam', 126346),
	(1426, 'Bukan', 'IRN', 'West Azerbaidzan', 120020),
	(1427, 'Masjed-e-Soleyman', 'IRN', 'Khuzestan', 116883),
	(1428, 'Saqqez', 'IRN', 'Kordestan', 115394),
	(1429, 'Gonbad-e Qabus', 'IRN', 'Mazandaran', 111253),
	(1430, 'Saveh', 'IRN', 'Qom', 111245),
	(1431, 'Mahabad', 'IRN', 'West Azerbaidzan', 107799),
	(1432, 'Varamin', 'IRN', 'Teheran', 107233),
	(1433, 'Andimeshk', 'IRN', 'Khuzestan', 106923),
	(1434, 'Khorramshahr', 'IRN', 'Khuzestan', 105636),
	(1435, 'Shahrud', 'IRN', 'Semnan', 104765),
	(1436, 'Marv Dasht', 'IRN', 'Fars', 103579),
	(1437, 'Zabol', 'IRN', 'Sistan va Baluchesta', 100887),
	(1438, 'Shahr-e Kord', 'IRN', 'Chaharmahal va Bakht', 100477),
	(1439, 'Bandar-e Anzali', 'IRN', 'Gilan', 98500),
	(1440, 'Rafsanjan', 'IRN', 'Kerman', 98300),
	(1441, 'Marand', 'IRN', 'East Azerbaidzan', 96400),
	(1442, 'Torbat-e Heydariyeh', 'IRN', 'Khorasan', 94600),
	(1443, 'Jahrom', 'IRN', 'Fars', 94200),
	(1444, 'Semnan', 'IRN', 'Semnan', 91045),
	(1445, 'Miandoab', 'IRN', 'West Azerbaidzan', 90100),
	(1446, 'Qomsheh', 'IRN', 'Esfahan', 89800),
	(1447, 'Dublin', 'IRL', 'Leinster', 481854),
	(1448, 'Cork', 'IRL', 'Munster', 127187),
	(1449, 'Reykjavík', 'ISL', 'Höfuðborgarsvæði', 109184),
	(1450, 'Jerusalem', 'ISR', 'Jerusalem', 633700),
	(1451, 'Tel Aviv-Jaffa', 'ISR', 'Tel Aviv', 348100),
	(1452, 'Haifa', 'ISR', 'Haifa', 265700),
	(1453, 'Rishon Le Ziyyon', 'ISR', 'Ha Merkaz', 188200),
	(1454, 'Beerseba', 'ISR', 'Ha Darom', 163700),
	(1455, 'Holon', 'ISR', 'Tel Aviv', 163100),
	(1456, 'Petah Tiqwa', 'ISR', 'Ha Merkaz', 159400),
	(1457, 'Ashdod', 'ISR', 'Ha Darom', 155800),
	(1458, 'Netanya', 'ISR', 'Ha Merkaz', 154900),
	(1459, 'Bat Yam', 'ISR', 'Tel Aviv', 137000),
	(1460, 'Bene Beraq', 'ISR', 'Tel Aviv', 133900),
	(1461, 'Ramat Gan', 'ISR', 'Tel Aviv', 126900),
	(1462, 'Ashqelon', 'ISR', 'Ha Darom', 92300),
	(1463, 'Rehovot', 'ISR', 'Ha Merkaz', 90300),
	(1464, 'Roma', 'ITA', 'Latium', 2643581),
	(1465, 'Milano', 'ITA', 'Lombardia', 1300977),
	(1466, 'Napoli', 'ITA', 'Campania', 1002619),
	(1467, 'Torino', 'ITA', 'Piemonte', 903705),
	(1468, 'Palermo', 'ITA', 'Sisilia', 683794),
	(1469, 'Genova', 'ITA', 'Liguria', 636104),
	(1470, 'Bologna', 'ITA', 'Emilia-Romagna', 381161),
	(1471, 'Firenze', 'ITA', 'Toscana', 376662),
	(1472, 'Catania', 'ITA', 'Sisilia', 337862),
	(1473, 'Bari', 'ITA', 'Apulia', 331848),
	(1474, 'Venezia', 'ITA', 'Veneto', 277305),
	(1475, 'Messina', 'ITA', 'Sisilia', 259156),
	(1476, 'Verona', 'ITA', 'Veneto', 255268),
	(1477, 'Trieste', 'ITA', 'Friuli-Venezia Giuli', 216459),
	(1478, 'Padova', 'ITA', 'Veneto', 211391),
	(1479, 'Taranto', 'ITA', 'Apulia', 208214),
	(1480, 'Brescia', 'ITA', 'Lombardia', 191317),
	(1481, 'Reggio di Calabria', 'ITA', 'Calabria', 179617),
	(1482, 'Modena', 'ITA', 'Emilia-Romagna', 176022),
	(1483, 'Prato', 'ITA', 'Toscana', 172473),
	(1484, 'Parma', 'ITA', 'Emilia-Romagna', 168717),
	(1485, 'Cagliari', 'ITA', 'Sardinia', 165926),
	(1486, 'Livorno', 'ITA', 'Toscana', 161673),
	(1487, 'Perugia', 'ITA', 'Umbria', 156673),
	(1488, 'Foggia', 'ITA', 'Apulia', 154891),
	(1489, 'Reggio nell´ Emilia', 'ITA', 'Emilia-Romagna', 143664),
	(1490, 'Salerno', 'ITA', 'Campania', 142055),
	(1491, 'Ravenna', 'ITA', 'Emilia-Romagna', 138418),
	(1492, 'Ferrara', 'ITA', 'Emilia-Romagna', 132127),
	(1493, 'Rimini', 'ITA', 'Emilia-Romagna', 131062),
	(1494, 'Syrakusa', 'ITA', 'Sisilia', 126282),
	(1495, 'Sassari', 'ITA', 'Sardinia', 120803),
	(1496, 'Monza', 'ITA', 'Lombardia', 119516),
	(1497, 'Bergamo', 'ITA', 'Lombardia', 117837),
	(1498, 'Pescara', 'ITA', 'Abruzzit', 115698),
	(1499, 'Latina', 'ITA', 'Latium', 114099),
	(1500, 'Vicenza', 'ITA', 'Veneto', 109738),
	(1501, 'Terni', 'ITA', 'Umbria', 107770),
	(1502, 'Forlì', 'ITA', 'Emilia-Romagna', 107475),
	(1503, 'Trento', 'ITA', 'Trentino-Alto Adige', 104906),
	(1504, 'Novara', 'ITA', 'Piemonte', 102037),
	(1505, 'Piacenza', 'ITA', 'Emilia-Romagna', 98384),
	(1506, 'Ancona', 'ITA', 'Marche', 98329),
	(1507, 'Lecce', 'ITA', 'Apulia', 98208),
	(1508, 'Bolzano', 'ITA', 'Trentino-Alto Adige', 97232),
	(1509, 'Catanzaro', 'ITA', 'Calabria', 96700),
	(1510, 'La Spezia', 'ITA', 'Liguria', 95504),
	(1511, 'Udine', 'ITA', 'Friuli-Venezia Giuli', 94932),
	(1512, 'Torre del Greco', 'ITA', 'Campania', 94505),
	(1513, 'Andria', 'ITA', 'Apulia', 94443),
	(1514, 'Brindisi', 'ITA', 'Apulia', 93454),
	(1515, 'Giugliano in Campania', 'ITA', 'Campania', 93286),
	(1516, 'Pisa', 'ITA', 'Toscana', 92379),
	(1517, 'Barletta', 'ITA', 'Apulia', 91904),
	(1518, 'Arezzo', 'ITA', 'Toscana', 91729),
	(1519, 'Alessandria', 'ITA', 'Piemonte', 90289),
	(1520, 'Cesena', 'ITA', 'Emilia-Romagna', 89852),
	(1521, 'Pesaro', 'ITA', 'Marche', 88987),
	(1522, 'Dili', 'TMP', 'Dili', 47900),
	(1523, 'Wien', 'AUT', 'Wien', 1608144),
	(1524, 'Graz', 'AUT', 'Steiermark', 240967),
	(1525, 'Linz', 'AUT', 'North Austria', 188022),
	(1526, 'Salzburg', 'AUT', 'Salzburg', 144247),
	(1527, 'Innsbruck', 'AUT', 'Tiroli', 111752),
	(1528, 'Klagenfurt', 'AUT', 'Kärnten', 91141),
	(1529, 'Spanish Town', 'JAM', 'St. Catherine', 110379),
	(1530, 'Kingston', 'JAM', 'St. Andrew', 103962),
	(1531, 'Portmore', 'JAM', 'St. Andrew', 99799),
	(1532, 'Tokyo', 'JPN', 'Tokyo-to', 7980230),
	(1533, 'Jokohama [Yokohama]', 'JPN', 'Kanagawa', 3339594),
	(1534, 'Osaka', 'JPN', 'Osaka', 2595674),
	(1535, 'Nagoya', 'JPN', 'Aichi', 2154376),
	(1536, 'Sapporo', 'JPN', 'Hokkaido', 1790886),
	(1537, 'Kioto', 'JPN', 'Kyoto', 1461974),
	(1538, 'Kobe', 'JPN', 'Hyogo', 1425139),
	(1539, 'Fukuoka', 'JPN', 'Fukuoka', 1308379),
	(1540, 'Kawasaki', 'JPN', 'Kanagawa', 1217359),
	(1541, 'Hiroshima', 'JPN', 'Hiroshima', 1119117),
	(1542, 'Kitakyushu', 'JPN', 'Fukuoka', 1016264),
	(1543, 'Sendai', 'JPN', 'Miyagi', 989975),
	(1544, 'Chiba', 'JPN', 'Chiba', 863930),
	(1545, 'Sakai', 'JPN', 'Osaka', 797735),
	(1546, 'Kumamoto', 'JPN', 'Kumamoto', 656734),
	(1547, 'Okayama', 'JPN', 'Okayama', 624269),
	(1548, 'Sagamihara', 'JPN', 'Kanagawa', 586300),
	(1549, 'Hamamatsu', 'JPN', 'Shizuoka', 568796),
	(1550, 'Kagoshima', 'JPN', 'Kagoshima', 549977),
	(1551, 'Funabashi', 'JPN', 'Chiba', 545299),
	(1552, 'Higashiosaka', 'JPN', 'Osaka', 517785),
	(1553, 'Hachioji', 'JPN', 'Tokyo-to', 513451),
	(1554, 'Niigata', 'JPN', 'Niigata', 497464),
	(1555, 'Amagasaki', 'JPN', 'Hyogo', 481434),
	(1556, 'Himeji', 'JPN', 'Hyogo', 475167),
	(1557, 'Shizuoka', 'JPN', 'Shizuoka', 473854),
	(1558, 'Urawa', 'JPN', 'Saitama', 469675),
	(1559, 'Matsuyama', 'JPN', 'Ehime', 466133),
	(1560, 'Matsudo', 'JPN', 'Chiba', 461126),
	(1561, 'Kanazawa', 'JPN', 'Ishikawa', 455386),
	(1562, 'Kawaguchi', 'JPN', 'Saitama', 452155),
	(1563, 'Ichikawa', 'JPN', 'Chiba', 441893),
	(1564, 'Omiya', 'JPN', 'Saitama', 441649),
	(1565, 'Utsunomiya', 'JPN', 'Tochigi', 440353),
	(1566, 'Oita', 'JPN', 'Oita', 433401),
	(1567, 'Nagasaki', 'JPN', 'Nagasaki', 432759),
	(1568, 'Yokosuka', 'JPN', 'Kanagawa', 430200),
	(1569, 'Kurashiki', 'JPN', 'Okayama', 425103),
	(1570, 'Gifu', 'JPN', 'Gifu', 408007),
	(1571, 'Hirakata', 'JPN', 'Osaka', 403151),
	(1572, 'Nishinomiya', 'JPN', 'Hyogo', 397618),
	(1573, 'Toyonaka', 'JPN', 'Osaka', 396689),
	(1574, 'Wakayama', 'JPN', 'Wakayama', 391233),
	(1575, 'Fukuyama', 'JPN', 'Hiroshima', 376921),
	(1576, 'Fujisawa', 'JPN', 'Kanagawa', 372840),
	(1577, 'Asahikawa', 'JPN', 'Hokkaido', 364813),
	(1578, 'Machida', 'JPN', 'Tokyo-to', 364197),
	(1579, 'Nara', 'JPN', 'Nara', 362812),
	(1580, 'Takatsuki', 'JPN', 'Osaka', 361747),
	(1581, 'Iwaki', 'JPN', 'Fukushima', 361737),
	(1582, 'Nagano', 'JPN', 'Nagano', 361391),
	(1583, 'Toyohashi', 'JPN', 'Aichi', 360066),
	(1584, 'Toyota', 'JPN', 'Aichi', 346090),
	(1585, 'Suita', 'JPN', 'Osaka', 345750),
	(1586, 'Takamatsu', 'JPN', 'Kagawa', 332471),
	(1587, 'Koriyama', 'JPN', 'Fukushima', 330335),
	(1588, 'Okazaki', 'JPN', 'Aichi', 328711),
	(1589, 'Kawagoe', 'JPN', 'Saitama', 327211),
	(1590, 'Tokorozawa', 'JPN', 'Saitama', 325809),
	(1591, 'Toyama', 'JPN', 'Toyama', 325790),
	(1592, 'Kochi', 'JPN', 'Kochi', 324710),
	(1593, 'Kashiwa', 'JPN', 'Chiba', 320296),
	(1594, 'Akita', 'JPN', 'Akita', 314440),
	(1595, 'Miyazaki', 'JPN', 'Miyazaki', 303784),
	(1596, 'Koshigaya', 'JPN', 'Saitama', 301446),
	(1597, 'Naha', 'JPN', 'Okinawa', 299851),
	(1598, 'Aomori', 'JPN', 'Aomori', 295969),
	(1599, 'Hakodate', 'JPN', 'Hokkaido', 294788),
	(1600, 'Akashi', 'JPN', 'Hyogo', 292253),
	(1601, 'Yokkaichi', 'JPN', 'Mie', 288173),
	(1602, 'Fukushima', 'JPN', 'Fukushima', 287525),
	(1603, 'Morioka', 'JPN', 'Iwate', 287353),
	(1604, 'Maebashi', 'JPN', 'Gumma', 284473),
	(1605, 'Kasugai', 'JPN', 'Aichi', 282348),
	(1606, 'Otsu', 'JPN', 'Shiga', 282070),
	(1607, 'Ichihara', 'JPN', 'Chiba', 279280),
	(1608, 'Yao', 'JPN', 'Osaka', 276421),
	(1609, 'Ichinomiya', 'JPN', 'Aichi', 270828),
	(1610, 'Tokushima', 'JPN', 'Tokushima', 269649),
	(1611, 'Kakogawa', 'JPN', 'Hyogo', 266281),
	(1612, 'Ibaraki', 'JPN', 'Osaka', 261020),
	(1613, 'Neyagawa', 'JPN', 'Osaka', 257315),
	(1614, 'Shimonoseki', 'JPN', 'Yamaguchi', 257263),
	(1615, 'Yamagata', 'JPN', 'Yamagata', 255617),
	(1616, 'Fukui', 'JPN', 'Fukui', 254818),
	(1617, 'Hiratsuka', 'JPN', 'Kanagawa', 254207),
	(1618, 'Mito', 'JPN', 'Ibaragi', 246559),
	(1619, 'Sasebo', 'JPN', 'Nagasaki', 244240),
	(1620, 'Hachinohe', 'JPN', 'Aomori', 242979),
	(1621, 'Takasaki', 'JPN', 'Gumma', 239124),
	(1622, 'Shimizu', 'JPN', 'Shizuoka', 239123),
	(1623, 'Kurume', 'JPN', 'Fukuoka', 235611),
	(1624, 'Fuji', 'JPN', 'Shizuoka', 231527),
	(1625, 'Soka', 'JPN', 'Saitama', 222768),
	(1626, 'Fuchu', 'JPN', 'Tokyo-to', 220576),
	(1627, 'Chigasaki', 'JPN', 'Kanagawa', 216015),
	(1628, 'Atsugi', 'JPN', 'Kanagawa', 212407),
	(1629, 'Numazu', 'JPN', 'Shizuoka', 211382),
	(1630, 'Ageo', 'JPN', 'Saitama', 209442),
	(1631, 'Yamato', 'JPN', 'Kanagawa', 208234),
	(1632, 'Matsumoto', 'JPN', 'Nagano', 206801),
	(1633, 'Kure', 'JPN', 'Hiroshima', 206504),
	(1634, 'Takarazuka', 'JPN', 'Hyogo', 205993),
	(1635, 'Kasukabe', 'JPN', 'Saitama', 201838),
	(1636, 'Chofu', 'JPN', 'Tokyo-to', 201585),
	(1637, 'Odawara', 'JPN', 'Kanagawa', 200171),
	(1638, 'Kofu', 'JPN', 'Yamanashi', 199753),
	(1639, 'Kushiro', 'JPN', 'Hokkaido', 197608),
	(1640, 'Kishiwada', 'JPN', 'Osaka', 197276),
	(1641, 'Hitachi', 'JPN', 'Ibaragi', 196622),
	(1642, 'Nagaoka', 'JPN', 'Niigata', 192407),
	(1643, 'Itami', 'JPN', 'Hyogo', 190886),
	(1644, 'Uji', 'JPN', 'Kyoto', 188735),
	(1645, 'Suzuka', 'JPN', 'Mie', 184061),
	(1646, 'Hirosaki', 'JPN', 'Aomori', 177522),
	(1647, 'Ube', 'JPN', 'Yamaguchi', 175206),
	(1648, 'Kodaira', 'JPN', 'Tokyo-to', 174984),
	(1649, 'Takaoka', 'JPN', 'Toyama', 174380),
	(1650, 'Obihiro', 'JPN', 'Hokkaido', 173685),
	(1651, 'Tomakomai', 'JPN', 'Hokkaido', 171958),
	(1652, 'Saga', 'JPN', 'Saga', 170034),
	(1653, 'Sakura', 'JPN', 'Chiba', 168072),
	(1654, 'Kamakura', 'JPN', 'Kanagawa', 167661),
	(1655, 'Mitaka', 'JPN', 'Tokyo-to', 167268),
	(1656, 'Izumi', 'JPN', 'Osaka', 166979),
	(1657, 'Hino', 'JPN', 'Tokyo-to', 166770),
	(1658, 'Hadano', 'JPN', 'Kanagawa', 166512),
	(1659, 'Ashikaga', 'JPN', 'Tochigi', 165243),
	(1660, 'Tsu', 'JPN', 'Mie', 164543),
	(1661, 'Sayama', 'JPN', 'Saitama', 162472),
	(1662, 'Yachiyo', 'JPN', 'Chiba', 161222),
	(1663, 'Tsukuba', 'JPN', 'Ibaragi', 160768),
	(1664, 'Tachikawa', 'JPN', 'Tokyo-to', 159430),
	(1665, 'Kumagaya', 'JPN', 'Saitama', 157171),
	(1666, 'Moriguchi', 'JPN', 'Osaka', 155941),
	(1667, 'Otaru', 'JPN', 'Hokkaido', 155784),
	(1668, 'Anjo', 'JPN', 'Aichi', 153823),
	(1669, 'Narashino', 'JPN', 'Chiba', 152849),
	(1670, 'Oyama', 'JPN', 'Tochigi', 152820),
	(1671, 'Ogaki', 'JPN', 'Gifu', 151758),
	(1672, 'Matsue', 'JPN', 'Shimane', 149821),
	(1673, 'Kawanishi', 'JPN', 'Hyogo', 149794),
	(1674, 'Hitachinaka', 'JPN', 'Tokyo-to', 148006),
	(1675, 'Niiza', 'JPN', 'Saitama', 147744),
	(1676, 'Nagareyama', 'JPN', 'Chiba', 147738),
	(1677, 'Tottori', 'JPN', 'Tottori', 147523),
	(1678, 'Tama', 'JPN', 'Ibaragi', 146712),
	(1679, 'Iruma', 'JPN', 'Saitama', 145922),
	(1680, 'Ota', 'JPN', 'Gumma', 145317),
	(1681, 'Omuta', 'JPN', 'Fukuoka', 142889),
	(1682, 'Komaki', 'JPN', 'Aichi', 139827),
	(1683, 'Ome', 'JPN', 'Tokyo-to', 139216),
	(1684, 'Kadoma', 'JPN', 'Osaka', 138953),
	(1685, 'Yamaguchi', 'JPN', 'Yamaguchi', 138210),
	(1686, 'Higashimurayama', 'JPN', 'Tokyo-to', 136970),
	(1687, 'Yonago', 'JPN', 'Tottori', 136461),
	(1688, 'Matsubara', 'JPN', 'Osaka', 135010),
	(1689, 'Musashino', 'JPN', 'Tokyo-to', 134426),
	(1690, 'Tsuchiura', 'JPN', 'Ibaragi', 134072),
	(1691, 'Joetsu', 'JPN', 'Niigata', 133505),
	(1692, 'Miyakonojo', 'JPN', 'Miyazaki', 133183),
	(1693, 'Misato', 'JPN', 'Saitama', 132957),
	(1694, 'Kakamigahara', 'JPN', 'Gifu', 131831),
	(1695, 'Daito', 'JPN', 'Osaka', 130594),
	(1696, 'Seto', 'JPN', 'Aichi', 130470),
	(1697, 'Kariya', 'JPN', 'Aichi', 127969),
	(1698, 'Urayasu', 'JPN', 'Chiba', 127550),
	(1699, 'Beppu', 'JPN', 'Oita', 127486),
	(1700, 'Niihama', 'JPN', 'Ehime', 127207),
	(1701, 'Minoo', 'JPN', 'Osaka', 127026),
	(1702, 'Fujieda', 'JPN', 'Shizuoka', 126897),
	(1703, 'Abiko', 'JPN', 'Chiba', 126670),
	(1704, 'Nobeoka', 'JPN', 'Miyazaki', 125547),
	(1705, 'Tondabayashi', 'JPN', 'Osaka', 125094),
	(1706, 'Ueda', 'JPN', 'Nagano', 124217),
	(1707, 'Kashihara', 'JPN', 'Nara', 124013),
	(1708, 'Matsusaka', 'JPN', 'Mie', 123582),
	(1709, 'Isesaki', 'JPN', 'Gumma', 123285),
	(1710, 'Zama', 'JPN', 'Kanagawa', 122046),
	(1711, 'Kisarazu', 'JPN', 'Chiba', 121967),
	(1712, 'Noda', 'JPN', 'Chiba', 121030),
	(1713, 'Ishinomaki', 'JPN', 'Miyagi', 120963),
	(1714, 'Fujinomiya', 'JPN', 'Shizuoka', 119714),
	(1715, 'Kawachinagano', 'JPN', 'Osaka', 119666),
	(1716, 'Imabari', 'JPN', 'Ehime', 119357),
	(1717, 'Aizuwakamatsu', 'JPN', 'Fukushima', 119287),
	(1718, 'Higashihiroshima', 'JPN', 'Hiroshima', 119166),
	(1719, 'Habikino', 'JPN', 'Osaka', 118968),
	(1720, 'Ebetsu', 'JPN', 'Hokkaido', 118805),
	(1721, 'Hofu', 'JPN', 'Yamaguchi', 118751),
	(1722, 'Kiryu', 'JPN', 'Gumma', 118326),
	(1723, 'Okinawa', 'JPN', 'Okinawa', 117748),
	(1724, 'Yaizu', 'JPN', 'Shizuoka', 117258),
	(1725, 'Toyokawa', 'JPN', 'Aichi', 115781),
	(1726, 'Ebina', 'JPN', 'Kanagawa', 115571),
	(1727, 'Asaka', 'JPN', 'Saitama', 114815),
	(1728, 'Higashikurume', 'JPN', 'Tokyo-to', 111666),
	(1729, 'Ikoma', 'JPN', 'Nara', 111645),
	(1730, 'Kitami', 'JPN', 'Hokkaido', 111295),
	(1731, 'Koganei', 'JPN', 'Tokyo-to', 110969),
	(1732, 'Iwatsuki', 'JPN', 'Saitama', 110034),
	(1733, 'Mishima', 'JPN', 'Shizuoka', 109699),
	(1734, 'Handa', 'JPN', 'Aichi', 108600),
	(1735, 'Muroran', 'JPN', 'Hokkaido', 108275),
	(1736, 'Komatsu', 'JPN', 'Ishikawa', 107937),
	(1737, 'Yatsushiro', 'JPN', 'Kumamoto', 107661),
	(1738, 'Iida', 'JPN', 'Nagano', 107583),
	(1739, 'Tokuyama', 'JPN', 'Yamaguchi', 107078),
	(1740, 'Kokubunji', 'JPN', 'Tokyo-to', 106996),
	(1741, 'Akishima', 'JPN', 'Tokyo-to', 106914),
	(1742, 'Iwakuni', 'JPN', 'Yamaguchi', 106647),
	(1743, 'Kusatsu', 'JPN', 'Shiga', 106232),
	(1744, 'Kuwana', 'JPN', 'Mie', 106121),
	(1745, 'Sanda', 'JPN', 'Hyogo', 105643),
	(1746, 'Hikone', 'JPN', 'Shiga', 105508),
	(1747, 'Toda', 'JPN', 'Saitama', 103969),
	(1748, 'Tajimi', 'JPN', 'Gifu', 103171),
	(1749, 'Ikeda', 'JPN', 'Osaka', 102710),
	(1750, 'Fukaya', 'JPN', 'Saitama', 102156),
	(1751, 'Ise', 'JPN', 'Mie', 101732),
	(1752, 'Sakata', 'JPN', 'Yamagata', 101651),
	(1753, 'Kasuga', 'JPN', 'Fukuoka', 101344),
	(1754, 'Kamagaya', 'JPN', 'Chiba', 100821),
	(1755, 'Tsuruoka', 'JPN', 'Yamagata', 100713),
	(1756, 'Hoya', 'JPN', 'Tokyo-to', 100313),
	(1757, 'Nishio', 'JPN', 'Chiba', 100032),
	(1758, 'Tokai', 'JPN', 'Aichi', 99738),
	(1759, 'Inazawa', 'JPN', 'Aichi', 98746),
	(1760, 'Sakado', 'JPN', 'Saitama', 98221),
	(1761, 'Isehara', 'JPN', 'Kanagawa', 98123),
	(1762, 'Takasago', 'JPN', 'Hyogo', 97632),
	(1763, 'Fujimi', 'JPN', 'Saitama', 96972),
	(1764, 'Urasoe', 'JPN', 'Okinawa', 96002),
	(1765, 'Yonezawa', 'JPN', 'Yamagata', 95592),
	(1766, 'Konan', 'JPN', 'Aichi', 95521),
	(1767, 'Yamatokoriyama', 'JPN', 'Nara', 95165),
	(1768, 'Maizuru', 'JPN', 'Kyoto', 94784),
	(1769, 'Onomichi', 'JPN', 'Hiroshima', 93756),
	(1770, 'Higashimatsuyama', 'JPN', 'Saitama', 93342),
	(1771, 'Kimitsu', 'JPN', 'Chiba', 93216),
	(1772, 'Isahaya', 'JPN', 'Nagasaki', 93058),
	(1773, 'Kanuma', 'JPN', 'Tochigi', 93053),
	(1774, 'Izumisano', 'JPN', 'Osaka', 92583),
	(1775, 'Kameoka', 'JPN', 'Kyoto', 92398),
	(1776, 'Mobara', 'JPN', 'Chiba', 91664),
	(1777, 'Narita', 'JPN', 'Chiba', 91470),
	(1778, 'Kashiwazaki', 'JPN', 'Niigata', 91229),
	(1779, 'Tsuyama', 'JPN', 'Okayama', 91170),
	(1780, 'Sanaa', 'YEM', 'Sanaa', 503600),
	(1781, 'Aden', 'YEM', 'Aden', 398300),
	(1782, 'Taizz', 'YEM', 'Taizz', 317600),
	(1783, 'Hodeida', 'YEM', 'Hodeida', 298500),
	(1784, 'al-Mukalla', 'YEM', 'Hadramawt', 122400),
	(1785, 'Ibb', 'YEM', 'Ibb', 103300),
	(1786, 'Amman', 'JOR', 'Amman', 1000000),
	(1787, 'al-Zarqa', 'JOR', 'al-Zarqa', 389815),
	(1788, 'Irbid', 'JOR', 'Irbid', 231511),
	(1789, 'al-Rusayfa', 'JOR', 'al-Zarqa', 137247),
	(1790, 'Wadi al-Sir', 'JOR', 'Amman', 89104),
	(1791, 'Flying Fish Cove', 'CXR', '–', 700),
	(1792, 'Beograd', 'YUG', 'Central Serbia', 1204000),
	(1793, 'Novi Sad', 'YUG', 'Vojvodina', 179626),
	(1794, 'Niš', 'YUG', 'Central Serbia', 175391),
	(1795, 'Priština', 'YUG', 'Kosovo and Metohija', 155496),
	(1796, 'Kragujevac', 'YUG', 'Central Serbia', 147305),
	(1797, 'Podgorica', 'YUG', 'Montenegro', 135000),
	(1798, 'Subotica', 'YUG', 'Vojvodina', 100386),
	(1799, 'Prizren', 'YUG', 'Kosovo and Metohija', 92303),
	(1800, 'Phnom Penh', 'KHM', 'Phnom Penh', 570155),
	(1801, 'Battambang', 'KHM', 'Battambang', 129800),
	(1802, 'Siem Reap', 'KHM', 'Siem Reap', 105100),
	(1803, 'Douala', 'CMR', 'Littoral', 1448300),
	(1804, 'Yaoundé', 'CMR', 'Centre', 1372800),
	(1805, 'Garoua', 'CMR', 'Nord', 177000),
	(1806, 'Maroua', 'CMR', 'Extrême-Nord', 143000),
	(1807, 'Bamenda', 'CMR', 'Nord-Ouest', 138000),
	(1808, 'Bafoussam', 'CMR', 'Ouest', 131000),
	(1809, 'Nkongsamba', 'CMR', 'Littoral', 112454),
	(1810, 'Montréal', 'CAN', 'Québec', 1016376),
	(1811, 'Calgary', 'CAN', 'Alberta', 768082),
	(1812, 'Toronto', 'CAN', 'Ontario', 688275),
	(1813, 'North York', 'CAN', 'Ontario', 622632),
	(1814, 'Winnipeg', 'CAN', 'Manitoba', 618477),
	(1815, 'Edmonton', 'CAN', 'Alberta', 616306),
	(1816, 'Mississauga', 'CAN', 'Ontario', 608072),
	(1817, 'Scarborough', 'CAN', 'Ontario', 594501),
	(1818, 'Vancouver', 'CAN', 'British Colombia', 514008),
	(1819, 'Etobicoke', 'CAN', 'Ontario', 348845),
	(1820, 'London', 'CAN', 'Ontario', 339917),
	(1821, 'Hamilton', 'CAN', 'Ontario', 335614),
	(1822, 'Ottawa', 'CAN', 'Ontario', 335277),
	(1823, 'Laval', 'CAN', 'Québec', 330393),
	(1824, 'Surrey', 'CAN', 'British Colombia', 304477),
	(1825, 'Brampton', 'CAN', 'Ontario', 296711),
	(1826, 'Windsor', 'CAN', 'Ontario', 207588),
	(1827, 'Saskatoon', 'CAN', 'Saskatchewan', 193647),
	(1828, 'Kitchener', 'CAN', 'Ontario', 189959),
	(1829, 'Markham', 'CAN', 'Ontario', 189098),
	(1830, 'Regina', 'CAN', 'Saskatchewan', 180400),
	(1831, 'Burnaby', 'CAN', 'British Colombia', 179209),
	(1832, 'Québec', 'CAN', 'Québec', 167264),
	(1833, 'York', 'CAN', 'Ontario', 154980),
	(1834, 'Richmond', 'CAN', 'British Colombia', 148867),
	(1835, 'Vaughan', 'CAN', 'Ontario', 147889),
	(1836, 'Burlington', 'CAN', 'Ontario', 145150),
	(1837, 'Oshawa', 'CAN', 'Ontario', 140173),
	(1838, 'Oakville', 'CAN', 'Ontario', 139192),
	(1839, 'Saint Catharines', 'CAN', 'Ontario', 136216),
	(1840, 'Longueuil', 'CAN', 'Québec', 127977),
	(1841, 'Richmond Hill', 'CAN', 'Ontario', 116428),
	(1842, 'Thunder Bay', 'CAN', 'Ontario', 115913),
	(1843, 'Nepean', 'CAN', 'Ontario', 115100),
	(1844, 'Cape Breton', 'CAN', 'Nova Scotia', 114733),
	(1845, 'East York', 'CAN', 'Ontario', 114034),
	(1846, 'Halifax', 'CAN', 'Nova Scotia', 113910),
	(1847, 'Cambridge', 'CAN', 'Ontario', 109186),
	(1848, 'Gloucester', 'CAN', 'Ontario', 107314),
	(1849, 'Abbotsford', 'CAN', 'British Colombia', 105403),
	(1850, 'Guelph', 'CAN', 'Ontario', 103593),
	(1851, 'Saint John´s', 'CAN', 'Newfoundland', 101936),
	(1852, 'Coquitlam', 'CAN', 'British Colombia', 101820),
	(1853, 'Saanich', 'CAN', 'British Colombia', 101388),
	(1854, 'Gatineau', 'CAN', 'Québec', 100702),
	(1855, 'Delta', 'CAN', 'British Colombia', 95411),
	(1856, 'Sudbury', 'CAN', 'Ontario', 92686),
	(1857, 'Kelowna', 'CAN', 'British Colombia', 89442),
	(1858, 'Barrie', 'CAN', 'Ontario', 89269),
	(1859, 'Praia', 'CPV', 'São Tiago', 94800),
	(1860, 'Almaty', 'KAZ', 'Almaty Qalasy', 1129400),
	(1861, 'Qaraghandy', 'KAZ', 'Qaraghandy', 436900),
	(1862, 'Shymkent', 'KAZ', 'South Kazakstan', 360100),
	(1863, 'Taraz', 'KAZ', 'Taraz', 330100),
	(1864, 'Astana', 'KAZ', 'Astana', 311200),
	(1865, 'Öskemen', 'KAZ', 'East Kazakstan', 311000),
	(1866, 'Pavlodar', 'KAZ', 'Pavlodar', 300500),
	(1867, 'Semey', 'KAZ', 'East Kazakstan', 269600),
	(1868, 'Aqtöbe', 'KAZ', 'Aqtöbe', 253100),
	(1869, 'Qostanay', 'KAZ', 'Qostanay', 221400),
	(1870, 'Petropavl', 'KAZ', 'North Kazakstan', 203500),
	(1871, 'Oral', 'KAZ', 'West Kazakstan', 195500),
	(1872, 'Temirtau', 'KAZ', 'Qaraghandy', 170500),
	(1873, 'Qyzylorda', 'KAZ', 'Qyzylorda', 157400),
	(1874, 'Aqtau', 'KAZ', 'Mangghystau', 143400),
	(1875, 'Atyrau', 'KAZ', 'Atyrau', 142500),
	(1876, 'Ekibastuz', 'KAZ', 'Pavlodar', 127200),
	(1877, 'Kökshetau', 'KAZ', 'North Kazakstan', 123400),
	(1878, 'Rudnyy', 'KAZ', 'Qostanay', 109500),
	(1879, 'Taldyqorghan', 'KAZ', 'Almaty', 98000),
	(1880, 'Zhezqazghan', 'KAZ', 'Qaraghandy', 90000),
	(1881, 'Nairobi', 'KEN', 'Nairobi', 2290000),
	(1882, 'Mombasa', 'KEN', 'Coast', 461753),
	(1883, 'Kisumu', 'KEN', 'Nyanza', 192733),
	(1884, 'Nakuru', 'KEN', 'Rift Valley', 163927),
	(1885, 'Machakos', 'KEN', 'Eastern', 116293),
	(1886, 'Eldoret', 'KEN', 'Rift Valley', 111882),
	(1887, 'Meru', 'KEN', 'Eastern', 94947),
	(1888, 'Nyeri', 'KEN', 'Central', 91258),
	(1889, 'Bangui', 'CAF', 'Bangui', 524000),
	(1890, 'Shanghai', 'CHN', 'Shanghai', 9696300),
	(1891, 'Peking', 'CHN', 'Peking', 7472000),
	(1892, 'Chongqing', 'CHN', 'Chongqing', 6351600),
	(1893, 'Tianjin', 'CHN', 'Tianjin', 5286800),
	(1894, 'Wuhan', 'CHN', 'Hubei', 4344600),
	(1895, 'Harbin', 'CHN', 'Heilongjiang', 4289800),
	(1896, 'Shenyang', 'CHN', 'Liaoning', 4265200),
	(1897, 'Kanton [Guangzhou]', 'CHN', 'Guangdong', 4256300),
	(1898, 'Chengdu', 'CHN', 'Sichuan', 3361500),
	(1899, 'Nanking [Nanjing]', 'CHN', 'Jiangsu', 2870300),
	(1900, 'Changchun', 'CHN', 'Jilin', 2812000),
	(1901, 'Xi´an', 'CHN', 'Shaanxi', 2761400),
	(1902, 'Dalian', 'CHN', 'Liaoning', 2697000),
	(1903, 'Qingdao', 'CHN', 'Shandong', 2596000),
	(1904, 'Jinan', 'CHN', 'Shandong', 2278100),
	(1905, 'Hangzhou', 'CHN', 'Zhejiang', 2190500),
	(1906, 'Zhengzhou', 'CHN', 'Henan', 2107200),
	(1907, 'Shijiazhuang', 'CHN', 'Hebei', 2041500),
	(1908, 'Taiyuan', 'CHN', 'Shanxi', 1968400),
	(1909, 'Kunming', 'CHN', 'Yunnan', 1829500),
	(1910, 'Changsha', 'CHN', 'Hunan', 1809800),
	(1911, 'Nanchang', 'CHN', 'Jiangxi', 1691600),
	(1912, 'Fuzhou', 'CHN', 'Fujian', 1593800),
	(1913, 'Lanzhou', 'CHN', 'Gansu', 1565800),
	(1914, 'Guiyang', 'CHN', 'Guizhou', 1465200),
	(1915, 'Ningbo', 'CHN', 'Zhejiang', 1371200),
	(1916, 'Hefei', 'CHN', 'Anhui', 1369100),
	(1917, 'Urumtši [Ürümqi]', 'CHN', 'Xinxiang', 1310100),
	(1918, 'Anshan', 'CHN', 'Liaoning', 1200000),
	(1919, 'Fushun', 'CHN', 'Liaoning', 1200000),
	(1920, 'Nanning', 'CHN', 'Guangxi', 1161800),
	(1921, 'Zibo', 'CHN', 'Shandong', 1140000),
	(1922, 'Qiqihar', 'CHN', 'Heilongjiang', 1070000),
	(1923, 'Jilin', 'CHN', 'Jilin', 1040000),
	(1924, 'Tangshan', 'CHN', 'Hebei', 1040000),
	(1925, 'Baotou', 'CHN', 'Inner Mongolia', 980000),
	(1926, 'Shenzhen', 'CHN', 'Guangdong', 950500),
	(1927, 'Hohhot', 'CHN', 'Inner Mongolia', 916700),
	(1928, 'Handan', 'CHN', 'Hebei', 840000),
	(1929, 'Wuxi', 'CHN', 'Jiangsu', 830000),
	(1930, 'Xuzhou', 'CHN', 'Jiangsu', 810000),
	(1931, 'Datong', 'CHN', 'Shanxi', 800000),
	(1932, 'Yichun', 'CHN', 'Heilongjiang', 800000),
	(1933, 'Benxi', 'CHN', 'Liaoning', 770000),
	(1934, 'Luoyang', 'CHN', 'Henan', 760000),
	(1935, 'Suzhou', 'CHN', 'Jiangsu', 710000),
	(1936, 'Xining', 'CHN', 'Qinghai', 700200),
	(1937, 'Huainan', 'CHN', 'Anhui', 700000),
	(1938, 'Jixi', 'CHN', 'Heilongjiang', 683885),
	(1939, 'Daqing', 'CHN', 'Heilongjiang', 660000),
	(1940, 'Fuxin', 'CHN', 'Liaoning', 640000),
	(1941, 'Amoy [Xiamen]', 'CHN', 'Fujian', 627500),
	(1942, 'Liuzhou', 'CHN', 'Guangxi', 610000),
	(1943, 'Shantou', 'CHN', 'Guangdong', 580000),
	(1944, 'Jinzhou', 'CHN', 'Liaoning', 570000),
	(1945, 'Mudanjiang', 'CHN', 'Heilongjiang', 570000),
	(1946, 'Yinchuan', 'CHN', 'Ningxia', 544500),
	(1947, 'Changzhou', 'CHN', 'Jiangsu', 530000),
	(1948, 'Zhangjiakou', 'CHN', 'Hebei', 530000),
	(1949, 'Dandong', 'CHN', 'Liaoning', 520000),
	(1950, 'Hegang', 'CHN', 'Heilongjiang', 520000),
	(1951, 'Kaifeng', 'CHN', 'Henan', 510000),
	(1952, 'Jiamusi', 'CHN', 'Heilongjiang', 493409),
	(1953, 'Liaoyang', 'CHN', 'Liaoning', 492559),
	(1954, 'Hengyang', 'CHN', 'Hunan', 487148),
	(1955, 'Baoding', 'CHN', 'Hebei', 483155),
	(1956, 'Hunjiang', 'CHN', 'Jilin', 482043),
	(1957, 'Xinxiang', 'CHN', 'Henan', 473762),
	(1958, 'Huangshi', 'CHN', 'Hubei', 457601),
	(1959, 'Haikou', 'CHN', 'Hainan', 454300),
	(1960, 'Yantai', 'CHN', 'Shandong', 452127),
	(1961, 'Bengbu', 'CHN', 'Anhui', 449245),
	(1962, 'Xiangtan', 'CHN', 'Hunan', 441968),
	(1963, 'Weifang', 'CHN', 'Shandong', 428522),
	(1964, 'Wuhu', 'CHN', 'Anhui', 425740),
	(1965, 'Pingxiang', 'CHN', 'Jiangxi', 425579),
	(1966, 'Yingkou', 'CHN', 'Liaoning', 421589),
	(1967, 'Anyang', 'CHN', 'Henan', 420332),
	(1968, 'Panzhihua', 'CHN', 'Sichuan', 415466),
	(1969, 'Pingdingshan', 'CHN', 'Henan', 410775),
	(1970, 'Xiangfan', 'CHN', 'Hubei', 410407),
	(1971, 'Zhuzhou', 'CHN', 'Hunan', 409924),
	(1972, 'Jiaozuo', 'CHN', 'Henan', 409100),
	(1973, 'Wenzhou', 'CHN', 'Zhejiang', 401871),
	(1974, 'Zhangjiang', 'CHN', 'Guangdong', 400997),
	(1975, 'Zigong', 'CHN', 'Sichuan', 393184),
	(1976, 'Shuangyashan', 'CHN', 'Heilongjiang', 386081),
	(1977, 'Zaozhuang', 'CHN', 'Shandong', 380846),
	(1978, 'Yakeshi', 'CHN', 'Inner Mongolia', 377869),
	(1979, 'Yichang', 'CHN', 'Hubei', 371601),
	(1980, 'Zhenjiang', 'CHN', 'Jiangsu', 368316),
	(1981, 'Huaibei', 'CHN', 'Anhui', 366549),
	(1982, 'Qinhuangdao', 'CHN', 'Hebei', 364972),
	(1983, 'Guilin', 'CHN', 'Guangxi', 364130),
	(1984, 'Liupanshui', 'CHN', 'Guizhou', 363954),
	(1985, 'Panjin', 'CHN', 'Liaoning', 362773),
	(1986, 'Yangquan', 'CHN', 'Shanxi', 362268),
	(1987, 'Jinxi', 'CHN', 'Liaoning', 357052),
	(1988, 'Liaoyuan', 'CHN', 'Jilin', 354141),
	(1989, 'Lianyungang', 'CHN', 'Jiangsu', 354139),
	(1990, 'Xianyang', 'CHN', 'Shaanxi', 352125),
	(1991, 'Tai´an', 'CHN', 'Shandong', 350696),
	(1992, 'Chifeng', 'CHN', 'Inner Mongolia', 350077),
	(1993, 'Shaoguan', 'CHN', 'Guangdong', 350043),
	(1994, 'Nantong', 'CHN', 'Jiangsu', 343341),
	(1995, 'Leshan', 'CHN', 'Sichuan', 341128),
	(1996, 'Baoji', 'CHN', 'Shaanxi', 337765),
	(1997, 'Linyi', 'CHN', 'Shandong', 324720),
	(1998, 'Tonghua', 'CHN', 'Jilin', 324600),
	(1999, 'Siping', 'CHN', 'Jilin', 317223),
	(2000, 'Changzhi', 'CHN', 'Shanxi', 317144),
	(2001, 'Tengzhou', 'CHN', 'Shandong', 315083),
	(2002, 'Chaozhou', 'CHN', 'Guangdong', 313469),
	(2003, 'Yangzhou', 'CHN', 'Jiangsu', 312892),
	(2004, 'Dongwan', 'CHN', 'Guangdong', 308669),
	(2005, 'Ma´anshan', 'CHN', 'Anhui', 305421),
	(2006, 'Foshan', 'CHN', 'Guangdong', 303160),
	(2007, 'Yueyang', 'CHN', 'Hunan', 302800),
	(2008, 'Xingtai', 'CHN', 'Hebei', 302789),
	(2009, 'Changde', 'CHN', 'Hunan', 301276),
	(2010, 'Shihezi', 'CHN', 'Xinxiang', 299676),
	(2011, 'Yancheng', 'CHN', 'Jiangsu', 296831),
	(2012, 'Jiujiang', 'CHN', 'Jiangxi', 291187),
	(2013, 'Dongying', 'CHN', 'Shandong', 281728),
	(2014, 'Shashi', 'CHN', 'Hubei', 281352),
	(2015, 'Xintai', 'CHN', 'Shandong', 281248),
	(2016, 'Jingdezhen', 'CHN', 'Jiangxi', 281183),
	(2017, 'Tongchuan', 'CHN', 'Shaanxi', 280657),
	(2018, 'Zhongshan', 'CHN', 'Guangdong', 278829),
	(2019, 'Shiyan', 'CHN', 'Hubei', 273786),
	(2020, 'Tieli', 'CHN', 'Heilongjiang', 265683),
	(2021, 'Jining', 'CHN', 'Shandong', 265248),
	(2022, 'Wuhai', 'CHN', 'Inner Mongolia', 264081),
	(2023, 'Mianyang', 'CHN', 'Sichuan', 262947),
	(2024, 'Luzhou', 'CHN', 'Sichuan', 262892),
	(2025, 'Zunyi', 'CHN', 'Guizhou', 261862),
	(2026, 'Shizuishan', 'CHN', 'Ningxia', 257862),
	(2027, 'Neijiang', 'CHN', 'Sichuan', 256012),
	(2028, 'Tongliao', 'CHN', 'Inner Mongolia', 255129),
	(2029, 'Tieling', 'CHN', 'Liaoning', 254842),
	(2030, 'Wafangdian', 'CHN', 'Liaoning', 251733),
	(2031, 'Anqing', 'CHN', 'Anhui', 250718),
	(2032, 'Shaoyang', 'CHN', 'Hunan', 247227),
	(2033, 'Laiwu', 'CHN', 'Shandong', 246833),
	(2034, 'Chengde', 'CHN', 'Hebei', 246799),
	(2035, 'Tianshui', 'CHN', 'Gansu', 244974),
	(2036, 'Nanyang', 'CHN', 'Henan', 243303),
	(2037, 'Cangzhou', 'CHN', 'Hebei', 242708),
	(2038, 'Yibin', 'CHN', 'Sichuan', 241019),
	(2039, 'Huaiyin', 'CHN', 'Jiangsu', 239675),
	(2040, 'Dunhua', 'CHN', 'Jilin', 235100),
	(2041, 'Yanji', 'CHN', 'Jilin', 230892),
	(2042, 'Jiangmen', 'CHN', 'Guangdong', 230587),
	(2043, 'Tongling', 'CHN', 'Anhui', 228017),
	(2044, 'Suihua', 'CHN', 'Heilongjiang', 227881),
	(2045, 'Gongziling', 'CHN', 'Jilin', 226569),
	(2046, 'Xiantao', 'CHN', 'Hubei', 222884),
	(2047, 'Chaoyang', 'CHN', 'Liaoning', 222394),
	(2048, 'Ganzhou', 'CHN', 'Jiangxi', 220129),
	(2049, 'Huzhou', 'CHN', 'Zhejiang', 218071),
	(2050, 'Baicheng', 'CHN', 'Jilin', 217987),
	(2051, 'Shangzi', 'CHN', 'Heilongjiang', 215373),
	(2052, 'Yangjiang', 'CHN', 'Guangdong', 215196),
	(2053, 'Qitaihe', 'CHN', 'Heilongjiang', 214957),
	(2054, 'Gejiu', 'CHN', 'Yunnan', 214294),
	(2055, 'Jiangyin', 'CHN', 'Jiangsu', 213659),
	(2056, 'Hebi', 'CHN', 'Henan', 212976),
	(2057, 'Jiaxing', 'CHN', 'Zhejiang', 211526),
	(2058, 'Wuzhou', 'CHN', 'Guangxi', 210452),
	(2059, 'Meihekou', 'CHN', 'Jilin', 209038),
	(2060, 'Xuchang', 'CHN', 'Henan', 208815),
	(2061, 'Liaocheng', 'CHN', 'Shandong', 207844),
	(2062, 'Haicheng', 'CHN', 'Liaoning', 205560),
	(2063, 'Qianjiang', 'CHN', 'Hubei', 205504),
	(2064, 'Baiyin', 'CHN', 'Gansu', 204970),
	(2065, 'Bei´an', 'CHN', 'Heilongjiang', 204899),
	(2066, 'Yixing', 'CHN', 'Jiangsu', 200824),
	(2067, 'Laizhou', 'CHN', 'Shandong', 198664),
	(2068, 'Qaramay', 'CHN', 'Xinxiang', 197602),
	(2069, 'Acheng', 'CHN', 'Heilongjiang', 197595),
	(2070, 'Dezhou', 'CHN', 'Shandong', 195485),
	(2071, 'Nanping', 'CHN', 'Fujian', 195064),
	(2072, 'Zhaoqing', 'CHN', 'Guangdong', 194784),
	(2073, 'Beipiao', 'CHN', 'Liaoning', 194301),
	(2074, 'Fengcheng', 'CHN', 'Jiangxi', 193784),
	(2075, 'Fuyu', 'CHN', 'Jilin', 192981),
	(2076, 'Xinyang', 'CHN', 'Henan', 192509),
	(2077, 'Dongtai', 'CHN', 'Jiangsu', 192247),
	(2078, 'Yuci', 'CHN', 'Shanxi', 191356),
	(2079, 'Honghu', 'CHN', 'Hubei', 190772),
	(2080, 'Ezhou', 'CHN', 'Hubei', 190123),
	(2081, 'Heze', 'CHN', 'Shandong', 189293),
	(2082, 'Daxian', 'CHN', 'Sichuan', 188101),
	(2083, 'Linfen', 'CHN', 'Shanxi', 187309),
	(2084, 'Tianmen', 'CHN', 'Hubei', 186332),
	(2085, 'Yiyang', 'CHN', 'Hunan', 185818),
	(2086, 'Quanzhou', 'CHN', 'Fujian', 185154),
	(2087, 'Rizhao', 'CHN', 'Shandong', 185048),
	(2088, 'Deyang', 'CHN', 'Sichuan', 182488),
	(2089, 'Guangyuan', 'CHN', 'Sichuan', 182241),
	(2090, 'Changshu', 'CHN', 'Jiangsu', 181805),
	(2091, 'Zhangzhou', 'CHN', 'Fujian', 181424),
	(2092, 'Hailar', 'CHN', 'Inner Mongolia', 180650),
	(2093, 'Nanchong', 'CHN', 'Sichuan', 180273),
	(2094, 'Jiutai', 'CHN', 'Jilin', 180130),
	(2095, 'Zhaodong', 'CHN', 'Heilongjiang', 179976),
	(2096, 'Shaoxing', 'CHN', 'Zhejiang', 179818),
	(2097, 'Fuyang', 'CHN', 'Anhui', 179572),
	(2098, 'Maoming', 'CHN', 'Guangdong', 178683),
	(2099, 'Qujing', 'CHN', 'Yunnan', 178669),
	(2100, 'Ghulja', 'CHN', 'Xinxiang', 177193),
	(2101, 'Jiaohe', 'CHN', 'Jilin', 176367),
	(2102, 'Puyang', 'CHN', 'Henan', 175988),
	(2103, 'Huadian', 'CHN', 'Jilin', 175873),
	(2104, 'Jiangyou', 'CHN', 'Sichuan', 175753),
	(2105, 'Qashqar', 'CHN', 'Xinxiang', 174570),
	(2106, 'Anshun', 'CHN', 'Guizhou', 174142),
	(2107, 'Fuling', 'CHN', 'Sichuan', 173878),
	(2108, 'Xinyu', 'CHN', 'Jiangxi', 173524),
	(2109, 'Hanzhong', 'CHN', 'Shaanxi', 169930),
	(2110, 'Danyang', 'CHN', 'Jiangsu', 169603),
	(2111, 'Chenzhou', 'CHN', 'Hunan', 169400),
	(2112, 'Xiaogan', 'CHN', 'Hubei', 166280),
	(2113, 'Shangqiu', 'CHN', 'Henan', 164880),
	(2114, 'Zhuhai', 'CHN', 'Guangdong', 164747),
	(2115, 'Qingyuan', 'CHN', 'Guangdong', 164641),
	(2116, 'Aqsu', 'CHN', 'Xinxiang', 164092),
	(2117, 'Jining', 'CHN', 'Inner Mongolia', 163552),
	(2118, 'Xiaoshan', 'CHN', 'Zhejiang', 162930),
	(2119, 'Zaoyang', 'CHN', 'Hubei', 162198),
	(2120, 'Xinghua', 'CHN', 'Jiangsu', 161910),
	(2121, 'Hami', 'CHN', 'Xinxiang', 161315),
	(2122, 'Huizhou', 'CHN', 'Guangdong', 161023),
	(2123, 'Jinmen', 'CHN', 'Hubei', 160794),
	(2124, 'Sanming', 'CHN', 'Fujian', 160691),
	(2125, 'Ulanhot', 'CHN', 'Inner Mongolia', 159538),
	(2126, 'Korla', 'CHN', 'Xinxiang', 159344),
	(2127, 'Wanxian', 'CHN', 'Sichuan', 156823),
	(2128, 'Rui´an', 'CHN', 'Zhejiang', 156468),
	(2129, 'Zhoushan', 'CHN', 'Zhejiang', 156317),
	(2130, 'Liangcheng', 'CHN', 'Shandong', 156307),
	(2131, 'Jiaozhou', 'CHN', 'Shandong', 153364),
	(2132, 'Taizhou', 'CHN', 'Jiangsu', 152442),
	(2133, 'Suzhou', 'CHN', 'Anhui', 151862),
	(2134, 'Yichun', 'CHN', 'Jiangxi', 151585),
	(2135, 'Taonan', 'CHN', 'Jilin', 150168),
	(2136, 'Pingdu', 'CHN', 'Shandong', 150123),
	(2137, 'Ji´an', 'CHN', 'Jiangxi', 148583),
	(2138, 'Longkou', 'CHN', 'Shandong', 148362),
	(2139, 'Langfang', 'CHN', 'Hebei', 148105),
	(2140, 'Zhoukou', 'CHN', 'Henan', 146288),
	(2141, 'Suining', 'CHN', 'Sichuan', 146086),
	(2142, 'Yulin', 'CHN', 'Guangxi', 144467),
	(2143, 'Jinhua', 'CHN', 'Zhejiang', 144280),
	(2144, 'Liu´an', 'CHN', 'Anhui', 144248),
	(2145, 'Shuangcheng', 'CHN', 'Heilongjiang', 142659),
	(2146, 'Suizhou', 'CHN', 'Hubei', 142302),
	(2147, 'Ankang', 'CHN', 'Shaanxi', 142170),
	(2148, 'Weinan', 'CHN', 'Shaanxi', 140169),
	(2149, 'Longjing', 'CHN', 'Jilin', 139417),
	(2150, 'Da´an', 'CHN', 'Jilin', 138963),
	(2151, 'Lengshuijiang', 'CHN', 'Hunan', 137994),
	(2152, 'Laiyang', 'CHN', 'Shandong', 137080),
	(2153, 'Xianning', 'CHN', 'Hubei', 136811),
	(2154, 'Dali', 'CHN', 'Yunnan', 136554),
	(2155, 'Anda', 'CHN', 'Heilongjiang', 136446),
	(2156, 'Jincheng', 'CHN', 'Shanxi', 136396),
	(2157, 'Longyan', 'CHN', 'Fujian', 134481),
	(2158, 'Xichang', 'CHN', 'Sichuan', 134419),
	(2159, 'Wendeng', 'CHN', 'Shandong', 133910),
	(2160, 'Hailun', 'CHN', 'Heilongjiang', 133565),
	(2161, 'Binzhou', 'CHN', 'Shandong', 133555),
	(2162, 'Linhe', 'CHN', 'Inner Mongolia', 133183),
	(2163, 'Wuwei', 'CHN', 'Gansu', 133101),
	(2164, 'Duyun', 'CHN', 'Guizhou', 132971),
	(2165, 'Mishan', 'CHN', 'Heilongjiang', 132744),
	(2166, 'Shangrao', 'CHN', 'Jiangxi', 132455),
	(2167, 'Changji', 'CHN', 'Xinxiang', 132260),
	(2168, 'Meixian', 'CHN', 'Guangdong', 132156),
	(2169, 'Yushu', 'CHN', 'Jilin', 131861),
	(2170, 'Tiefa', 'CHN', 'Liaoning', 131807),
	(2171, 'Huai´an', 'CHN', 'Jiangsu', 131149),
	(2172, 'Leiyang', 'CHN', 'Hunan', 130115),
	(2173, 'Zalantun', 'CHN', 'Inner Mongolia', 130031),
	(2174, 'Weihai', 'CHN', 'Shandong', 128888),
	(2175, 'Loudi', 'CHN', 'Hunan', 128418),
	(2176, 'Qingzhou', 'CHN', 'Shandong', 128258),
	(2177, 'Qidong', 'CHN', 'Jiangsu', 126872),
	(2178, 'Huaihua', 'CHN', 'Hunan', 126785),
	(2179, 'Luohe', 'CHN', 'Henan', 126438),
	(2180, 'Chuzhou', 'CHN', 'Anhui', 125341),
	(2181, 'Kaiyuan', 'CHN', 'Liaoning', 124219),
	(2182, 'Linqing', 'CHN', 'Shandong', 123958),
	(2183, 'Chaohu', 'CHN', 'Anhui', 123676),
	(2184, 'Laohekou', 'CHN', 'Hubei', 123366),
	(2185, 'Dujiangyan', 'CHN', 'Sichuan', 123357),
	(2186, 'Zhumadian', 'CHN', 'Henan', 123232),
	(2187, 'Linchuan', 'CHN', 'Jiangxi', 121949),
	(2188, 'Jiaonan', 'CHN', 'Shandong', 121397),
	(2189, 'Sanmenxia', 'CHN', 'Henan', 120523),
	(2190, 'Heyuan', 'CHN', 'Guangdong', 120101),
	(2191, 'Manzhouli', 'CHN', 'Inner Mongolia', 120023),
	(2192, 'Lhasa', 'CHN', 'Tibet', 120000),
	(2193, 'Lianyuan', 'CHN', 'Hunan', 118858),
	(2194, 'Kuytun', 'CHN', 'Xinxiang', 118553),
	(2195, 'Puqi', 'CHN', 'Hubei', 117264),
	(2196, 'Hongjiang', 'CHN', 'Hunan', 116188),
	(2197, 'Qinzhou', 'CHN', 'Guangxi', 114586),
	(2198, 'Renqiu', 'CHN', 'Hebei', 114256),
	(2199, 'Yuyao', 'CHN', 'Zhejiang', 114065),
	(2200, 'Guigang', 'CHN', 'Guangxi', 114025),
	(2201, 'Kaili', 'CHN', 'Guizhou', 113958),
	(2202, 'Yan´an', 'CHN', 'Shaanxi', 113277),
	(2203, 'Beihai', 'CHN', 'Guangxi', 112673),
	(2204, 'Xuangzhou', 'CHN', 'Anhui', 112673),
	(2205, 'Quzhou', 'CHN', 'Zhejiang', 112373),
	(2206, 'Yong´an', 'CHN', 'Fujian', 111762),
	(2207, 'Zixing', 'CHN', 'Hunan', 110048),
	(2208, 'Liyang', 'CHN', 'Jiangsu', 109520),
	(2209, 'Yizheng', 'CHN', 'Jiangsu', 109268),
	(2210, 'Yumen', 'CHN', 'Gansu', 109234),
	(2211, 'Liling', 'CHN', 'Hunan', 108504),
	(2212, 'Yuncheng', 'CHN', 'Shanxi', 108359),
	(2213, 'Shanwei', 'CHN', 'Guangdong', 107847),
	(2214, 'Cixi', 'CHN', 'Zhejiang', 107329),
	(2215, 'Yuanjiang', 'CHN', 'Hunan', 107004),
	(2216, 'Bozhou', 'CHN', 'Anhui', 106346),
	(2217, 'Jinchang', 'CHN', 'Gansu', 105287),
	(2218, 'Fu´an', 'CHN', 'Fujian', 105265),
	(2219, 'Suqian', 'CHN', 'Jiangsu', 105021),
	(2220, 'Shishou', 'CHN', 'Hubei', 104571),
	(2221, 'Hengshui', 'CHN', 'Hebei', 104269),
	(2222, 'Danjiangkou', 'CHN', 'Hubei', 103211),
	(2223, 'Fujin', 'CHN', 'Heilongjiang', 103104),
	(2224, 'Sanya', 'CHN', 'Hainan', 102820),
	(2225, 'Guangshui', 'CHN', 'Hubei', 102770),
	(2226, 'Huangshan', 'CHN', 'Anhui', 102628),
	(2227, 'Xingcheng', 'CHN', 'Liaoning', 102384),
	(2228, 'Zhucheng', 'CHN', 'Shandong', 102134),
	(2229, 'Kunshan', 'CHN', 'Jiangsu', 102052),
	(2230, 'Haining', 'CHN', 'Zhejiang', 100478),
	(2231, 'Pingliang', 'CHN', 'Gansu', 99265),
	(2232, 'Fuqing', 'CHN', 'Fujian', 99193),
	(2233, 'Xinzhou', 'CHN', 'Shanxi', 98667),
	(2234, 'Jieyang', 'CHN', 'Guangdong', 98531),
	(2235, 'Zhangjiagang', 'CHN', 'Jiangsu', 97994),
	(2236, 'Tong Xian', 'CHN', 'Peking', 97168),
	(2237, 'Ya´an', 'CHN', 'Sichuan', 95900),
	(2238, 'Jinzhou', 'CHN', 'Liaoning', 95761),
	(2239, 'Emeishan', 'CHN', 'Sichuan', 94000),
	(2240, 'Enshi', 'CHN', 'Hubei', 93056),
	(2241, 'Bose', 'CHN', 'Guangxi', 93009),
	(2242, 'Yuzhou', 'CHN', 'Henan', 92889),
	(2243, 'Kaiyuan', 'CHN', 'Yunnan', 91999),
	(2244, 'Tumen', 'CHN', 'Jilin', 91471),
	(2245, 'Putian', 'CHN', 'Fujian', 91030),
	(2246, 'Linhai', 'CHN', 'Zhejiang', 90870),
	(2247, 'Xilin Hot', 'CHN', 'Inner Mongolia', 90646),
	(2248, 'Shaowu', 'CHN', 'Fujian', 90286),
	(2249, 'Junan', 'CHN', 'Shandong', 90222),
	(2250, 'Huaying', 'CHN', 'Sichuan', 89400),
	(2251, 'Pingyi', 'CHN', 'Shandong', 89373),
	(2252, 'Huangyan', 'CHN', 'Zhejiang', 89288),
	(2253, 'Bishkek', 'KGZ', 'Bishkek shaary', 589400),
	(2254, 'Osh', 'KGZ', 'Osh', 222700),
	(2255, 'Bikenibeu', 'KIR', 'South Tarawa', 5055),
	(2256, 'Bairiki', 'KIR', 'South Tarawa', 2226),
	(2257, 'Santafé de Bogotá', 'COL', 'Santafé de Bogotá', 6260862),
	(2258, 'Cali', 'COL', 'Valle', 2077386),
	(2259, 'Medellín', 'COL', 'Antioquia', 1861265),
	(2260, 'Barranquilla', 'COL', 'Atlántico', 1223260),
	(2261, 'Cartagena', 'COL', 'Bolívar', 805757),
	(2262, 'Cúcuta', 'COL', 'Norte de Santander', 606932),
	(2263, 'Bucaramanga', 'COL', 'Santander', 515555),
	(2264, 'Ibagué', 'COL', 'Tolima', 393664),
	(2265, 'Pereira', 'COL', 'Risaralda', 381725),
	(2266, 'Santa Marta', 'COL', 'Magdalena', 359147),
	(2267, 'Manizales', 'COL', 'Caldas', 337580),
	(2268, 'Bello', 'COL', 'Antioquia', 333470),
	(2269, 'Pasto', 'COL', 'Nariño', 332396),
	(2270, 'Neiva', 'COL', 'Huila', 300052),
	(2271, 'Soledad', 'COL', 'Atlántico', 295058),
	(2272, 'Armenia', 'COL', 'Quindío', 288977),
	(2273, 'Villavicencio', 'COL', 'Meta', 273140),
	(2274, 'Soacha', 'COL', 'Cundinamarca', 272058),
	(2275, 'Valledupar', 'COL', 'Cesar', 263247),
	(2276, 'Montería', 'COL', 'Córdoba', 248245),
	(2277, 'Itagüí', 'COL', 'Antioquia', 228985),
	(2278, 'Palmira', 'COL', 'Valle', 226509),
	(2279, 'Buenaventura', 'COL', 'Valle', 224336),
	(2280, 'Floridablanca', 'COL', 'Santander', 221913),
	(2281, 'Sincelejo', 'COL', 'Sucre', 220704),
	(2282, 'Popayán', 'COL', 'Cauca', 200719),
	(2283, 'Barrancabermeja', 'COL', 'Santander', 178020),
	(2284, 'Dos Quebradas', 'COL', 'Risaralda', 159363),
	(2285, 'Tuluá', 'COL', 'Valle', 152488),
	(2286, 'Envigado', 'COL', 'Antioquia', 135848),
	(2287, 'Cartago', 'COL', 'Valle', 125884),
	(2288, 'Girardot', 'COL', 'Cundinamarca', 110963),
	(2289, 'Buga', 'COL', 'Valle', 110699),
	(2290, 'Tunja', 'COL', 'Boyacá', 109740),
	(2291, 'Florencia', 'COL', 'Caquetá', 108574),
	(2292, 'Maicao', 'COL', 'La Guajira', 108053),
	(2293, 'Sogamoso', 'COL', 'Boyacá', 107728),
	(2294, 'Giron', 'COL', 'Santander', 90688),
	(2295, 'Moroni', 'COM', 'Njazidja', 36000),
	(2296, 'Brazzaville', 'COG', 'Brazzaville', 950000),
	(2297, 'Pointe-Noire', 'COG', 'Kouilou', 500000),
	(2298, 'Kinshasa', 'COD', 'Kinshasa', 5064000),
	(2299, 'Lubumbashi', 'COD', 'Shaba', 851381),
	(2300, 'Mbuji-Mayi', 'COD', 'East Kasai', 806475),
	(2301, 'Kolwezi', 'COD', 'Shaba', 417810),
	(2302, 'Kisangani', 'COD', 'Haute-Zaïre', 417517),
	(2303, 'Kananga', 'COD', 'West Kasai', 393030),
	(2304, 'Likasi', 'COD', 'Shaba', 299118),
	(2305, 'Bukavu', 'COD', 'South Kivu', 201569),
	(2306, 'Kikwit', 'COD', 'Bandundu', 182142),
	(2307, 'Tshikapa', 'COD', 'West Kasai', 180860),
	(2308, 'Matadi', 'COD', 'Bas-Zaïre', 172730),
	(2309, 'Mbandaka', 'COD', 'Equateur', 169841),
	(2310, 'Mwene-Ditu', 'COD', 'East Kasai', 137459),
	(2311, 'Boma', 'COD', 'Bas-Zaïre', 135284),
	(2312, 'Uvira', 'COD', 'South Kivu', 115590),
	(2313, 'Butembo', 'COD', 'North Kivu', 109406),
	(2314, 'Goma', 'COD', 'North Kivu', 109094),
	(2315, 'Kalemie', 'COD', 'Shaba', 101309),
	(2316, 'Bantam', 'CCK', 'Home Island', 503),
	(2317, 'West Island', 'CCK', 'West Island', 167),
	(2318, 'Pyongyang', 'PRK', 'Pyongyang-si', 2484000),
	(2319, 'Hamhung', 'PRK', 'Hamgyong N', 709730),
	(2320, 'Chongjin', 'PRK', 'Hamgyong P', 582480),
	(2321, 'Nampo', 'PRK', 'Nampo-si', 566200),
	(2322, 'Sinuiju', 'PRK', 'Pyongan P', 326011),
	(2323, 'Wonsan', 'PRK', 'Kangwon', 300148),
	(2324, 'Phyongsong', 'PRK', 'Pyongan N', 272934),
	(2325, 'Sariwon', 'PRK', 'Hwanghae P', 254146),
	(2326, 'Haeju', 'PRK', 'Hwanghae N', 229172),
	(2327, 'Kanggye', 'PRK', 'Chagang', 223410),
	(2328, 'Kimchaek', 'PRK', 'Hamgyong P', 179000),
	(2329, 'Hyesan', 'PRK', 'Yanggang', 178020),
	(2330, 'Kaesong', 'PRK', 'Kaesong-si', 171500),
	(2331, 'Seoul', 'KOR', 'Seoul', 9981619),
	(2332, 'Pusan', 'KOR', 'Pusan', 3804522),
	(2333, 'Inchon', 'KOR', 'Inchon', 2559424),
	(2334, 'Taegu', 'KOR', 'Taegu', 2548568),
	(2335, 'Taejon', 'KOR', 'Taejon', 1425835),
	(2336, 'Kwangju', 'KOR', 'Kwangju', 1368341),
	(2337, 'Ulsan', 'KOR', 'Kyongsangnam', 1084891),
	(2338, 'Songnam', 'KOR', 'Kyonggi', 869094),
	(2339, 'Puchon', 'KOR', 'Kyonggi', 779412),
	(2340, 'Suwon', 'KOR', 'Kyonggi', 755550),
	(2341, 'Anyang', 'KOR', 'Kyonggi', 591106),
	(2342, 'Chonju', 'KOR', 'Chollabuk', 563153),
	(2343, 'Chongju', 'KOR', 'Chungchongbuk', 531376),
	(2344, 'Koyang', 'KOR', 'Kyonggi', 518282),
	(2345, 'Ansan', 'KOR', 'Kyonggi', 510314),
	(2346, 'Pohang', 'KOR', 'Kyongsangbuk', 508899),
	(2347, 'Chang-won', 'KOR', 'Kyongsangnam', 481694),
	(2348, 'Masan', 'KOR', 'Kyongsangnam', 441242),
	(2349, 'Kwangmyong', 'KOR', 'Kyonggi', 350914),
	(2350, 'Chonan', 'KOR', 'Chungchongnam', 330259),
	(2351, 'Chinju', 'KOR', 'Kyongsangnam', 329886),
	(2352, 'Iksan', 'KOR', 'Chollabuk', 322685),
	(2353, 'Pyongtaek', 'KOR', 'Kyonggi', 312927),
	(2354, 'Kumi', 'KOR', 'Kyongsangbuk', 311431),
	(2355, 'Uijongbu', 'KOR', 'Kyonggi', 276111),
	(2356, 'Kyongju', 'KOR', 'Kyongsangbuk', 272968),
	(2357, 'Kunsan', 'KOR', 'Chollabuk', 266569),
	(2358, 'Cheju', 'KOR', 'Cheju', 258511),
	(2359, 'Kimhae', 'KOR', 'Kyongsangnam', 256370),
	(2360, 'Sunchon', 'KOR', 'Chollanam', 249263),
	(2361, 'Mokpo', 'KOR', 'Chollanam', 247452),
	(2362, 'Yong-in', 'KOR', 'Kyonggi', 242643),
	(2363, 'Wonju', 'KOR', 'Kang-won', 237460),
	(2364, 'Kunpo', 'KOR', 'Kyonggi', 235233),
	(2365, 'Chunchon', 'KOR', 'Kang-won', 234528),
	(2366, 'Namyangju', 'KOR', 'Kyonggi', 229060),
	(2367, 'Kangnung', 'KOR', 'Kang-won', 220403),
	(2368, 'Chungju', 'KOR', 'Chungchongbuk', 205206),
	(2369, 'Andong', 'KOR', 'Kyongsangbuk', 188443),
	(2370, 'Yosu', 'KOR', 'Chollanam', 183596),
	(2371, 'Kyongsan', 'KOR', 'Kyongsangbuk', 173746),
	(2372, 'Paju', 'KOR', 'Kyonggi', 163379),
	(2373, 'Yangsan', 'KOR', 'Kyongsangnam', 163351),
	(2374, 'Ichon', 'KOR', 'Kyonggi', 155332),
	(2375, 'Asan', 'KOR', 'Chungchongnam', 154663),
	(2376, 'Koje', 'KOR', 'Kyongsangnam', 147562),
	(2377, 'Kimchon', 'KOR', 'Kyongsangbuk', 147027),
	(2378, 'Nonsan', 'KOR', 'Chungchongnam', 146619),
	(2379, 'Kuri', 'KOR', 'Kyonggi', 142173),
	(2380, 'Chong-up', 'KOR', 'Chollabuk', 139111),
	(2381, 'Chechon', 'KOR', 'Chungchongbuk', 137070),
	(2382, 'Sosan', 'KOR', 'Chungchongnam', 134746),
	(2383, 'Shihung', 'KOR', 'Kyonggi', 133443),
	(2384, 'Tong-yong', 'KOR', 'Kyongsangnam', 131717),
	(2385, 'Kongju', 'KOR', 'Chungchongnam', 131229),
	(2386, 'Yongju', 'KOR', 'Kyongsangbuk', 131097),
	(2387, 'Chinhae', 'KOR', 'Kyongsangnam', 125997),
	(2388, 'Sangju', 'KOR', 'Kyongsangbuk', 124116),
	(2389, 'Poryong', 'KOR', 'Chungchongnam', 122604),
	(2390, 'Kwang-yang', 'KOR', 'Chollanam', 122052),
	(2391, 'Miryang', 'KOR', 'Kyongsangnam', 121501),
	(2392, 'Hanam', 'KOR', 'Kyonggi', 115812),
	(2393, 'Kimje', 'KOR', 'Chollabuk', 115427),
	(2394, 'Yongchon', 'KOR', 'Kyongsangbuk', 113511),
	(2395, 'Sachon', 'KOR', 'Kyongsangnam', 113494),
	(2396, 'Uiwang', 'KOR', 'Kyonggi', 108788),
	(2397, 'Naju', 'KOR', 'Chollanam', 107831),
	(2398, 'Namwon', 'KOR', 'Chollabuk', 103544),
	(2399, 'Tonghae', 'KOR', 'Kang-won', 95472),
	(2400, 'Mun-gyong', 'KOR', 'Kyongsangbuk', 92239),
	(2401, 'Athenai', 'GRC', 'Attika', 772072),
	(2402, 'Thessaloniki', 'GRC', 'Central Macedonia', 383967),
	(2403, 'Pireus', 'GRC', 'Attika', 182671),
	(2404, 'Patras', 'GRC', 'West Greece', 153344),
	(2405, 'Peristerion', 'GRC', 'Attika', 137288),
	(2406, 'Herakleion', 'GRC', 'Crete', 116178),
	(2407, 'Kallithea', 'GRC', 'Attika', 114233),
	(2408, 'Larisa', 'GRC', 'Thessalia', 113090),
	(2409, 'Zagreb', 'HRV', 'Grad Zagreb', 706770),
	(2410, 'Split', 'HRV', 'Split-Dalmatia', 189388),
	(2411, 'Rijeka', 'HRV', 'Primorje-Gorski Kota', 167964),
	(2412, 'Osijek', 'HRV', 'Osijek-Baranja', 104761),
	(2413, 'La Habana', 'CUB', 'La Habana', 2256000),
	(2414, 'Santiago de Cuba', 'CUB', 'Santiago de Cuba', 433180),
	(2415, 'Camagüey', 'CUB', 'Camagüey', 298726),
	(2416, 'Holguín', 'CUB', 'Holguín', 249492),
	(2417, 'Santa Clara', 'CUB', 'Villa Clara', 207350),
	(2418, 'Guantánamo', 'CUB', 'Guantánamo', 205078),
	(2419, 'Pinar del Río', 'CUB', 'Pinar del Río', 142100),
	(2420, 'Bayamo', 'CUB', 'Granma', 141000),
	(2421, 'Cienfuegos', 'CUB', 'Cienfuegos', 132770),
	(2422, 'Victoria de las Tunas', 'CUB', 'Las Tunas', 132350),
	(2423, 'Matanzas', 'CUB', 'Matanzas', 123273),
	(2424, 'Manzanillo', 'CUB', 'Granma', 109350),
	(2425, 'Sancti-Spíritus', 'CUB', 'Sancti-Spíritus', 100751),
	(2426, 'Ciego de Ávila', 'CUB', 'Ciego de Ávila', 98505),
	(2427, 'al-Salimiya', 'KWT', 'Hawalli', 130215),
	(2428, 'Jalib al-Shuyukh', 'KWT', 'Hawalli', 102178),
	(2429, 'Kuwait', 'KWT', 'al-Asima', 28859),
	(2430, 'Nicosia', 'CYP', 'Nicosia', 195000),
	(2431, 'Limassol', 'CYP', 'Limassol', 154400),
	(2432, 'Vientiane', 'LAO', 'Viangchan', 531800),
	(2433, 'Savannakhet', 'LAO', 'Savannakhet', 96652),
	(2434, 'Riga', 'LVA', 'Riika', 764328),
	(2435, 'Daugavpils', 'LVA', 'Daugavpils', 114829),
	(2436, 'Liepaja', 'LVA', 'Liepaja', 89439),
	(2437, 'Maseru', 'LSO', 'Maseru', 297000),
	(2438, 'Beirut', 'LBN', 'Beirut', 1100000),
	(2439, 'Tripoli', 'LBN', 'al-Shamal', 240000),
	(2440, 'Monrovia', 'LBR', 'Montserrado', 850000),
	(2441, 'Tripoli', 'LBY', 'Tripoli', 1682000),
	(2442, 'Bengasi', 'LBY', 'Bengasi', 804000),
	(2443, 'Misrata', 'LBY', 'Misrata', 121669),
	(2444, 'al-Zawiya', 'LBY', 'al-Zawiya', 89338),
	(2445, 'Schaan', 'LIE', 'Schaan', 5346),
	(2446, 'Vaduz', 'LIE', 'Vaduz', 5043),
	(2447, 'Vilnius', 'LTU', 'Vilna', 577969),
	(2448, 'Kaunas', 'LTU', 'Kaunas', 412639),
	(2449, 'Klaipeda', 'LTU', 'Klaipeda', 202451),
	(2450, 'Šiauliai', 'LTU', 'Šiauliai', 146563),
	(2451, 'Panevezys', 'LTU', 'Panevezys', 133695),
	(2452, 'Luxembourg [Luxemburg/Lëtzebuerg]', 'LUX', 'Luxembourg', 80700),
	(2453, 'El-Aaiún', 'ESH', 'El-Aaiún', 169000),
	(2454, 'Macao', 'MAC', 'Macau', 437500),
	(2455, 'Antananarivo', 'MDG', 'Antananarivo', 675669),
	(2456, 'Toamasina', 'MDG', 'Toamasina', 127441),
	(2457, 'Antsirabé', 'MDG', 'Antananarivo', 120239),
	(2458, 'Mahajanga', 'MDG', 'Mahajanga', 100807),
	(2459, 'Fianarantsoa', 'MDG', 'Fianarantsoa', 99005),
	(2460, 'Skopje', 'MKD', 'Skopje', 444299),
	(2461, 'Blantyre', 'MWI', 'Blantyre', 478155),
	(2462, 'Lilongwe', 'MWI', 'Lilongwe', 435964),
	(2463, 'Male', 'MDV', 'Maale', 71000),
	(2464, 'Kuala Lumpur', 'MYS', 'Wilayah Persekutuan', 1297526),
	(2465, 'Ipoh', 'MYS', 'Perak', 382853),
	(2466, 'Johor Baharu', 'MYS', 'Johor', 328436),
	(2467, 'Petaling Jaya', 'MYS', 'Selangor', 254350),
	(2468, 'Kelang', 'MYS', 'Selangor', 243355),
	(2469, 'Kuala Terengganu', 'MYS', 'Terengganu', 228119),
	(2470, 'Pinang', 'MYS', 'Pulau Pinang', 219603),
	(2471, 'Kota Bharu', 'MYS', 'Kelantan', 219582),
	(2472, 'Kuantan', 'MYS', 'Pahang', 199484),
	(2473, 'Taiping', 'MYS', 'Perak', 183261),
	(2474, 'Seremban', 'MYS', 'Negeri Sembilan', 182869),
	(2475, 'Kuching', 'MYS', 'Sarawak', 148059),
	(2476, 'Sibu', 'MYS', 'Sarawak', 126381),
	(2477, 'Sandakan', 'MYS', 'Sabah', 125841),
	(2478, 'Alor Setar', 'MYS', 'Kedah', 124412),
	(2479, 'Selayang Baru', 'MYS', 'Selangor', 124228),
	(2480, 'Sungai Petani', 'MYS', 'Kedah', 114763),
	(2481, 'Shah Alam', 'MYS', 'Selangor', 102019),
	(2482, 'Bamako', 'MLI', 'Bamako', 809552),
	(2483, 'Birkirkara', 'MLT', 'Outer Harbour', 21445),
	(2484, 'Valletta', 'MLT', 'Inner Harbour', 7073),
	(2485, 'Casablanca', 'MAR', 'Casablanca', 2940623),
	(2486, 'Rabat', 'MAR', 'Rabat-Salé-Zammour-Z', 623457),
	(2487, 'Marrakech', 'MAR', 'Marrakech-Tensift-Al', 621914),
	(2488, 'Fès', 'MAR', 'Fès-Boulemane', 541162),
	(2489, 'Tanger', 'MAR', 'Tanger-Tétouan', 521735),
	(2490, 'Salé', 'MAR', 'Rabat-Salé-Zammour-Z', 504420),
	(2491, 'Meknès', 'MAR', 'Meknès-Tafilalet', 460000),
	(2492, 'Oujda', 'MAR', 'Oriental', 365382),
	(2493, 'Kénitra', 'MAR', 'Gharb-Chrarda-Béni H', 292600),
	(2494, 'Tétouan', 'MAR', 'Tanger-Tétouan', 277516),
	(2495, 'Safi', 'MAR', 'Doukkala-Abda', 262300),
	(2496, 'Agadir', 'MAR', 'Souss Massa-Draâ', 155244),
	(2497, 'Mohammedia', 'MAR', 'Casablanca', 154706),
	(2498, 'Khouribga', 'MAR', 'Chaouia-Ouardigha', 152090),
	(2499, 'Beni-Mellal', 'MAR', 'Tadla-Azilal', 140212),
	(2500, 'Témara', 'MAR', 'Rabat-Salé-Zammour-Z', 126303),
	(2501, 'El Jadida', 'MAR', 'Doukkala-Abda', 119083),
	(2502, 'Nador', 'MAR', 'Oriental', 112450),
	(2503, 'Ksar el Kebir', 'MAR', 'Tanger-Tétouan', 107065),
	(2504, 'Settat', 'MAR', 'Chaouia-Ouardigha', 96200),
	(2505, 'Taza', 'MAR', 'Taza-Al Hoceima-Taou', 92700),
	(2506, 'El Araich', 'MAR', 'Tanger-Tétouan', 90400),
	(2507, 'Dalap-Uliga-Darrit', 'MHL', 'Majuro', 28000),
	(2508, 'Fort-de-France', 'MTQ', 'Fort-de-France', 94050),
	(2509, 'Nouakchott', 'MRT', 'Nouakchott', 667300),
	(2510, 'Nouâdhibou', 'MRT', 'Dakhlet Nouâdhibou', 97600),
	(2511, 'Port-Louis', 'MUS', 'Port-Louis', 138200),
	(2512, 'Beau Bassin-Rose Hill', 'MUS', 'Plaines Wilhelms', 100616),
	(2513, 'Vacoas-Phoenix', 'MUS', 'Plaines Wilhelms', 98464),
	(2514, 'Mamoutzou', 'MYT', 'Mamoutzou', 12000),
	(2515, 'Ciudad de México', 'MEX', 'Distrito Federal', 8591309),
	(2516, 'Guadalajara', 'MEX', 'Jalisco', 1647720),
	(2517, 'Ecatepec de Morelos', 'MEX', 'México', 1620303),
	(2518, 'Puebla', 'MEX', 'Puebla', 1346176),
	(2519, 'Nezahualcóyotl', 'MEX', 'México', 1224924),
	(2520, 'Juárez', 'MEX', 'Chihuahua', 1217818),
	(2521, 'Tijuana', 'MEX', 'Baja California', 1212232),
	(2522, 'León', 'MEX', 'Guanajuato', 1133576),
	(2523, 'Monterrey', 'MEX', 'Nuevo León', 1108499),
	(2524, 'Zapopan', 'MEX', 'Jalisco', 1002239),
	(2525, 'Naucalpan de Juárez', 'MEX', 'México', 857511),
	(2526, 'Mexicali', 'MEX', 'Baja California', 764902),
	(2527, 'Culiacán', 'MEX', 'Sinaloa', 744859),
	(2528, 'Acapulco de Juárez', 'MEX', 'Guerrero', 721011),
	(2529, 'Tlalnepantla de Baz', 'MEX', 'México', 720755),
	(2530, 'Mérida', 'MEX', 'Yucatán', 703324),
	(2531, 'Chihuahua', 'MEX', 'Chihuahua', 670208),
	(2532, 'San Luis Potosí', 'MEX', 'San Luis Potosí', 669353),
	(2533, 'Guadalupe', 'MEX', 'Nuevo León', 668780),
	(2534, 'Toluca', 'MEX', 'México', 665617),
	(2535, 'Aguascalientes', 'MEX', 'Aguascalientes', 643360),
	(2536, 'Querétaro', 'MEX', 'Querétaro de Arteaga', 639839),
	(2537, 'Morelia', 'MEX', 'Michoacán de Ocampo', 619958),
	(2538, 'Hermosillo', 'MEX', 'Sonora', 608697),
	(2539, 'Saltillo', 'MEX', 'Coahuila de Zaragoza', 577352),
	(2540, 'Torreón', 'MEX', 'Coahuila de Zaragoza', 529093),
	(2541, 'Centro (Villahermosa)', 'MEX', 'Tabasco', 519873),
	(2542, 'San Nicolás de los Garza', 'MEX', 'Nuevo León', 495540),
	(2543, 'Durango', 'MEX', 'Durango', 490524),
	(2544, 'Chimalhuacán', 'MEX', 'México', 490245),
	(2545, 'Tlaquepaque', 'MEX', 'Jalisco', 475472),
	(2546, 'Atizapán de Zaragoza', 'MEX', 'México', 467262),
	(2547, 'Veracruz', 'MEX', 'Veracruz', 457119),
	(2548, 'Cuautitlán Izcalli', 'MEX', 'México', 452976),
	(2549, 'Irapuato', 'MEX', 'Guanajuato', 440039),
	(2550, 'Tuxtla Gutiérrez', 'MEX', 'Chiapas', 433544),
	(2551, 'Tultitlán', 'MEX', 'México', 432411),
	(2552, 'Reynosa', 'MEX', 'Tamaulipas', 419776),
	(2553, 'Benito Juárez', 'MEX', 'Quintana Roo', 419276),
	(2554, 'Matamoros', 'MEX', 'Tamaulipas', 416428),
	(2555, 'Xalapa', 'MEX', 'Veracruz', 390058),
	(2556, 'Celaya', 'MEX', 'Guanajuato', 382140),
	(2557, 'Mazatlán', 'MEX', 'Sinaloa', 380265),
	(2558, 'Ensenada', 'MEX', 'Baja California', 369573),
	(2559, 'Ahome', 'MEX', 'Sinaloa', 358663),
	(2560, 'Cajeme', 'MEX', 'Sonora', 355679),
	(2561, 'Cuernavaca', 'MEX', 'Morelos', 337966),
	(2562, 'Tonalá', 'MEX', 'Jalisco', 336109),
	(2563, 'Valle de Chalco Solidaridad', 'MEX', 'México', 323113),
	(2564, 'Nuevo Laredo', 'MEX', 'Tamaulipas', 310277),
	(2565, 'Tepic', 'MEX', 'Nayarit', 305025),
	(2566, 'Tampico', 'MEX', 'Tamaulipas', 294789),
	(2567, 'Ixtapaluca', 'MEX', 'México', 293160),
	(2568, 'Apodaca', 'MEX', 'Nuevo León', 282941),
	(2569, 'Guasave', 'MEX', 'Sinaloa', 277201),
	(2570, 'Gómez Palacio', 'MEX', 'Durango', 272806),
	(2571, 'Tapachula', 'MEX', 'Chiapas', 271141),
	(2572, 'Nicolás Romero', 'MEX', 'México', 269393),
	(2573, 'Coatzacoalcos', 'MEX', 'Veracruz', 267037),
	(2574, 'Uruapan', 'MEX', 'Michoacán de Ocampo', 265211),
	(2575, 'Victoria', 'MEX', 'Tamaulipas', 262686),
	(2576, 'Oaxaca de Juárez', 'MEX', 'Oaxaca', 256848),
	(2577, 'Coacalco de Berriozábal', 'MEX', 'México', 252270),
	(2578, 'Pachuca de Soto', 'MEX', 'Hidalgo', 244688),
	(2579, 'General Escobedo', 'MEX', 'Nuevo León', 232961),
	(2580, 'Salamanca', 'MEX', 'Guanajuato', 226864),
	(2581, 'Santa Catarina', 'MEX', 'Nuevo León', 226573),
	(2582, 'Tehuacán', 'MEX', 'Puebla', 225943),
	(2583, 'Chalco', 'MEX', 'México', 222201),
	(2584, 'Cárdenas', 'MEX', 'Tabasco', 216903),
	(2585, 'Campeche', 'MEX', 'Campeche', 216735),
	(2586, 'La Paz', 'MEX', 'México', 213045),
	(2587, 'Othón P. Blanco (Chetumal)', 'MEX', 'Quintana Roo', 208014),
	(2588, 'Texcoco', 'MEX', 'México', 203681),
	(2589, 'La Paz', 'MEX', 'Baja California Sur', 196708),
	(2590, 'Metepec', 'MEX', 'México', 194265),
	(2591, 'Monclova', 'MEX', 'Coahuila de Zaragoza', 193657),
	(2592, 'Huixquilucan', 'MEX', 'México', 193156),
	(2593, 'Chilpancingo de los Bravo', 'MEX', 'Guerrero', 192509),
	(2594, 'Puerto Vallarta', 'MEX', 'Jalisco', 183741),
	(2595, 'Fresnillo', 'MEX', 'Zacatecas', 182744),
	(2596, 'Ciudad Madero', 'MEX', 'Tamaulipas', 182012),
	(2597, 'Soledad de Graciano Sánchez', 'MEX', 'San Luis Potosí', 179956),
	(2598, 'San Juan del Río', 'MEX', 'Querétaro', 179300),
	(2599, 'San Felipe del Progreso', 'MEX', 'México', 177330),
	(2600, 'Córdoba', 'MEX', 'Veracruz', 176952),
	(2601, 'Tecámac', 'MEX', 'México', 172410),
	(2602, 'Ocosingo', 'MEX', 'Chiapas', 171495),
	(2603, 'Carmen', 'MEX', 'Campeche', 171367),
	(2604, 'Lázaro Cárdenas', 'MEX', 'Michoacán de Ocampo', 170878),
	(2605, 'Jiutepec', 'MEX', 'Morelos', 170428),
	(2606, 'Papantla', 'MEX', 'Veracruz', 170123),
	(2607, 'Comalcalco', 'MEX', 'Tabasco', 164640),
	(2608, 'Zamora', 'MEX', 'Michoacán de Ocampo', 161191),
	(2609, 'Nogales', 'MEX', 'Sonora', 159103),
	(2610, 'Huimanguillo', 'MEX', 'Tabasco', 158335),
	(2611, 'Cuautla', 'MEX', 'Morelos', 153132),
	(2612, 'Minatitlán', 'MEX', 'Veracruz', 152983),
	(2613, 'Poza Rica de Hidalgo', 'MEX', 'Veracruz', 152678),
	(2614, 'Ciudad Valles', 'MEX', 'San Luis Potosí', 146411),
	(2615, 'Navolato', 'MEX', 'Sinaloa', 145396),
	(2616, 'San Luis Río Colorado', 'MEX', 'Sonora', 145276),
	(2617, 'Pénjamo', 'MEX', 'Guanajuato', 143927),
	(2618, 'San Andrés Tuxtla', 'MEX', 'Veracruz', 142251),
	(2619, 'Guanajuato', 'MEX', 'Guanajuato', 141215),
	(2620, 'Navojoa', 'MEX', 'Sonora', 140495),
	(2621, 'Zitácuaro', 'MEX', 'Michoacán de Ocampo', 137970),
	(2622, 'Boca del Río', 'MEX', 'Veracruz-Llave', 135721),
	(2623, 'Allende', 'MEX', 'Guanajuato', 134645),
	(2624, 'Silao', 'MEX', 'Guanajuato', 134037),
	(2625, 'Macuspana', 'MEX', 'Tabasco', 133795),
	(2626, 'San Juan Bautista Tuxtepec', 'MEX', 'Oaxaca', 133675),
	(2627, 'San Cristóbal de las Casas', 'MEX', 'Chiapas', 132317),
	(2628, 'Valle de Santiago', 'MEX', 'Guanajuato', 130557),
	(2629, 'Guaymas', 'MEX', 'Sonora', 130108),
	(2630, 'Colima', 'MEX', 'Colima', 129454),
	(2631, 'Dolores Hidalgo', 'MEX', 'Guanajuato', 128675),
	(2632, 'Lagos de Moreno', 'MEX', 'Jalisco', 127949),
	(2633, 'Piedras Negras', 'MEX', 'Coahuila de Zaragoza', 127898),
	(2634, 'Altamira', 'MEX', 'Tamaulipas', 127490),
	(2635, 'Túxpam', 'MEX', 'Veracruz', 126475),
	(2636, 'San Pedro Garza García', 'MEX', 'Nuevo León', 126147),
	(2637, 'Cuauhtémoc', 'MEX', 'Chihuahua', 124279),
	(2638, 'Manzanillo', 'MEX', 'Colima', 124014),
	(2639, 'Iguala de la Independencia', 'MEX', 'Guerrero', 123883),
	(2640, 'Zacatecas', 'MEX', 'Zacatecas', 123700),
	(2641, 'Tlajomulco de Zúñiga', 'MEX', 'Jalisco', 123220),
	(2642, 'Tulancingo de Bravo', 'MEX', 'Hidalgo', 121946),
	(2643, 'Zinacantepec', 'MEX', 'México', 121715),
	(2644, 'San Martín Texmelucan', 'MEX', 'Puebla', 121093),
	(2645, 'Tepatitlán de Morelos', 'MEX', 'Jalisco', 118948),
	(2646, 'Martínez de la Torre', 'MEX', 'Veracruz', 118815),
	(2647, 'Orizaba', 'MEX', 'Veracruz', 118488),
	(2648, 'Apatzingán', 'MEX', 'Michoacán de Ocampo', 117849),
	(2649, 'Atlixco', 'MEX', 'Puebla', 117019),
	(2650, 'Delicias', 'MEX', 'Chihuahua', 116132),
	(2651, 'Ixtlahuaca', 'MEX', 'México', 115548),
	(2652, 'El Mante', 'MEX', 'Tamaulipas', 112453),
	(2653, 'Lerdo', 'MEX', 'Durango', 112272),
	(2654, 'Almoloya de Juárez', 'MEX', 'México', 110550),
	(2655, 'Acámbaro', 'MEX', 'Guanajuato', 110487),
	(2656, 'Acuña', 'MEX', 'Coahuila de Zaragoza', 110388),
	(2657, 'Guadalupe', 'MEX', 'Zacatecas', 108881),
	(2658, 'Huejutla de Reyes', 'MEX', 'Hidalgo', 108017),
	(2659, 'Hidalgo', 'MEX', 'Michoacán de Ocampo', 106198),
	(2660, 'Los Cabos', 'MEX', 'Baja California Sur', 105199),
	(2661, 'Comitán de Domínguez', 'MEX', 'Chiapas', 104986),
	(2662, 'Cunduacán', 'MEX', 'Tabasco', 104164),
	(2663, 'Río Bravo', 'MEX', 'Tamaulipas', 103901),
	(2664, 'Temapache', 'MEX', 'Veracruz', 102824),
	(2665, 'Chilapa de Alvarez', 'MEX', 'Guerrero', 102716),
	(2666, 'Hidalgo del Parral', 'MEX', 'Chihuahua', 100881),
	(2667, 'San Francisco del Rincón', 'MEX', 'Guanajuato', 100149),
	(2668, 'Taxco de Alarcón', 'MEX', 'Guerrero', 99907),
	(2669, 'Zumpango', 'MEX', 'México', 99781),
	(2670, 'San Pedro Cholula', 'MEX', 'Puebla', 99734),
	(2671, 'Lerma', 'MEX', 'México', 99714),
	(2672, 'Tecomán', 'MEX', 'Colima', 99296),
	(2673, 'Las Margaritas', 'MEX', 'Chiapas', 97389),
	(2674, 'Cosoleacaque', 'MEX', 'Veracruz', 97199),
	(2675, 'San Luis de la Paz', 'MEX', 'Guanajuato', 96763),
	(2676, 'José Azueta', 'MEX', 'Guerrero', 95448),
	(2677, 'Santiago Ixcuintla', 'MEX', 'Nayarit', 95311),
	(2678, 'San Felipe', 'MEX', 'Guanajuato', 95305),
	(2679, 'Tejupilco', 'MEX', 'México', 94934),
	(2680, 'Tantoyuca', 'MEX', 'Veracruz', 94709),
	(2681, 'Salvatierra', 'MEX', 'Guanajuato', 94322),
	(2682, 'Tultepec', 'MEX', 'México', 93364),
	(2683, 'Temixco', 'MEX', 'Morelos', 92686),
	(2684, 'Matamoros', 'MEX', 'Coahuila de Zaragoza', 91858),
	(2685, 'Pánuco', 'MEX', 'Veracruz', 90551),
	(2686, 'El Fuerte', 'MEX', 'Sinaloa', 89556),
	(2687, 'Tierra Blanca', 'MEX', 'Veracruz', 89143),
	(2688, 'Weno', 'FSM', 'Chuuk', 22000),
	(2689, 'Palikir', 'FSM', 'Pohnpei', 8600),
	(2690, 'Chisinau', 'MDA', 'Chisinau', 719900),
	(2691, 'Tiraspol', 'MDA', 'Dnjestria', 194300),
	(2692, 'Balti', 'MDA', 'Balti', 153400),
	(2693, 'Bender (Tîghina)', 'MDA', 'Bender (Tîghina)', 125700),
	(2694, 'Monte-Carlo', 'MCO', '–', 13154),
	(2695, 'Monaco-Ville', 'MCO', '–', 1234),
	(2696, 'Ulan Bator', 'MNG', 'Ulaanbaatar', 773700),
	(2697, 'Plymouth', 'MSR', 'Plymouth', 2000),
	(2698, 'Maputo', 'MOZ', 'Maputo', 1018938),
	(2699, 'Matola', 'MOZ', 'Maputo', 424662),
	(2700, 'Beira', 'MOZ', 'Sofala', 397368),
	(2701, 'Nampula', 'MOZ', 'Nampula', 303346),
	(2702, 'Chimoio', 'MOZ', 'Manica', 171056),
	(2703, 'Naçala-Porto', 'MOZ', 'Nampula', 158248),
	(2704, 'Quelimane', 'MOZ', 'Zambézia', 150116),
	(2705, 'Mocuba', 'MOZ', 'Zambézia', 124700),
	(2706, 'Tete', 'MOZ', 'Tete', 101984),
	(2707, 'Xai-Xai', 'MOZ', 'Gaza', 99442),
	(2708, 'Gurue', 'MOZ', 'Zambézia', 99300),
	(2709, 'Maxixe', 'MOZ', 'Inhambane', 93985),
	(2710, 'Rangoon (Yangon)', 'MMR', 'Rangoon [Yangon]', 3361700),
	(2711, 'Mandalay', 'MMR', 'Mandalay', 885300),
	(2712, 'Moulmein (Mawlamyine)', 'MMR', 'Mon', 307900),
	(2713, 'Pegu (Bago)', 'MMR', 'Pegu [Bago]', 190900),
	(2714, 'Bassein (Pathein)', 'MMR', 'Irrawaddy [Ayeyarwad', 183900),
	(2715, 'Monywa', 'MMR', 'Sagaing', 138600),
	(2716, 'Sittwe (Akyab)', 'MMR', 'Rakhine', 137600),
	(2717, 'Taunggyi (Taunggye)', 'MMR', 'Shan', 131500),
	(2718, 'Meikhtila', 'MMR', 'Mandalay', 129700),
	(2719, 'Mergui (Myeik)', 'MMR', 'Tenasserim [Tanintha', 122700),
	(2720, 'Lashio (Lasho)', 'MMR', 'Shan', 107600),
	(2721, 'Prome (Pyay)', 'MMR', 'Pegu [Bago]', 105700),
	(2722, 'Henzada (Hinthada)', 'MMR', 'Irrawaddy [Ayeyarwad', 104700),
	(2723, 'Myingyan', 'MMR', 'Mandalay', 103600),
	(2724, 'Tavoy (Dawei)', 'MMR', 'Tenasserim [Tanintha', 96800),
	(2725, 'Pagakku (Pakokku)', 'MMR', 'Magwe [Magway]', 94800),
	(2726, 'Windhoek', 'NAM', 'Khomas', 169000),
	(2727, 'Yangor', 'NRU', '–', 4050),
	(2728, 'Yaren', 'NRU', '–', 559),
	(2729, 'Kathmandu', 'NPL', 'Central', 591835),
	(2730, 'Biratnagar', 'NPL', 'Eastern', 157764),
	(2731, 'Pokhara', 'NPL', 'Western', 146318),
	(2732, 'Lalitapur', 'NPL', 'Central', 145847),
	(2733, 'Birgunj', 'NPL', 'Central', 90639),
	(2734, 'Managua', 'NIC', 'Managua', 959000),
	(2735, 'León', 'NIC', 'León', 123865),
	(2736, 'Chinandega', 'NIC', 'Chinandega', 97387),
	(2737, 'Masaya', 'NIC', 'Masaya', 88971),
	(2738, 'Niamey', 'NER', 'Niamey', 420000),
	(2739, 'Zinder', 'NER', 'Zinder', 120892),
	(2740, 'Maradi', 'NER', 'Maradi', 112965),
	(2741, 'Lagos', 'NGA', 'Lagos', 1518000),
	(2742, 'Ibadan', 'NGA', 'Oyo & Osun', 1432000),
	(2743, 'Ogbomosho', 'NGA', 'Oyo & Osun', 730000),
	(2744, 'Kano', 'NGA', 'Kano & Jigawa', 674100),
	(2745, 'Oshogbo', 'NGA', 'Oyo & Osun', 476800),
	(2746, 'Ilorin', 'NGA', 'Kwara & Kogi', 475800),
	(2747, 'Abeokuta', 'NGA', 'Ogun', 427400),
	(2748, 'Port Harcourt', 'NGA', 'Rivers & Bayelsa', 410000),
	(2749, 'Zaria', 'NGA', 'Kaduna', 379200),
	(2750, 'Ilesha', 'NGA', 'Oyo & Osun', 378400),
	(2751, 'Onitsha', 'NGA', 'Anambra & Enugu & Eb', 371900),
	(2752, 'Iwo', 'NGA', 'Oyo & Osun', 362000),
	(2753, 'Ado-Ekiti', 'NGA', 'Ondo & Ekiti', 359400),
	(2754, 'Abuja', 'NGA', 'Federal Capital Dist', 350100),
	(2755, 'Kaduna', 'NGA', 'Kaduna', 342200),
	(2756, 'Mushin', 'NGA', 'Lagos', 333200),
	(2757, 'Maiduguri', 'NGA', 'Borno & Yobe', 320000),
	(2758, 'Enugu', 'NGA', 'Anambra & Enugu & Eb', 316100),
	(2759, 'Ede', 'NGA', 'Oyo & Osun', 307100),
	(2760, 'Aba', 'NGA', 'Imo & Abia', 298900),
	(2761, 'Ife', 'NGA', 'Oyo & Osun', 296800),
	(2762, 'Ila', 'NGA', 'Oyo & Osun', 264000),
	(2763, 'Oyo', 'NGA', 'Oyo & Osun', 256400),
	(2764, 'Ikerre', 'NGA', 'Ondo & Ekiti', 244600),
	(2765, 'Benin City', 'NGA', 'Edo & Delta', 229400),
	(2766, 'Iseyin', 'NGA', 'Oyo & Osun', 217300),
	(2767, 'Katsina', 'NGA', 'Katsina', 206500),
	(2768, 'Jos', 'NGA', 'Plateau & Nassarawa', 206300),
	(2769, 'Sokoto', 'NGA', 'Sokoto & Kebbi & Zam', 204900),
	(2770, 'Ilobu', 'NGA', 'Oyo & Osun', 199000),
	(2771, 'Offa', 'NGA', 'Kwara & Kogi', 197200),
	(2772, 'Ikorodu', 'NGA', 'Lagos', 184900),
	(2773, 'Ilawe-Ekiti', 'NGA', 'Ondo & Ekiti', 184500),
	(2774, 'Owo', 'NGA', 'Ondo & Ekiti', 183500),
	(2775, 'Ikirun', 'NGA', 'Oyo & Osun', 181400),
	(2776, 'Shaki', 'NGA', 'Oyo & Osun', 174500),
	(2777, 'Calabar', 'NGA', 'Cross River', 174400),
	(2778, 'Ondo', 'NGA', 'Ondo & Ekiti', 173600),
	(2779, 'Akure', 'NGA', 'Ondo & Ekiti', 162300),
	(2780, 'Gusau', 'NGA', 'Sokoto & Kebbi & Zam', 158000),
	(2781, 'Ijebu-Ode', 'NGA', 'Ogun', 156400),
	(2782, 'Effon-Alaiye', 'NGA', 'Oyo & Osun', 153100),
	(2783, 'Kumo', 'NGA', 'Bauchi & Gombe', 148000),
	(2784, 'Shomolu', 'NGA', 'Lagos', 147700),
	(2785, 'Oka-Akoko', 'NGA', 'Ondo & Ekiti', 142900),
	(2786, 'Ikare', 'NGA', 'Ondo & Ekiti', 140800),
	(2787, 'Sapele', 'NGA', 'Edo & Delta', 139200),
	(2788, 'Deba Habe', 'NGA', 'Bauchi & Gombe', 138600),
	(2789, 'Minna', 'NGA', 'Niger', 136900),
	(2790, 'Warri', 'NGA', 'Edo & Delta', 126100),
	(2791, 'Bida', 'NGA', 'Niger', 125500),
	(2792, 'Ikire', 'NGA', 'Oyo & Osun', 123300),
	(2793, 'Makurdi', 'NGA', 'Benue', 123100),
	(2794, 'Lafia', 'NGA', 'Plateau & Nassarawa', 122500),
	(2795, 'Inisa', 'NGA', 'Oyo & Osun', 119800),
	(2796, 'Shagamu', 'NGA', 'Ogun', 117200),
	(2797, 'Awka', 'NGA', 'Anambra & Enugu & Eb', 111200),
	(2798, 'Gombe', 'NGA', 'Bauchi & Gombe', 107800),
	(2799, 'Igboho', 'NGA', 'Oyo & Osun', 106800),
	(2800, 'Ejigbo', 'NGA', 'Oyo & Osun', 105900),
	(2801, 'Agege', 'NGA', 'Lagos', 105000),
	(2802, 'Ise-Ekiti', 'NGA', 'Ondo & Ekiti', 103400),
	(2803, 'Ugep', 'NGA', 'Cross River', 102600),
	(2804, 'Epe', 'NGA', 'Lagos', 101000),
	(2805, 'Alofi', 'NIU', '–', 682),
	(2806, 'Kingston', 'NFK', '–', 800),
	(2807, 'Oslo', 'NOR', 'Oslo', 508726),
	(2808, 'Bergen', 'NOR', 'Hordaland', 230948),
	(2809, 'Trondheim', 'NOR', 'Sør-Trøndelag', 150166),
	(2810, 'Stavanger', 'NOR', 'Rogaland', 108848),
	(2811, 'Bærum', 'NOR', 'Akershus', 101340),
	(2812, 'Abidjan', 'CIV', 'Abidjan', 2500000),
	(2813, 'Bouaké', 'CIV', 'Bouaké', 329850),
	(2814, 'Yamoussoukro', 'CIV', 'Yamoussoukro', 130000),
	(2815, 'Daloa', 'CIV', 'Daloa', 121842),
	(2816, 'Korhogo', 'CIV', 'Korhogo', 109445),
	(2817, 'al-Sib', 'OMN', 'Masqat', 155000),
	(2818, 'Salala', 'OMN', 'Zufar', 131813),
	(2819, 'Bawshar', 'OMN', 'Masqat', 107500),
	(2820, 'Suhar', 'OMN', 'al-Batina', 90814),
	(2821, 'Masqat', 'OMN', 'Masqat', 51969),
	(2822, 'Karachi', 'PAK', 'Sindh', 9269265),
	(2823, 'Lahore', 'PAK', 'Punjab', 5063499),
	(2824, 'Faisalabad', 'PAK', 'Punjab', 1977246),
	(2825, 'Rawalpindi', 'PAK', 'Punjab', 1406214),
	(2826, 'Multan', 'PAK', 'Punjab', 1182441),
	(2827, 'Hyderabad', 'PAK', 'Sindh', 1151274),
	(2828, 'Gujranwala', 'PAK', 'Punjab', 1124749),
	(2829, 'Peshawar', 'PAK', 'Nothwest Border Prov', 988005),
	(2830, 'Quetta', 'PAK', 'Baluchistan', 560307),
	(2831, 'Islamabad', 'PAK', 'Islamabad', 524500),
	(2832, 'Sargodha', 'PAK', 'Punjab', 455360),
	(2833, 'Sialkot', 'PAK', 'Punjab', 417597),
	(2834, 'Bahawalpur', 'PAK', 'Punjab', 403408),
	(2835, 'Sukkur', 'PAK', 'Sindh', 329176),
	(2836, 'Jhang', 'PAK', 'Punjab', 292214),
	(2837, 'Sheikhupura', 'PAK', 'Punjab', 271875),
	(2838, 'Larkana', 'PAK', 'Sindh', 270366),
	(2839, 'Gujrat', 'PAK', 'Punjab', 250121),
	(2840, 'Mardan', 'PAK', 'Nothwest Border Prov', 244511),
	(2841, 'Kasur', 'PAK', 'Punjab', 241649),
	(2842, 'Rahim Yar Khan', 'PAK', 'Punjab', 228479),
	(2843, 'Sahiwal', 'PAK', 'Punjab', 207388),
	(2844, 'Okara', 'PAK', 'Punjab', 200901),
	(2845, 'Wah', 'PAK', 'Punjab', 198400),
	(2846, 'Dera Ghazi Khan', 'PAK', 'Punjab', 188100),
	(2847, 'Mirpur Khas', 'PAK', 'Sind', 184500),
	(2848, 'Nawabshah', 'PAK', 'Sind', 183100),
	(2849, 'Mingora', 'PAK', 'Nothwest Border Prov', 174500),
	(2850, 'Chiniot', 'PAK', 'Punjab', 169300),
	(2851, 'Kamoke', 'PAK', 'Punjab', 151000),
	(2852, 'Mandi Burewala', 'PAK', 'Punjab', 149900),
	(2853, 'Jhelum', 'PAK', 'Punjab', 145800),
	(2854, 'Sadiqabad', 'PAK', 'Punjab', 141500),
	(2855, 'Jacobabad', 'PAK', 'Sind', 137700),
	(2856, 'Shikarpur', 'PAK', 'Sind', 133300),
	(2857, 'Khanewal', 'PAK', 'Punjab', 133000),
	(2858, 'Hafizabad', 'PAK', 'Punjab', 130200),
	(2859, 'Kohat', 'PAK', 'Nothwest Border Prov', 125300),
	(2860, 'Muzaffargarh', 'PAK', 'Punjab', 121600),
	(2861, 'Khanpur', 'PAK', 'Punjab', 117800),
	(2862, 'Gojra', 'PAK', 'Punjab', 115000),
	(2863, 'Bahawalnagar', 'PAK', 'Punjab', 109600),
	(2864, 'Muridke', 'PAK', 'Punjab', 108600),
	(2865, 'Pak Pattan', 'PAK', 'Punjab', 107800),
	(2866, 'Abottabad', 'PAK', 'Nothwest Border Prov', 106000),
	(2867, 'Tando Adam', 'PAK', 'Sind', 103400),
	(2868, 'Jaranwala', 'PAK', 'Punjab', 103300),
	(2869, 'Khairpur', 'PAK', 'Sind', 102200),
	(2870, 'Chishtian Mandi', 'PAK', 'Punjab', 101700),
	(2871, 'Daska', 'PAK', 'Punjab', 101500),
	(2872, 'Dadu', 'PAK', 'Sind', 98600),
	(2873, 'Mandi Bahauddin', 'PAK', 'Punjab', 97300),
	(2874, 'Ahmadpur East', 'PAK', 'Punjab', 96000),
	(2875, 'Kamalia', 'PAK', 'Punjab', 95300),
	(2876, 'Khuzdar', 'PAK', 'Baluchistan', 93100),
	(2877, 'Vihari', 'PAK', 'Punjab', 92300),
	(2878, 'Dera Ismail Khan', 'PAK', 'Nothwest Border Prov', 90400),
	(2879, 'Wazirabad', 'PAK', 'Punjab', 89700),
	(2880, 'Nowshera', 'PAK', 'Nothwest Border Prov', 89400),
	(2881, 'Koror', 'PLW', 'Koror', 12000),
	(2882, 'Ciudad de Panamá', 'PAN', 'Panamá', 471373),
	(2883, 'San Miguelito', 'PAN', 'San Miguelito', 315382),
	(2884, 'Port Moresby', 'PNG', 'National Capital Dis', 247000),
	(2885, 'Asunción', 'PRY', 'Asunción', 557776),
	(2886, 'Ciudad del Este', 'PRY', 'Alto Paraná', 133881),
	(2887, 'San Lorenzo', 'PRY', 'Central', 133395),
	(2888, 'Lambaré', 'PRY', 'Central', 99681),
	(2889, 'Fernando de la Mora', 'PRY', 'Central', 95287),
	(2890, 'Lima', 'PER', 'Lima', 6464693),
	(2891, 'Arequipa', 'PER', 'Arequipa', 762000),
	(2892, 'Trujillo', 'PER', 'La Libertad', 652000),
	(2893, 'Chiclayo', 'PER', 'Lambayeque', 517000),
	(2894, 'Callao', 'PER', 'Callao', 424294),
	(2895, 'Iquitos', 'PER', 'Loreto', 367000),
	(2896, 'Chimbote', 'PER', 'Ancash', 336000),
	(2897, 'Huancayo', 'PER', 'Junín', 327000),
	(2898, 'Piura', 'PER', 'Piura', 325000),
	(2899, 'Cusco', 'PER', 'Cusco', 291000),
	(2900, 'Pucallpa', 'PER', 'Ucayali', 220866),
	(2901, 'Tacna', 'PER', 'Tacna', 215683),
	(2902, 'Ica', 'PER', 'Ica', 194820),
	(2903, 'Sullana', 'PER', 'Piura', 147361),
	(2904, 'Juliaca', 'PER', 'Puno', 142576),
	(2905, 'Huánuco', 'PER', 'Huanuco', 129688),
	(2906, 'Ayacucho', 'PER', 'Ayacucho', 118960),
	(2907, 'Chincha Alta', 'PER', 'Ica', 110016),
	(2908, 'Cajamarca', 'PER', 'Cajamarca', 108009),
	(2909, 'Puno', 'PER', 'Puno', 101578),
	(2910, 'Ventanilla', 'PER', 'Callao', 101056),
	(2911, 'Castilla', 'PER', 'Piura', 90642),
	(2912, 'Adamstown', 'PCN', '–', 42),
	(2913, 'Garapan', 'MNP', 'Saipan', 9200),
	(2914, 'Lisboa', 'PRT', 'Lisboa', 563210),
	(2915, 'Porto', 'PRT', 'Porto', 273060),
	(2916, 'Amadora', 'PRT', 'Lisboa', 122106),
	(2917, 'Coímbra', 'PRT', 'Coímbra', 96100),
	(2918, 'Braga', 'PRT', 'Braga', 90535),
	(2919, 'San Juan', 'PRI', 'San Juan', 434374),
	(2920, 'Bayamón', 'PRI', 'Bayamón', 224044),
	(2921, 'Ponce', 'PRI', 'Ponce', 186475),
	(2922, 'Carolina', 'PRI', 'Carolina', 186076),
	(2923, 'Caguas', 'PRI', 'Caguas', 140502),
	(2924, 'Arecibo', 'PRI', 'Arecibo', 100131),
	(2925, 'Guaynabo', 'PRI', 'Guaynabo', 100053),
	(2926, 'Mayagüez', 'PRI', 'Mayagüez', 98434),
	(2927, 'Toa Baja', 'PRI', 'Toa Baja', 94085),
	(2928, 'Warszawa', 'POL', 'Mazowieckie', 1615369),
	(2929, 'Lódz', 'POL', 'Lodzkie', 800110),
	(2930, 'Kraków', 'POL', 'Malopolskie', 738150),
	(2931, 'Wroclaw', 'POL', 'Dolnoslaskie', 636765),
	(2932, 'Poznan', 'POL', 'Wielkopolskie', 576899),
	(2933, 'Gdansk', 'POL', 'Pomorskie', 458988),
	(2934, 'Szczecin', 'POL', 'Zachodnio-Pomorskie', 416988),
	(2935, 'Bydgoszcz', 'POL', 'Kujawsko-Pomorskie', 386855),
	(2936, 'Lublin', 'POL', 'Lubelskie', 356251),
	(2937, 'Katowice', 'POL', 'Slaskie', 345934),
	(2938, 'Bialystok', 'POL', 'Podlaskie', 283937),
	(2939, 'Czestochowa', 'POL', 'Slaskie', 257812),
	(2940, 'Gdynia', 'POL', 'Pomorskie', 253521),
	(2941, 'Sosnowiec', 'POL', 'Slaskie', 244102),
	(2942, 'Radom', 'POL', 'Mazowieckie', 232262),
	(2943, 'Kielce', 'POL', 'Swietokrzyskie', 212383),
	(2944, 'Gliwice', 'POL', 'Slaskie', 212164),
	(2945, 'Torun', 'POL', 'Kujawsko-Pomorskie', 206158),
	(2946, 'Bytom', 'POL', 'Slaskie', 205560),
	(2947, 'Zabrze', 'POL', 'Slaskie', 200177),
	(2948, 'Bielsko-Biala', 'POL', 'Slaskie', 180307),
	(2949, 'Olsztyn', 'POL', 'Warminsko-Mazurskie', 170904),
	(2950, 'Rzeszów', 'POL', 'Podkarpackie', 162049),
	(2951, 'Ruda Slaska', 'POL', 'Slaskie', 159665),
	(2952, 'Rybnik', 'POL', 'Slaskie', 144582),
	(2953, 'Walbrzych', 'POL', 'Dolnoslaskie', 136923),
	(2954, 'Tychy', 'POL', 'Slaskie', 133178),
	(2955, 'Dabrowa Górnicza', 'POL', 'Slaskie', 131037),
	(2956, 'Plock', 'POL', 'Mazowieckie', 131011),
	(2957, 'Elblag', 'POL', 'Warminsko-Mazurskie', 129782),
	(2958, 'Opole', 'POL', 'Opolskie', 129553),
	(2959, 'Gorzów Wielkopolski', 'POL', 'Lubuskie', 126019),
	(2960, 'Wloclawek', 'POL', 'Kujawsko-Pomorskie', 123373),
	(2961, 'Chorzów', 'POL', 'Slaskie', 121708),
	(2962, 'Tarnów', 'POL', 'Malopolskie', 121494),
	(2963, 'Zielona Góra', 'POL', 'Lubuskie', 118182),
	(2964, 'Koszalin', 'POL', 'Zachodnio-Pomorskie', 112375),
	(2965, 'Legnica', 'POL', 'Dolnoslaskie', 109335),
	(2966, 'Kalisz', 'POL', 'Wielkopolskie', 106641),
	(2967, 'Grudziadz', 'POL', 'Kujawsko-Pomorskie', 102434),
	(2968, 'Slupsk', 'POL', 'Pomorskie', 102370),
	(2969, 'Jastrzebie-Zdrój', 'POL', 'Slaskie', 102294),
	(2970, 'Jaworzno', 'POL', 'Slaskie', 97929),
	(2971, 'Jelenia Góra', 'POL', 'Dolnoslaskie', 93901),
	(2972, 'Malabo', 'GNQ', 'Bioko', 40000),
	(2973, 'Doha', 'QAT', 'Doha', 355000),
	(2974, 'Paris', 'FRA', 'Île-de-France', 2125246),
	(2975, 'Marseille', 'FRA', 'Provence-Alpes-Côte', 798430),
	(2976, 'Lyon', 'FRA', 'Rhône-Alpes', 445452),
	(2977, 'Toulouse', 'FRA', 'Midi-Pyrénées', 390350),
	(2978, 'Nice', 'FRA', 'Provence-Alpes-Côte', 342738),
	(2979, 'Nantes', 'FRA', 'Pays de la Loire', 270251),
	(2980, 'Strasbourg', 'FRA', 'Alsace', 264115),
	(2981, 'Montpellier', 'FRA', 'Languedoc-Roussillon', 225392),
	(2982, 'Bordeaux', 'FRA', 'Aquitaine', 215363),
	(2983, 'Rennes', 'FRA', 'Haute-Normandie', 206229),
	(2984, 'Le Havre', 'FRA', 'Champagne-Ardenne', 190905),
	(2985, 'Reims', 'FRA', 'Nord-Pas-de-Calais', 187206),
	(2986, 'Lille', 'FRA', 'Rhône-Alpes', 184657),
	(2987, 'St-Étienne', 'FRA', 'Bretagne', 180210),
	(2988, 'Toulon', 'FRA', 'Provence-Alpes-Côte', 160639),
	(2989, 'Grenoble', 'FRA', 'Rhône-Alpes', 153317),
	(2990, 'Angers', 'FRA', 'Pays de la Loire', 151279),
	(2991, 'Dijon', 'FRA', 'Bourgogne', 149867),
	(2992, 'Brest', 'FRA', 'Bretagne', 149634),
	(2993, 'Le Mans', 'FRA', 'Pays de la Loire', 146105),
	(2994, 'Clermont-Ferrand', 'FRA', 'Auvergne', 137140),
	(2995, 'Amiens', 'FRA', 'Picardie', 135501),
	(2996, 'Aix-en-Provence', 'FRA', 'Provence-Alpes-Côte', 134222),
	(2997, 'Limoges', 'FRA', 'Limousin', 133968),
	(2998, 'Nîmes', 'FRA', 'Languedoc-Roussillon', 133424),
	(2999, 'Tours', 'FRA', 'Centre', 132820),
	(3000, 'Villeurbanne', 'FRA', 'Rhône-Alpes', 124215),
	(3001, 'Metz', 'FRA', 'Lorraine', 123776),
	(3002, 'Besançon', 'FRA', 'Franche-Comté', 117733),
	(3003, 'Caen', 'FRA', 'Basse-Normandie', 113987),
	(3004, 'Orléans', 'FRA', 'Centre', 113126),
	(3005, 'Mulhouse', 'FRA', 'Alsace', 110359),
	(3006, 'Rouen', 'FRA', 'Haute-Normandie', 106592),
	(3007, 'Boulogne-Billancourt', 'FRA', 'Île-de-France', 106367),
	(3008, 'Perpignan', 'FRA', 'Languedoc-Roussillon', 105115),
	(3009, 'Nancy', 'FRA', 'Lorraine', 103605),
	(3010, 'Roubaix', 'FRA', 'Nord-Pas-de-Calais', 96984),
	(3011, 'Argenteuil', 'FRA', 'Île-de-France', 93961),
	(3012, 'Tourcoing', 'FRA', 'Nord-Pas-de-Calais', 93540),
	(3013, 'Montreuil', 'FRA', 'Île-de-France', 90674),
	(3014, 'Cayenne', 'GUF', 'Cayenne', 50699),
	(3015, 'Faaa', 'PYF', 'Tahiti', 25888),
	(3016, 'Papeete', 'PYF', 'Tahiti', 25553),
	(3017, 'Saint-Denis', 'REU', 'Saint-Denis', 131480),
	(3018, 'Bucuresti', 'ROM', 'Bukarest', 2016131),
	(3019, 'Iasi', 'ROM', 'Iasi', 348070),
	(3020, 'Constanta', 'ROM', 'Constanta', 342264),
	(3021, 'Cluj-Napoca', 'ROM', 'Cluj', 332498),
	(3022, 'Galati', 'ROM', 'Galati', 330276),
	(3023, 'Timisoara', 'ROM', 'Timis', 324304),
	(3024, 'Brasov', 'ROM', 'Brasov', 314225),
	(3025, 'Craiova', 'ROM', 'Dolj', 313530),
	(3026, 'Ploiesti', 'ROM', 'Prahova', 251348),
	(3027, 'Braila', 'ROM', 'Braila', 233756),
	(3028, 'Oradea', 'ROM', 'Bihor', 222239),
	(3029, 'Bacau', 'ROM', 'Bacau', 209235),
	(3030, 'Pitesti', 'ROM', 'Arges', 187170),
	(3031, 'Arad', 'ROM', 'Arad', 184408),
	(3032, 'Sibiu', 'ROM', 'Sibiu', 169611),
	(3033, 'Târgu Mures', 'ROM', 'Mures', 165153),
	(3034, 'Baia Mare', 'ROM', 'Maramures', 149665),
	(3035, 'Buzau', 'ROM', 'Buzau', 148372),
	(3036, 'Satu Mare', 'ROM', 'Satu Mare', 130059),
	(3037, 'Botosani', 'ROM', 'Botosani', 128730),
	(3038, 'Piatra Neamt', 'ROM', 'Neamt', 125070),
	(3039, 'Râmnicu Vâlcea', 'ROM', 'Vâlcea', 119741),
	(3040, 'Suceava', 'ROM', 'Suceava', 118549),
	(3041, 'Drobeta-Turnu Severin', 'ROM', 'Mehedinti', 117865),
	(3042, 'Târgoviste', 'ROM', 'Dâmbovita', 98980),
	(3043, 'Focsani', 'ROM', 'Vrancea', 98979),
	(3044, 'Târgu Jiu', 'ROM', 'Gorj', 98524),
	(3045, 'Tulcea', 'ROM', 'Tulcea', 96278),
	(3046, 'Resita', 'ROM', 'Caras-Severin', 93976),
	(3047, 'Kigali', 'RWA', 'Kigali', 286000),
	(3048, 'Stockholm', 'SWE', 'Lisboa', 750348),
	(3049, 'Gothenburg [Göteborg]', 'SWE', 'West Götanmaan län', 466990),
	(3050, 'Malmö', 'SWE', 'Skåne län', 259579),
	(3051, 'Uppsala', 'SWE', 'Uppsala län', 189569),
	(3052, 'Linköping', 'SWE', 'East Götanmaan län', 133168),
	(3053, 'Västerås', 'SWE', 'Västmanlands län', 126328),
	(3054, 'Örebro', 'SWE', 'Örebros län', 124207),
	(3055, 'Norrköping', 'SWE', 'East Götanmaan län', 122199),
	(3056, 'Helsingborg', 'SWE', 'Skåne län', 117737),
	(3057, 'Jönköping', 'SWE', 'Jönköpings län', 117095),
	(3058, 'Umeå', 'SWE', 'Västerbottens län', 104512),
	(3059, 'Lund', 'SWE', 'Skåne län', 98948),
	(3060, 'Borås', 'SWE', 'West Götanmaan län', 96883),
	(3061, 'Sundsvall', 'SWE', 'Västernorrlands län', 93126),
	(3062, 'Gävle', 'SWE', 'Gävleborgs län', 90742),
	(3063, 'Jamestown', 'SHN', 'Saint Helena', 1500),
	(3064, 'Basseterre', 'KNA', 'St George Basseterre', 11600),
	(3065, 'Castries', 'LCA', 'Castries', 2301),
	(3066, 'Kingstown', 'VCT', 'St George', 17100),
	(3067, 'Saint-Pierre', 'SPM', 'Saint-Pierre', 5808),
	(3068, 'Berlin', 'DEU', 'Berliini', 3386667),
	(3069, 'Hamburg', 'DEU', 'Hamburg', 1704735),
	(3070, 'Munich [München]', 'DEU', 'Baijeri', 1194560),
	(3071, 'Köln', 'DEU', 'Nordrhein-Westfalen', 962507),
	(3072, 'Frankfurt am Main', 'DEU', 'Hessen', 643821),
	(3073, 'Essen', 'DEU', 'Nordrhein-Westfalen', 599515),
	(3074, 'Dortmund', 'DEU', 'Nordrhein-Westfalen', 590213),
	(3075, 'Stuttgart', 'DEU', 'Baden-Württemberg', 582443),
	(3076, 'Düsseldorf', 'DEU', 'Nordrhein-Westfalen', 568855),
	(3077, 'Bremen', 'DEU', 'Bremen', 540330),
	(3078, 'Duisburg', 'DEU', 'Nordrhein-Westfalen', 519793),
	(3079, 'Hannover', 'DEU', 'Niedersachsen', 514718),
	(3080, 'Leipzig', 'DEU', 'Saksi', 489532),
	(3081, 'Nürnberg', 'DEU', 'Baijeri', 486628),
	(3082, 'Dresden', 'DEU', 'Saksi', 476668),
	(3083, 'Bochum', 'DEU', 'Nordrhein-Westfalen', 392830),
	(3084, 'Wuppertal', 'DEU', 'Nordrhein-Westfalen', 368993),
	(3085, 'Bielefeld', 'DEU', 'Nordrhein-Westfalen', 321125),
	(3086, 'Mannheim', 'DEU', 'Baden-Württemberg', 307730),
	(3087, 'Bonn', 'DEU', 'Nordrhein-Westfalen', 301048),
	(3088, 'Gelsenkirchen', 'DEU', 'Nordrhein-Westfalen', 281979),
	(3089, 'Karlsruhe', 'DEU', 'Baden-Württemberg', 277204),
	(3090, 'Wiesbaden', 'DEU', 'Hessen', 268716),
	(3091, 'Münster', 'DEU', 'Nordrhein-Westfalen', 264670),
	(3092, 'Mönchengladbach', 'DEU', 'Nordrhein-Westfalen', 263697),
	(3093, 'Chemnitz', 'DEU', 'Saksi', 263222),
	(3094, 'Augsburg', 'DEU', 'Baijeri', 254867),
	(3095, 'Halle/Saale', 'DEU', 'Anhalt Sachsen', 254360),
	(3096, 'Braunschweig', 'DEU', 'Niedersachsen', 246322),
	(3097, 'Aachen', 'DEU', 'Nordrhein-Westfalen', 243825),
	(3098, 'Krefeld', 'DEU', 'Nordrhein-Westfalen', 241769),
	(3099, 'Magdeburg', 'DEU', 'Anhalt Sachsen', 235073),
	(3100, 'Kiel', 'DEU', 'Schleswig-Holstein', 233795),
	(3101, 'Oberhausen', 'DEU', 'Nordrhein-Westfalen', 222349),
	(3102, 'Lübeck', 'DEU', 'Schleswig-Holstein', 213326),
	(3103, 'Hagen', 'DEU', 'Nordrhein-Westfalen', 205201),
	(3104, 'Rostock', 'DEU', 'Mecklenburg-Vorpomme', 203279),
	(3105, 'Freiburg im Breisgau', 'DEU', 'Baden-Württemberg', 202455),
	(3106, 'Erfurt', 'DEU', 'Thüringen', 201267),
	(3107, 'Kassel', 'DEU', 'Hessen', 196211),
	(3108, 'Saarbrücken', 'DEU', 'Saarland', 183836),
	(3109, 'Mainz', 'DEU', 'Rheinland-Pfalz', 183134),
	(3110, 'Hamm', 'DEU', 'Nordrhein-Westfalen', 181804),
	(3111, 'Herne', 'DEU', 'Nordrhein-Westfalen', 175661),
	(3112, 'Mülheim an der Ruhr', 'DEU', 'Nordrhein-Westfalen', 173895),
	(3113, 'Solingen', 'DEU', 'Nordrhein-Westfalen', 165583),
	(3114, 'Osnabrück', 'DEU', 'Niedersachsen', 164539),
	(3115, 'Ludwigshafen am Rhein', 'DEU', 'Rheinland-Pfalz', 163771),
	(3116, 'Leverkusen', 'DEU', 'Nordrhein-Westfalen', 160841),
	(3117, 'Oldenburg', 'DEU', 'Niedersachsen', 154125),
	(3118, 'Neuss', 'DEU', 'Nordrhein-Westfalen', 149702),
	(3119, 'Heidelberg', 'DEU', 'Baden-Württemberg', 139672),
	(3120, 'Darmstadt', 'DEU', 'Hessen', 137776),
	(3121, 'Paderborn', 'DEU', 'Nordrhein-Westfalen', 137647),
	(3122, 'Potsdam', 'DEU', 'Brandenburg', 128983),
	(3123, 'Würzburg', 'DEU', 'Baijeri', 127350),
	(3124, 'Regensburg', 'DEU', 'Baijeri', 125236),
	(3125, 'Recklinghausen', 'DEU', 'Nordrhein-Westfalen', 125022),
	(3126, 'Göttingen', 'DEU', 'Niedersachsen', 124775),
	(3127, 'Bremerhaven', 'DEU', 'Bremen', 122735),
	(3128, 'Wolfsburg', 'DEU', 'Niedersachsen', 121954),
	(3129, 'Bottrop', 'DEU', 'Nordrhein-Westfalen', 121097),
	(3130, 'Remscheid', 'DEU', 'Nordrhein-Westfalen', 120125),
	(3131, 'Heilbronn', 'DEU', 'Baden-Württemberg', 119526),
	(3132, 'Pforzheim', 'DEU', 'Baden-Württemberg', 117227),
	(3133, 'Offenbach am Main', 'DEU', 'Hessen', 116627),
	(3134, 'Ulm', 'DEU', 'Baden-Württemberg', 116103),
	(3135, 'Ingolstadt', 'DEU', 'Baijeri', 114826),
	(3136, 'Gera', 'DEU', 'Thüringen', 114718),
	(3137, 'Salzgitter', 'DEU', 'Niedersachsen', 112934),
	(3138, 'Cottbus', 'DEU', 'Brandenburg', 110894),
	(3139, 'Reutlingen', 'DEU', 'Baden-Württemberg', 110343),
	(3140, 'Fürth', 'DEU', 'Baijeri', 109771),
	(3141, 'Siegen', 'DEU', 'Nordrhein-Westfalen', 109225),
	(3142, 'Koblenz', 'DEU', 'Rheinland-Pfalz', 108003),
	(3143, 'Moers', 'DEU', 'Nordrhein-Westfalen', 106837),
	(3144, 'Bergisch Gladbach', 'DEU', 'Nordrhein-Westfalen', 106150),
	(3145, 'Zwickau', 'DEU', 'Saksi', 104146),
	(3146, 'Hildesheim', 'DEU', 'Niedersachsen', 104013),
	(3147, 'Witten', 'DEU', 'Nordrhein-Westfalen', 103384),
	(3148, 'Schwerin', 'DEU', 'Mecklenburg-Vorpomme', 102878),
	(3149, 'Erlangen', 'DEU', 'Baijeri', 100750),
	(3150, 'Kaiserslautern', 'DEU', 'Rheinland-Pfalz', 100025),
	(3151, 'Trier', 'DEU', 'Rheinland-Pfalz', 99891),
	(3152, 'Jena', 'DEU', 'Thüringen', 99779),
	(3153, 'Iserlohn', 'DEU', 'Nordrhein-Westfalen', 99474),
	(3154, 'Gütersloh', 'DEU', 'Nordrhein-Westfalen', 95028),
	(3155, 'Marl', 'DEU', 'Nordrhein-Westfalen', 93735),
	(3156, 'Lünen', 'DEU', 'Nordrhein-Westfalen', 92044),
	(3157, 'Düren', 'DEU', 'Nordrhein-Westfalen', 91092),
	(3158, 'Ratingen', 'DEU', 'Nordrhein-Westfalen', 90951),
	(3159, 'Velbert', 'DEU', 'Nordrhein-Westfalen', 89881),
	(3160, 'Esslingen am Neckar', 'DEU', 'Baden-Württemberg', 89667),
	(3161, 'Honiara', 'SLB', 'Honiara', 50100),
	(3162, 'Lusaka', 'ZMB', 'Lusaka', 1317000),
	(3163, 'Ndola', 'ZMB', 'Copperbelt', 329200),
	(3164, 'Kitwe', 'ZMB', 'Copperbelt', 288600),
	(3165, 'Kabwe', 'ZMB', 'Central', 154300),
	(3166, 'Chingola', 'ZMB', 'Copperbelt', 142400),
	(3167, 'Mufulira', 'ZMB', 'Copperbelt', 123900),
	(3168, 'Luanshya', 'ZMB', 'Copperbelt', 118100),
	(3169, 'Apia', 'WSM', 'Upolu', 35900),
	(3170, 'Serravalle', 'SMR', 'Serravalle/Dogano', 4802),
	(3171, 'San Marino', 'SMR', 'San Marino', 2294),
	(3172, 'São Tomé', 'STP', 'Aqua Grande', 49541),
	(3173, 'Riyadh', 'SAU', 'Riyadh', 3324000),
	(3174, 'Jedda', 'SAU', 'Mekka', 2046300),
	(3175, 'Mekka', 'SAU', 'Mekka', 965700),
	(3176, 'Medina', 'SAU', 'Medina', 608300),
	(3177, 'al-Dammam', 'SAU', 'al-Sharqiya', 482300),
	(3178, 'al-Taif', 'SAU', 'Mekka', 416100),
	(3179, 'Tabuk', 'SAU', 'Tabuk', 292600),
	(3180, 'Burayda', 'SAU', 'al-Qasim', 248600),
	(3181, 'al-Hufuf', 'SAU', 'al-Sharqiya', 225800),
	(3182, 'al-Mubarraz', 'SAU', 'al-Sharqiya', 219100),
	(3183, 'Khamis Mushayt', 'SAU', 'Asir', 217900),
	(3184, 'Hail', 'SAU', 'Hail', 176800),
	(3185, 'al-Kharj', 'SAU', 'Riad', 152100),
	(3186, 'al-Khubar', 'SAU', 'al-Sharqiya', 141700),
	(3187, 'Jubayl', 'SAU', 'al-Sharqiya', 140800),
	(3188, 'Hafar al-Batin', 'SAU', 'al-Sharqiya', 137800),
	(3189, 'al-Tuqba', 'SAU', 'al-Sharqiya', 125700),
	(3190, 'Yanbu', 'SAU', 'Medina', 119800),
	(3191, 'Abha', 'SAU', 'Asir', 112300),
	(3192, 'Ara´ar', 'SAU', 'al-Khudud al-Samaliy', 108100),
	(3193, 'al-Qatif', 'SAU', 'al-Sharqiya', 98900),
	(3194, 'al-Hawiya', 'SAU', 'Mekka', 93900),
	(3195, 'Unayza', 'SAU', 'Qasim', 91100),
	(3196, 'Najran', 'SAU', 'Najran', 91000),
	(3197, 'Pikine', 'SEN', 'Cap-Vert', 855287),
	(3198, 'Dakar', 'SEN', 'Cap-Vert', 785071),
	(3199, 'Thiès', 'SEN', 'Thiès', 248000),
	(3200, 'Kaolack', 'SEN', 'Kaolack', 199000),
	(3201, 'Ziguinchor', 'SEN', 'Ziguinchor', 192000),
	(3202, 'Rufisque', 'SEN', 'Cap-Vert', 150000),
	(3203, 'Saint-Louis', 'SEN', 'Saint-Louis', 132400),
	(3204, 'Mbour', 'SEN', 'Thiès', 109300),
	(3205, 'Diourbel', 'SEN', 'Diourbel', 99400),
	(3206, 'Victoria', 'SYC', 'Mahé', 41000),
	(3207, 'Freetown', 'SLE', 'Western', 850000),
	(3208, 'Singapore', 'SGP', '–', 4017733),
	(3209, 'Bratislava', 'SVK', 'Bratislava', 448292),
	(3210, 'Košice', 'SVK', 'Východné Slovensko', 241874),
	(3211, 'Prešov', 'SVK', 'Východné Slovensko', 93977),
	(3212, 'Ljubljana', 'SVN', 'Osrednjeslovenska', 270986),
	(3213, 'Maribor', 'SVN', 'Podravska', 115532),
	(3214, 'Mogadishu', 'SOM', 'Banaadir', 997000),
	(3215, 'Hargeysa', 'SOM', 'Woqooyi Galbeed', 90000),
	(3216, 'Kismaayo', 'SOM', 'Jubbada Hoose', 90000),
	(3217, 'Colombo', 'LKA', 'Western', 645000),
	(3218, 'Dehiwala', 'LKA', 'Western', 203000),
	(3219, 'Moratuwa', 'LKA', 'Western', 190000),
	(3220, 'Jaffna', 'LKA', 'Northern', 149000),
	(3221, 'Kandy', 'LKA', 'Central', 140000),
	(3222, 'Sri Jayawardenepura Kotte', 'LKA', 'Western', 118000),
	(3223, 'Negombo', 'LKA', 'Western', 100000),
	(3224, 'Omdurman', 'SDN', 'Khartum', 1271403),
	(3225, 'Khartum', 'SDN', 'Khartum', 947483),
	(3226, 'Sharq al-Nil', 'SDN', 'Khartum', 700887),
	(3227, 'Port Sudan', 'SDN', 'al-Bahr al-Ahmar', 308195),
	(3228, 'Kassala', 'SDN', 'Kassala', 234622),
	(3229, 'Obeid', 'SDN', 'Kurdufan al-Shamaliy', 229425),
	(3230, 'Nyala', 'SDN', 'Darfur al-Janubiya', 227183),
	(3231, 'Wad Madani', 'SDN', 'al-Jazira', 211362),
	(3232, 'al-Qadarif', 'SDN', 'al-Qadarif', 191164),
	(3233, 'Kusti', 'SDN', 'al-Bahr al-Abyad', 173599),
	(3234, 'al-Fashir', 'SDN', 'Darfur al-Shamaliya', 141884),
	(3235, 'Juba', 'SDN', 'Bahr al-Jabal', 114980),
	(3236, 'Helsinki [Helsingfors]', 'FIN', 'Newmaa', 555474),
	(3237, 'Espoo', 'FIN', 'Newmaa', 213271),
	(3238, 'Tampere', 'FIN', 'Pirkanmaa', 195468),
	(3239, 'Vantaa', 'FIN', 'Newmaa', 178471),
	(3240, 'Turku [Åbo]', 'FIN', 'Varsinais-Suomi', 172561),
	(3241, 'Oulu', 'FIN', 'Pohjois-Pohjanmaa', 120753),
	(3242, 'Lahti', 'FIN', 'Päijät-Häme', 96921),
	(3243, 'Paramaribo', 'SUR', 'Paramaribo', 112000),
	(3244, 'Mbabane', 'SWZ', 'Hhohho', 61000),
	(3245, 'Zürich', 'CHE', 'Zürich', 336800),
	(3246, 'Geneve', 'CHE', 'Geneve', 173500),
	(3247, 'Basel', 'CHE', 'Basel-Stadt', 166700),
	(3248, 'Bern', 'CHE', 'Bern', 122700),
	(3249, 'Lausanne', 'CHE', 'Vaud', 114500),
	(3250, 'Damascus', 'SYR', 'Damascus', 1347000),
	(3251, 'Aleppo', 'SYR', 'Aleppo', 1261983),
	(3252, 'Hims', 'SYR', 'Hims', 507404),
	(3253, 'Hama', 'SYR', 'Hama', 343361),
	(3254, 'Latakia', 'SYR', 'Latakia', 264563),
	(3255, 'al-Qamishliya', 'SYR', 'al-Hasaka', 144286),
	(3256, 'Dayr al-Zawr', 'SYR', 'Dayr al-Zawr', 140459),
	(3257, 'Jaramana', 'SYR', 'Damaskos', 138469),
	(3258, 'Duma', 'SYR', 'Damaskos', 131158),
	(3259, 'al-Raqqa', 'SYR', 'al-Raqqa', 108020),
	(3260, 'Idlib', 'SYR', 'Idlib', 91081),
	(3261, 'Dushanbe', 'TJK', 'Karotegin', 524000),
	(3262, 'Khujand', 'TJK', 'Khujand', 161500),
	(3263, 'Taipei', 'TWN', 'Taipei', 2641312),
	(3264, 'Kaohsiung', 'TWN', 'Kaohsiung', 1475505),
	(3265, 'Taichung', 'TWN', 'Taichung', 940589),
	(3266, 'Tainan', 'TWN', 'Tainan', 728060),
	(3267, 'Panchiao', 'TWN', 'Taipei', 523850),
	(3268, 'Chungho', 'TWN', 'Taipei', 392176),
	(3269, 'Keelung (Chilung)', 'TWN', 'Keelung', 385201),
	(3270, 'Sanchung', 'TWN', 'Taipei', 380084),
	(3271, 'Hsinchuang', 'TWN', 'Taipei', 365048),
	(3272, 'Hsinchu', 'TWN', 'Hsinchu', 361958),
	(3273, 'Chungli', 'TWN', 'Taoyuan', 318649),
	(3274, 'Fengshan', 'TWN', 'Kaohsiung', 318562),
	(3275, 'Taoyuan', 'TWN', 'Taoyuan', 316438),
	(3276, 'Chiayi', 'TWN', 'Chiayi', 265109),
	(3277, 'Hsintien', 'TWN', 'Taipei', 263603),
	(3278, 'Changhwa', 'TWN', 'Changhwa', 227715),
	(3279, 'Yungho', 'TWN', 'Taipei', 227700),
	(3280, 'Tucheng', 'TWN', 'Taipei', 224897),
	(3281, 'Pingtung', 'TWN', 'Pingtung', 214727),
	(3282, 'Yungkang', 'TWN', 'Tainan', 193005),
	(3283, 'Pingchen', 'TWN', 'Taoyuan', 188344),
	(3284, 'Tali', 'TWN', 'Taichung', 171940),
	(3285, 'Taiping', 'TWN', '', 165524),
	(3286, 'Pate', 'TWN', 'Taoyuan', 161700),
	(3287, 'Fengyuan', 'TWN', 'Taichung', 161032),
	(3288, 'Luchou', 'TWN', 'Taipei', 160516),
	(3289, 'Hsichuh', 'TWN', 'Taipei', 154976),
	(3290, 'Shulin', 'TWN', 'Taipei', 151260),
	(3291, 'Yuanlin', 'TWN', 'Changhwa', 126402),
	(3292, 'Yangmei', 'TWN', 'Taoyuan', 126323),
	(3293, 'Taliao', 'TWN', '', 115897),
	(3294, 'Kueishan', 'TWN', '', 112195),
	(3295, 'Tanshui', 'TWN', 'Taipei', 111882),
	(3296, 'Taitung', 'TWN', 'Taitung', 111039),
	(3297, 'Hualien', 'TWN', 'Hualien', 108407),
	(3298, 'Nantou', 'TWN', 'Nantou', 104723),
	(3299, 'Lungtan', 'TWN', 'Taipei', 103088),
	(3300, 'Touliu', 'TWN', 'Yünlin', 98900),
	(3301, 'Tsaotun', 'TWN', 'Nantou', 96800),
	(3302, 'Kangshan', 'TWN', 'Kaohsiung', 92200),
	(3303, 'Ilan', 'TWN', 'Ilan', 92000),
	(3304, 'Miaoli', 'TWN', 'Miaoli', 90000),
	(3305, 'Dar es Salaam', 'TZA', 'Dar es Salaam', 1747000),
	(3306, 'Dodoma', 'TZA', 'Dodoma', 189000),
	(3307, 'Mwanza', 'TZA', 'Mwanza', 172300),
	(3308, 'Zanzibar', 'TZA', 'Zanzibar West', 157634),
	(3309, 'Tanga', 'TZA', 'Tanga', 137400),
	(3310, 'Mbeya', 'TZA', 'Mbeya', 130800),
	(3311, 'Morogoro', 'TZA', 'Morogoro', 117800),
	(3312, 'Arusha', 'TZA', 'Arusha', 102500),
	(3313, 'Moshi', 'TZA', 'Kilimanjaro', 96800),
	(3314, 'Tabora', 'TZA', 'Tabora', 92800),
	(3315, 'København', 'DNK', 'København', 495699),
	(3316, 'Århus', 'DNK', 'Århus', 284846),
	(3317, 'Odense', 'DNK', 'Fyn', 183912),
	(3318, 'Aalborg', 'DNK', 'Nordjylland', 161161),
	(3319, 'Frederiksberg', 'DNK', 'Frederiksberg', 90327),
	(3320, 'Bangkok', 'THA', 'Bangkok', 6320174),
	(3321, 'Nonthaburi', 'THA', 'Nonthaburi', 292100),
	(3322, 'Nakhon Ratchasima', 'THA', 'Nakhon Ratchasima', 181400),
	(3323, 'Chiang Mai', 'THA', 'Chiang Mai', 171100),
	(3324, 'Udon Thani', 'THA', 'Udon Thani', 158100),
	(3325, 'Hat Yai', 'THA', 'Songkhla', 148632),
	(3326, 'Khon Kaen', 'THA', 'Khon Kaen', 126500),
	(3327, 'Pak Kret', 'THA', 'Nonthaburi', 126055),
	(3328, 'Nakhon Sawan', 'THA', 'Nakhon Sawan', 123800),
	(3329, 'Ubon Ratchathani', 'THA', 'Ubon Ratchathani', 116300),
	(3330, 'Songkhla', 'THA', 'Songkhla', 94900),
	(3331, 'Nakhon Pathom', 'THA', 'Nakhon Pathom', 94100),
	(3332, 'Lomé', 'TGO', 'Maritime', 375000),
	(3333, 'Fakaofo', 'TKL', 'Fakaofo', 300),
	(3334, 'Nuku´alofa', 'TON', 'Tongatapu', 22400),
	(3335, 'Chaguanas', 'TTO', 'Caroni', 56601),
	(3336, 'Port-of-Spain', 'TTO', 'Port-of-Spain', 43396),
	(3337, 'N´Djaména', 'TCD', 'Chari-Baguirmi', 530965),
	(3338, 'Moundou', 'TCD', 'Logone Occidental', 99500),
	(3339, 'Praha', 'CZE', 'Hlavní mesto Praha', 1181126),
	(3340, 'Brno', 'CZE', 'Jizní Morava', 381862),
	(3341, 'Ostrava', 'CZE', 'Severní Morava', 320041),
	(3342, 'Plzen', 'CZE', 'Zapadní Cechy', 166759),
	(3343, 'Olomouc', 'CZE', 'Severní Morava', 102702),
	(3344, 'Liberec', 'CZE', 'Severní Cechy', 99155),
	(3345, 'Ceské Budejovice', 'CZE', 'Jizní Cechy', 98186),
	(3346, 'Hradec Králové', 'CZE', 'Východní Cechy', 98080),
	(3347, 'Ústí nad Labem', 'CZE', 'Severní Cechy', 95491),
	(3348, 'Pardubice', 'CZE', 'Východní Cechy', 91309),
	(3349, 'Tunis', 'TUN', 'Tunis', 690600),
	(3350, 'Sfax', 'TUN', 'Sfax', 257800),
	(3351, 'Ariana', 'TUN', 'Ariana', 197000),
	(3352, 'Ettadhamen', 'TUN', 'Ariana', 178600),
	(3353, 'Sousse', 'TUN', 'Sousse', 145900),
	(3354, 'Kairouan', 'TUN', 'Kairouan', 113100),
	(3355, 'Biserta', 'TUN', 'Biserta', 108900),
	(3356, 'Gabès', 'TUN', 'Gabès', 106600),
	(3357, 'Istanbul', 'TUR', 'Istanbul', 8787958),
	(3358, 'Ankara', 'TUR', 'Ankara', 3038159),
	(3359, 'Izmir', 'TUR', 'Izmir', 2130359),
	(3360, 'Adana', 'TUR', 'Adana', 1131198),
	(3361, 'Bursa', 'TUR', 'Bursa', 1095842),
	(3362, 'Gaziantep', 'TUR', 'Gaziantep', 789056),
	(3363, 'Konya', 'TUR', 'Konya', 628364),
	(3364, 'Mersin (Içel)', 'TUR', 'Içel', 587212),
	(3365, 'Antalya', 'TUR', 'Antalya', 564914),
	(3366, 'Diyarbakir', 'TUR', 'Diyarbakir', 479884),
	(3367, 'Kayseri', 'TUR', 'Kayseri', 475657),
	(3368, 'Eskisehir', 'TUR', 'Eskisehir', 470781),
	(3369, 'Sanliurfa', 'TUR', 'Sanliurfa', 405905),
	(3370, 'Samsun', 'TUR', 'Samsun', 339871),
	(3371, 'Malatya', 'TUR', 'Malatya', 330312),
	(3372, 'Gebze', 'TUR', 'Kocaeli', 264170),
	(3373, 'Denizli', 'TUR', 'Denizli', 253848),
	(3374, 'Sivas', 'TUR', 'Sivas', 246642),
	(3375, 'Erzurum', 'TUR', 'Erzurum', 246535),
	(3376, 'Tarsus', 'TUR', 'Adana', 246206),
	(3377, 'Kahramanmaras', 'TUR', 'Kahramanmaras', 245772),
	(3378, 'Elâzig', 'TUR', 'Elâzig', 228815),
	(3379, 'Van', 'TUR', 'Van', 219319),
	(3380, 'Sultanbeyli', 'TUR', 'Istanbul', 211068),
	(3381, 'Izmit (Kocaeli)', 'TUR', 'Kocaeli', 210068),
	(3382, 'Manisa', 'TUR', 'Manisa', 207148),
	(3383, 'Batman', 'TUR', 'Batman', 203793),
	(3384, 'Balikesir', 'TUR', 'Balikesir', 196382),
	(3385, 'Sakarya (Adapazari)', 'TUR', 'Sakarya', 190641),
	(3386, 'Iskenderun', 'TUR', 'Hatay', 153022),
	(3387, 'Osmaniye', 'TUR', 'Osmaniye', 146003),
	(3388, 'Çorum', 'TUR', 'Çorum', 145495),
	(3389, 'Kütahya', 'TUR', 'Kütahya', 144761),
	(3390, 'Hatay (Antakya)', 'TUR', 'Hatay', 143982),
	(3391, 'Kirikkale', 'TUR', 'Kirikkale', 142044),
	(3392, 'Adiyaman', 'TUR', 'Adiyaman', 141529),
	(3393, 'Trabzon', 'TUR', 'Trabzon', 138234),
	(3394, 'Ordu', 'TUR', 'Ordu', 133642),
	(3395, 'Aydin', 'TUR', 'Aydin', 128651),
	(3396, 'Usak', 'TUR', 'Usak', 128162),
	(3397, 'Edirne', 'TUR', 'Edirne', 123383),
	(3398, 'Çorlu', 'TUR', 'Tekirdag', 123300),
	(3399, 'Isparta', 'TUR', 'Isparta', 121911),
	(3400, 'Karabük', 'TUR', 'Karabük', 118285),
	(3401, 'Kilis', 'TUR', 'Kilis', 118245),
	(3402, 'Alanya', 'TUR', 'Antalya', 117300),
	(3403, 'Kiziltepe', 'TUR', 'Mardin', 112000),
	(3404, 'Zonguldak', 'TUR', 'Zonguldak', 111542),
	(3405, 'Siirt', 'TUR', 'Siirt', 107100),
	(3406, 'Viransehir', 'TUR', 'Sanliurfa', 106400),
	(3407, 'Tekirdag', 'TUR', 'Tekirdag', 106077),
	(3408, 'Karaman', 'TUR', 'Karaman', 104200),
	(3409, 'Afyon', 'TUR', 'Afyon', 103984),
	(3410, 'Aksaray', 'TUR', 'Aksaray', 102681),
	(3411, 'Ceyhan', 'TUR', 'Adana', 102412),
	(3412, 'Erzincan', 'TUR', 'Erzincan', 102304),
	(3413, 'Bismil', 'TUR', 'Diyarbakir', 101400),
	(3414, 'Nazilli', 'TUR', 'Aydin', 99900),
	(3415, 'Tokat', 'TUR', 'Tokat', 99500),
	(3416, 'Kars', 'TUR', 'Kars', 93000),
	(3417, 'Inegöl', 'TUR', 'Bursa', 90500),
	(3418, 'Bandirma', 'TUR', 'Balikesir', 90200),
	(3419, 'Ashgabat', 'TKM', 'Ahal', 540600),
	(3420, 'Chärjew', 'TKM', 'Lebap', 189200),
	(3421, 'Dashhowuz', 'TKM', 'Dashhowuz', 141800),
	(3422, 'Mary', 'TKM', 'Mary', 101000),
	(3423, 'Cockburn Town', 'TCA', 'Grand Turk', 4800),
	(3424, 'Funafuti', 'TUV', 'Funafuti', 4600),
	(3425, 'Kampala', 'UGA', 'Central', 890800),
	(3426, 'Kyiv', 'UKR', 'Kiova', 2624000),
	(3427, 'Harkova [Harkiv]', 'UKR', 'Harkova', 1500000),
	(3428, 'Dnipropetrovsk', 'UKR', 'Dnipropetrovsk', 1103000),
	(3429, 'Donetsk', 'UKR', 'Donetsk', 1050000),
	(3430, 'Odesa', 'UKR', 'Odesa', 1011000),
	(3431, 'Zaporizzja', 'UKR', 'Zaporizzja', 848000),
	(3432, 'Lviv', 'UKR', 'Lviv', 788000),
	(3433, 'Kryvyi Rig', 'UKR', 'Dnipropetrovsk', 703000),
	(3434, 'Mykolajiv', 'UKR', 'Mykolajiv', 508000),
	(3435, 'Mariupol', 'UKR', 'Donetsk', 490000),
	(3436, 'Lugansk', 'UKR', 'Lugansk', 469000),
	(3437, 'Vinnytsja', 'UKR', 'Vinnytsja', 391000),
	(3438, 'Makijivka', 'UKR', 'Donetsk', 384000),
	(3439, 'Herson', 'UKR', 'Herson', 353000),
	(3440, 'Sevastopol', 'UKR', 'Krim', 348000),
	(3441, 'Simferopol', 'UKR', 'Krim', 339000),
	(3442, 'Pultava [Poltava]', 'UKR', 'Pultava', 313000),
	(3443, 'Tšernigiv', 'UKR', 'Tšernigiv', 313000),
	(3444, 'Tšerkasy', 'UKR', 'Tšerkasy', 309000),
	(3445, 'Gorlivka', 'UKR', 'Donetsk', 299000),
	(3446, 'Zytomyr', 'UKR', 'Zytomyr', 297000),
	(3447, 'Sumy', 'UKR', 'Sumy', 294000),
	(3448, 'Dniprodzerzynsk', 'UKR', 'Dnipropetrovsk', 270000),
	(3449, 'Kirovograd', 'UKR', 'Kirovograd', 265000),
	(3450, 'Hmelnytskyi', 'UKR', 'Hmelnytskyi', 262000),
	(3451, 'Tšernivtsi', 'UKR', 'Tšernivtsi', 259000),
	(3452, 'Rivne', 'UKR', 'Rivne', 245000),
	(3453, 'Krementšuk', 'UKR', 'Pultava', 239000),
	(3454, 'Ivano-Frankivsk', 'UKR', 'Ivano-Frankivsk', 237000),
	(3455, 'Ternopil', 'UKR', 'Ternopil', 236000),
	(3456, 'Lutsk', 'UKR', 'Volynia', 217000),
	(3457, 'Bila Tserkva', 'UKR', 'Kiova', 215000),
	(3458, 'Kramatorsk', 'UKR', 'Donetsk', 186000),
	(3459, 'Melitopol', 'UKR', 'Zaporizzja', 169000),
	(3460, 'Kertš', 'UKR', 'Krim', 162000),
	(3461, 'Nikopol', 'UKR', 'Dnipropetrovsk', 149000),
	(3462, 'Berdjansk', 'UKR', 'Zaporizzja', 130000),
	(3463, 'Pavlograd', 'UKR', 'Dnipropetrovsk', 127000),
	(3464, 'Sjeverodonetsk', 'UKR', 'Lugansk', 127000),
	(3465, 'Slovjansk', 'UKR', 'Donetsk', 127000),
	(3466, 'Uzgorod', 'UKR', 'Taka-Karpatia', 127000),
	(3467, 'Altševsk', 'UKR', 'Lugansk', 119000),
	(3468, 'Lysytšansk', 'UKR', 'Lugansk', 116000),
	(3469, 'Jevpatorija', 'UKR', 'Krim', 112000),
	(3470, 'Kamjanets-Podilskyi', 'UKR', 'Hmelnytskyi', 109000),
	(3471, 'Jenakijeve', 'UKR', 'Donetsk', 105000),
	(3472, 'Krasnyi Lutš', 'UKR', 'Lugansk', 101000),
	(3473, 'Stahanov', 'UKR', 'Lugansk', 101000),
	(3474, 'Oleksandrija', 'UKR', 'Kirovograd', 99000),
	(3475, 'Konotop', 'UKR', 'Sumy', 96000),
	(3476, 'Kostjantynivka', 'UKR', 'Donetsk', 95000),
	(3477, 'Berdytšiv', 'UKR', 'Zytomyr', 90000),
	(3478, 'Izmajil', 'UKR', 'Odesa', 90000),
	(3479, 'Šostka', 'UKR', 'Sumy', 90000),
	(3480, 'Uman', 'UKR', 'Tšerkasy', 90000),
	(3481, 'Brovary', 'UKR', 'Kiova', 89000),
	(3482, 'Mukatševe', 'UKR', 'Taka-Karpatia', 89000),
	(3483, 'Budapest', 'HUN', 'Budapest', 1811552),
	(3484, 'Debrecen', 'HUN', 'Hajdú-Bihar', 203648),
	(3485, 'Miskolc', 'HUN', 'Borsod-Abaúj-Zemplén', 172357),
	(3486, 'Szeged', 'HUN', 'Csongrád', 158158),
	(3487, 'Pécs', 'HUN', 'Baranya', 157332),
	(3488, 'Györ', 'HUN', 'Györ-Moson-Sopron', 127119),
	(3489, 'Nyiregyháza', 'HUN', 'Szabolcs-Szatmár-Ber', 112419),
	(3490, 'Kecskemét', 'HUN', 'Bács-Kiskun', 105606),
	(3491, 'Székesfehérvár', 'HUN', 'Fejér', 105119),
	(3492, 'Montevideo', 'URY', 'Montevideo', 1236000),
	(3493, 'Nouméa', 'NCL', '–', 76293),
	(3494, 'Auckland', 'NZL', 'Auckland', 381800),
	(3495, 'Christchurch', 'NZL', 'Canterbury', 324200),
	(3496, 'Manukau', 'NZL', 'Auckland', 281800),
	(3497, 'North Shore', 'NZL', 'Auckland', 187700),
	(3498, 'Waitakere', 'NZL', 'Auckland', 170600),
	(3499, 'Wellington', 'NZL', 'Wellington', 166700),
	(3500, 'Dunedin', 'NZL', 'Dunedin', 119600),
	(3501, 'Hamilton', 'NZL', 'Hamilton', 117100),
	(3502, 'Lower Hutt', 'NZL', 'Wellington', 98100),
	(3503, 'Toskent', 'UZB', 'Toskent Shahri', 2117500),
	(3504, 'Namangan', 'UZB', 'Namangan', 370500),
	(3505, 'Samarkand', 'UZB', 'Samarkand', 361800),
	(3506, 'Andijon', 'UZB', 'Andijon', 318600),
	(3507, 'Buhoro', 'UZB', 'Buhoro', 237100),
	(3508, 'Karsi', 'UZB', 'Qashqadaryo', 194100),
	(3509, 'Nukus', 'UZB', 'Karakalpakistan', 194100),
	(3510, 'Kükon', 'UZB', 'Fargona', 190100),
	(3511, 'Fargona', 'UZB', 'Fargona', 180500),
	(3512, 'Circik', 'UZB', 'Toskent', 146400),
	(3513, 'Margilon', 'UZB', 'Fargona', 140800),
	(3514, 'Ürgenc', 'UZB', 'Khorazm', 138900),
	(3515, 'Angren', 'UZB', 'Toskent', 128000),
	(3516, 'Cizah', 'UZB', 'Cizah', 124800),
	(3517, 'Navoi', 'UZB', 'Navoi', 116300),
	(3518, 'Olmalik', 'UZB', 'Toskent', 114900),
	(3519, 'Termiz', 'UZB', 'Surkhondaryo', 109500),
	(3520, 'Minsk', 'BLR', 'Horad Minsk', 1674000),
	(3521, 'Gomel', 'BLR', 'Gomel', 475000),
	(3522, 'Mogiljov', 'BLR', 'Mogiljov', 356000),
	(3523, 'Vitebsk', 'BLR', 'Vitebsk', 340000),
	(3524, 'Grodno', 'BLR', 'Grodno', 302000),
	(3525, 'Brest', 'BLR', 'Brest', 286000),
	(3526, 'Bobruisk', 'BLR', 'Mogiljov', 221000),
	(3527, 'Baranovitši', 'BLR', 'Brest', 167000),
	(3528, 'Borisov', 'BLR', 'Minsk', 151000),
	(3529, 'Pinsk', 'BLR', 'Brest', 130000),
	(3530, 'Orša', 'BLR', 'Vitebsk', 124000),
	(3531, 'Mozyr', 'BLR', 'Gomel', 110000),
	(3532, 'Novopolotsk', 'BLR', 'Vitebsk', 106000),
	(3533, 'Lida', 'BLR', 'Grodno', 101000),
	(3534, 'Soligorsk', 'BLR', 'Minsk', 101000),
	(3535, 'Molodetšno', 'BLR', 'Minsk', 97000),
	(3536, 'Mata-Utu', 'WLF', 'Wallis', 1137),
	(3537, 'Port-Vila', 'VUT', 'Shefa', 33700),
	(3538, 'Città del Vaticano', 'VAT', '–', 455),
	(3539, 'Caracas', 'VEN', 'Distrito Federal', 1975294),
	(3540, 'Maracaíbo', 'VEN', 'Zulia', 1304776),
	(3541, 'Barquisimeto', 'VEN', 'Lara', 877239),
	(3542, 'Valencia', 'VEN', 'Carabobo', 794246),
	(3543, 'Ciudad Guayana', 'VEN', 'Bolívar', 663713),
	(3544, 'Petare', 'VEN', 'Miranda', 488868),
	(3545, 'Maracay', 'VEN', 'Aragua', 444443),
	(3546, 'Barcelona', 'VEN', 'Anzoátegui', 322267),
	(3547, 'Maturín', 'VEN', 'Monagas', 319726),
	(3548, 'San Cristóbal', 'VEN', 'Táchira', 319373),
	(3549, 'Ciudad Bolívar', 'VEN', 'Bolívar', 301107),
	(3550, 'Cumaná', 'VEN', 'Sucre', 293105),
	(3551, 'Mérida', 'VEN', 'Mérida', 224887),
	(3552, 'Cabimas', 'VEN', 'Zulia', 221329),
	(3553, 'Barinas', 'VEN', 'Barinas', 217831),
	(3554, 'Turmero', 'VEN', 'Aragua', 217499),
	(3555, 'Baruta', 'VEN', 'Miranda', 207290),
	(3556, 'Puerto Cabello', 'VEN', 'Carabobo', 187722),
	(3557, 'Santa Ana de Coro', 'VEN', 'Falcón', 185766),
	(3558, 'Los Teques', 'VEN', 'Miranda', 178784),
	(3559, 'Punto Fijo', 'VEN', 'Falcón', 167215),
	(3560, 'Guarenas', 'VEN', 'Miranda', 165889),
	(3561, 'Acarigua', 'VEN', 'Portuguesa', 158954),
	(3562, 'Puerto La Cruz', 'VEN', 'Anzoátegui', 155700),
	(3563, 'Ciudad Losada', 'VEN', '', 134501),
	(3564, 'Guacara', 'VEN', 'Carabobo', 131334),
	(3565, 'Valera', 'VEN', 'Trujillo', 130281),
	(3566, 'Guanare', 'VEN', 'Portuguesa', 125621),
	(3567, 'Carúpano', 'VEN', 'Sucre', 119639),
	(3568, 'Catia La Mar', 'VEN', 'Distrito Federal', 117012),
	(3569, 'El Tigre', 'VEN', 'Anzoátegui', 116256),
	(3570, 'Guatire', 'VEN', 'Miranda', 109121),
	(3571, 'Calabozo', 'VEN', 'Guárico', 107146),
	(3572, 'Pozuelos', 'VEN', 'Anzoátegui', 105690),
	(3573, 'Ciudad Ojeda', 'VEN', 'Zulia', 99354),
	(3574, 'Ocumare del Tuy', 'VEN', 'Miranda', 97168),
	(3575, 'Valle de la Pascua', 'VEN', 'Guárico', 95927),
	(3576, 'Araure', 'VEN', 'Portuguesa', 94269),
	(3577, 'San Fernando de Apure', 'VEN', 'Apure', 93809),
	(3578, 'San Felipe', 'VEN', 'Yaracuy', 90940),
	(3579, 'El Limón', 'VEN', 'Aragua', 90000),
	(3580, 'Moscow', 'RUS', 'Moscow (City)', 8389200),
	(3581, 'St Petersburg', 'RUS', 'Pietari', 4694000),
	(3582, 'Novosibirsk', 'RUS', 'Novosibirsk', 1398800),
	(3583, 'Nizni Novgorod', 'RUS', 'Nizni Novgorod', 1357000),
	(3584, 'Jekaterinburg', 'RUS', 'Sverdlovsk', 1266300),
	(3585, 'Samara', 'RUS', 'Samara', 1156100),
	(3586, 'Omsk', 'RUS', 'Omsk', 1148900),
	(3587, 'Kazan', 'RUS', 'Tatarstan', 1101000),
	(3588, 'Ufa', 'RUS', 'Baškortostan', 1091200),
	(3589, 'Tšeljabinsk', 'RUS', 'Tšeljabinsk', 1083200),
	(3590, 'Rostov-na-Donu', 'RUS', 'Rostov-na-Donu', 1012700),
	(3591, 'Perm', 'RUS', 'Perm', 1009700),
	(3592, 'Volgograd', 'RUS', 'Volgograd', 993400),
	(3593, 'Voronez', 'RUS', 'Voronez', 907700),
	(3594, 'Krasnojarsk', 'RUS', 'Krasnojarsk', 875500),
	(3595, 'Saratov', 'RUS', 'Saratov', 874000),
	(3596, 'Toljatti', 'RUS', 'Samara', 722900),
	(3597, 'Uljanovsk', 'RUS', 'Uljanovsk', 667400),
	(3598, 'Izevsk', 'RUS', 'Udmurtia', 652800),
	(3599, 'Krasnodar', 'RUS', 'Krasnodar', 639000),
	(3600, 'Jaroslavl', 'RUS', 'Jaroslavl', 616700),
	(3601, 'Habarovsk', 'RUS', 'Habarovsk', 609400),
	(3602, 'Vladivostok', 'RUS', 'Primorje', 606200),
	(3603, 'Irkutsk', 'RUS', 'Irkutsk', 593700),
	(3604, 'Barnaul', 'RUS', 'Altai', 580100),
	(3605, 'Novokuznetsk', 'RUS', 'Kemerovo', 561600),
	(3606, 'Penza', 'RUS', 'Penza', 532200),
	(3607, 'Rjazan', 'RUS', 'Rjazan', 529900),
	(3608, 'Orenburg', 'RUS', 'Orenburg', 523600),
	(3609, 'Lipetsk', 'RUS', 'Lipetsk', 521000),
	(3610, 'Nabereznyje Tšelny', 'RUS', 'Tatarstan', 514700),
	(3611, 'Tula', 'RUS', 'Tula', 506100),
	(3612, 'Tjumen', 'RUS', 'Tjumen', 503400),
	(3613, 'Kemerovo', 'RUS', 'Kemerovo', 492700),
	(3614, 'Astrahan', 'RUS', 'Astrahan', 486100),
	(3615, 'Tomsk', 'RUS', 'Tomsk', 482100),
	(3616, 'Kirov', 'RUS', 'Kirov', 466200),
	(3617, 'Ivanovo', 'RUS', 'Ivanovo', 459200),
	(3618, 'Tšeboksary', 'RUS', 'Tšuvassia', 459200),
	(3619, 'Brjansk', 'RUS', 'Brjansk', 457400),
	(3620, 'Tver', 'RUS', 'Tver', 454900),
	(3621, 'Kursk', 'RUS', 'Kursk', 443500),
	(3622, 'Magnitogorsk', 'RUS', 'Tšeljabinsk', 427900),
	(3623, 'Kaliningrad', 'RUS', 'Kaliningrad', 424400),
	(3624, 'Nizni Tagil', 'RUS', 'Sverdlovsk', 390900),
	(3625, 'Murmansk', 'RUS', 'Murmansk', 376300),
	(3626, 'Ulan-Ude', 'RUS', 'Burjatia', 370400),
	(3627, 'Kurgan', 'RUS', 'Kurgan', 364700),
	(3628, 'Arkangeli', 'RUS', 'Arkangeli', 361800),
	(3629, 'Sotši', 'RUS', 'Krasnodar', 358600),
	(3630, 'Smolensk', 'RUS', 'Smolensk', 353400),
	(3631, 'Orjol', 'RUS', 'Orjol', 344500),
	(3632, 'Stavropol', 'RUS', 'Stavropol', 343300),
	(3633, 'Belgorod', 'RUS', 'Belgorod', 342000),
	(3634, 'Kaluga', 'RUS', 'Kaluga', 339300),
	(3635, 'Vladimir', 'RUS', 'Vladimir', 337100),
	(3636, 'Mahatškala', 'RUS', 'Dagestan', 332800),
	(3637, 'Tšerepovets', 'RUS', 'Vologda', 324400),
	(3638, 'Saransk', 'RUS', 'Mordva', 314800),
	(3639, 'Tambov', 'RUS', 'Tambov', 312000),
	(3640, 'Vladikavkaz', 'RUS', 'North Ossetia-Alania', 310100),
	(3641, 'Tšita', 'RUS', 'Tšita', 309900),
	(3642, 'Vologda', 'RUS', 'Vologda', 302500),
	(3643, 'Veliki Novgorod', 'RUS', 'Novgorod', 299500),
	(3644, 'Komsomolsk-na-Amure', 'RUS', 'Habarovsk', 291600),
	(3645, 'Kostroma', 'RUS', 'Kostroma', 288100),
	(3646, 'Volzski', 'RUS', 'Volgograd', 286900),
	(3647, 'Taganrog', 'RUS', 'Rostov-na-Donu', 284400),
	(3648, 'Petroskoi', 'RUS', 'Karjala', 282100),
	(3649, 'Bratsk', 'RUS', 'Irkutsk', 277600),
	(3650, 'Dzerzinsk', 'RUS', 'Nizni Novgorod', 277100),
	(3651, 'Surgut', 'RUS', 'Hanti-Mansia', 274900),
	(3652, 'Orsk', 'RUS', 'Orenburg', 273900),
	(3653, 'Sterlitamak', 'RUS', 'Baškortostan', 265200),
	(3654, 'Angarsk', 'RUS', 'Irkutsk', 264700),
	(3655, 'Joškar-Ola', 'RUS', 'Marinmaa', 249200),
	(3656, 'Rybinsk', 'RUS', 'Jaroslavl', 239600),
	(3657, 'Prokopjevsk', 'RUS', 'Kemerovo', 237300),
	(3658, 'Niznevartovsk', 'RUS', 'Hanti-Mansia', 233900),
	(3659, 'Naltšik', 'RUS', 'Kabardi-Balkaria', 233400),
	(3660, 'Syktyvkar', 'RUS', 'Komi', 229700),
	(3661, 'Severodvinsk', 'RUS', 'Arkangeli', 229300),
	(3662, 'Bijsk', 'RUS', 'Altai', 225000),
	(3663, 'Niznekamsk', 'RUS', 'Tatarstan', 223400),
	(3664, 'Blagoveštšensk', 'RUS', 'Amur', 222000),
	(3665, 'Šahty', 'RUS', 'Rostov-na-Donu', 221800),
	(3666, 'Staryi Oskol', 'RUS', 'Belgorod', 213800),
	(3667, 'Zelenograd', 'RUS', 'Moscow (City)', 207100),
	(3668, 'Balakovo', 'RUS', 'Saratov', 206000),
	(3669, 'Novorossijsk', 'RUS', 'Krasnodar', 203300),
	(3670, 'Pihkova', 'RUS', 'Pihkova', 201500),
	(3671, 'Zlatoust', 'RUS', 'Tšeljabinsk', 196900),
	(3672, 'Jakutsk', 'RUS', 'Saha (Jakutia)', 195400),
	(3673, 'Podolsk', 'RUS', 'Moskova', 194300),
	(3674, 'Petropavlovsk-Kamtšatski', 'RUS', 'Kamtšatka', 194100),
	(3675, 'Kamensk-Uralski', 'RUS', 'Sverdlovsk', 190600),
	(3676, 'Engels', 'RUS', 'Saratov', 189000),
	(3677, 'Syzran', 'RUS', 'Samara', 186900),
	(3678, 'Grozny', 'RUS', 'Tšetšenia', 186000),
	(3679, 'Novotšerkassk', 'RUS', 'Rostov-na-Donu', 184400),
	(3680, 'Berezniki', 'RUS', 'Perm', 181900),
	(3681, 'Juzno-Sahalinsk', 'RUS', 'Sahalin', 179200),
	(3682, 'Volgodonsk', 'RUS', 'Rostov-na-Donu', 178200),
	(3683, 'Abakan', 'RUS', 'Hakassia', 169200),
	(3684, 'Maikop', 'RUS', 'Adygea', 167300),
	(3685, 'Miass', 'RUS', 'Tšeljabinsk', 166200),
	(3686, 'Armavir', 'RUS', 'Krasnodar', 164900),
	(3687, 'Ljubertsy', 'RUS', 'Moskova', 163900),
	(3688, 'Rubtsovsk', 'RUS', 'Altai', 162600),
	(3689, 'Kovrov', 'RUS', 'Vladimir', 159900),
	(3690, 'Nahodka', 'RUS', 'Primorje', 157700),
	(3691, 'Ussurijsk', 'RUS', 'Primorje', 157300),
	(3692, 'Salavat', 'RUS', 'Baškortostan', 156800),
	(3693, 'Mytištši', 'RUS', 'Moskova', 155700),
	(3694, 'Kolomna', 'RUS', 'Moskova', 150700),
	(3695, 'Elektrostal', 'RUS', 'Moskova', 147000),
	(3696, 'Murom', 'RUS', 'Vladimir', 142400),
	(3697, 'Kolpino', 'RUS', 'Pietari', 141200),
	(3698, 'Norilsk', 'RUS', 'Krasnojarsk', 140800),
	(3699, 'Almetjevsk', 'RUS', 'Tatarstan', 140700),
	(3700, 'Novomoskovsk', 'RUS', 'Tula', 138100),
	(3701, 'Dimitrovgrad', 'RUS', 'Uljanovsk', 137000),
	(3702, 'Pervouralsk', 'RUS', 'Sverdlovsk', 136100),
	(3703, 'Himki', 'RUS', 'Moskova', 133700),
	(3704, 'Balašiha', 'RUS', 'Moskova', 132900),
	(3705, 'Nevinnomyssk', 'RUS', 'Stavropol', 132600),
	(3706, 'Pjatigorsk', 'RUS', 'Stavropol', 132500),
	(3707, 'Korolev', 'RUS', 'Moskova', 132400),
	(3708, 'Serpuhov', 'RUS', 'Moskova', 132000),
	(3709, 'Odintsovo', 'RUS', 'Moskova', 127400),
	(3710, 'Orehovo-Zujevo', 'RUS', 'Moskova', 124900),
	(3711, 'Kamyšin', 'RUS', 'Volgograd', 124600),
	(3712, 'Novotšeboksarsk', 'RUS', 'Tšuvassia', 123400),
	(3713, 'Tšerkessk', 'RUS', 'Karatšai-Tšerkessia', 121700),
	(3714, 'Atšinsk', 'RUS', 'Krasnojarsk', 121600),
	(3715, 'Magadan', 'RUS', 'Magadan', 121000),
	(3716, 'Mitšurinsk', 'RUS', 'Tambov', 120700),
	(3717, 'Kislovodsk', 'RUS', 'Stavropol', 120400),
	(3718, 'Jelets', 'RUS', 'Lipetsk', 119400),
	(3719, 'Seversk', 'RUS', 'Tomsk', 118600),
	(3720, 'Noginsk', 'RUS', 'Moskova', 117200),
	(3721, 'Velikije Luki', 'RUS', 'Pihkova', 116300),
	(3722, 'Novokuibyševsk', 'RUS', 'Samara', 116200),
	(3723, 'Neftekamsk', 'RUS', 'Baškortostan', 115700),
	(3724, 'Leninsk-Kuznetski', 'RUS', 'Kemerovo', 113800),
	(3725, 'Oktjabrski', 'RUS', 'Baškortostan', 111500),
	(3726, 'Sergijev Posad', 'RUS', 'Moskova', 111100),
	(3727, 'Arzamas', 'RUS', 'Nizni Novgorod', 110700),
	(3728, 'Kiseljovsk', 'RUS', 'Kemerovo', 110000),
	(3729, 'Novotroitsk', 'RUS', 'Orenburg', 109600),
	(3730, 'Obninsk', 'RUS', 'Kaluga', 108300),
	(3731, 'Kansk', 'RUS', 'Krasnojarsk', 107400),
	(3732, 'Glazov', 'RUS', 'Udmurtia', 106300),
	(3733, 'Solikamsk', 'RUS', 'Perm', 106000),
	(3734, 'Sarapul', 'RUS', 'Udmurtia', 105700),
	(3735, 'Ust-Ilimsk', 'RUS', 'Irkutsk', 105200),
	(3736, 'Štšolkovo', 'RUS', 'Moskova', 104900),
	(3737, 'Mezduretšensk', 'RUS', 'Kemerovo', 104400),
	(3738, 'Usolje-Sibirskoje', 'RUS', 'Irkutsk', 103500),
	(3739, 'Elista', 'RUS', 'Kalmykia', 103300),
	(3740, 'Novošahtinsk', 'RUS', 'Rostov-na-Donu', 101900),
	(3741, 'Votkinsk', 'RUS', 'Udmurtia', 101700),
	(3742, 'Kyzyl', 'RUS', 'Tyva', 101100),
	(3743, 'Serov', 'RUS', 'Sverdlovsk', 100400),
	(3744, 'Zelenodolsk', 'RUS', 'Tatarstan', 100200),
	(3745, 'Zeleznodoroznyi', 'RUS', 'Moskova', 100100),
	(3746, 'Kinešma', 'RUS', 'Ivanovo', 100000),
	(3747, 'Kuznetsk', 'RUS', 'Penza', 98200),
	(3748, 'Uhta', 'RUS', 'Komi', 98000),
	(3749, 'Jessentuki', 'RUS', 'Stavropol', 97900),
	(3750, 'Tobolsk', 'RUS', 'Tjumen', 97600),
	(3751, 'Neftejugansk', 'RUS', 'Hanti-Mansia', 97400),
	(3752, 'Bataisk', 'RUS', 'Rostov-na-Donu', 97300),
	(3753, 'Nojabrsk', 'RUS', 'Yamalin Nenetsia', 97300),
	(3754, 'Balašov', 'RUS', 'Saratov', 97100),
	(3755, 'Zeleznogorsk', 'RUS', 'Kursk', 96900),
	(3756, 'Zukovski', 'RUS', 'Moskova', 96500),
	(3757, 'Anzero-Sudzensk', 'RUS', 'Kemerovo', 96100),
	(3758, 'Bugulma', 'RUS', 'Tatarstan', 94100),
	(3759, 'Zeleznogorsk', 'RUS', 'Krasnojarsk', 94000),
	(3760, 'Novouralsk', 'RUS', 'Sverdlovsk', 93300),
	(3761, 'Puškin', 'RUS', 'Pietari', 92900),
	(3762, 'Vorkuta', 'RUS', 'Komi', 92600),
	(3763, 'Derbent', 'RUS', 'Dagestan', 92300),
	(3764, 'Kirovo-Tšepetsk', 'RUS', 'Kirov', 91600),
	(3765, 'Krasnogorsk', 'RUS', 'Moskova', 91000),
	(3766, 'Klin', 'RUS', 'Moskova', 90000),
	(3767, 'Tšaikovski', 'RUS', 'Perm', 90000),
	(3768, 'Novyi Urengoi', 'RUS', 'Yamalin Nenetsia', 89800),
	(3769, 'Ho Chi Minh City', 'VNM', 'Ho Chi Minh City', 3980000),
	(3770, 'Hanoi', 'VNM', 'Hanoi', 1410000),
	(3771, 'Haiphong', 'VNM', 'Haiphong', 783133),
	(3772, 'Da Nang', 'VNM', 'Quang Nam-Da Nang', 382674),
	(3773, 'Biên Hoa', 'VNM', 'Dong Nai', 282095),
	(3774, 'Nha Trang', 'VNM', 'Khanh Hoa', 221331),
	(3775, 'Hue', 'VNM', 'Thua Thien-Hue', 219149),
	(3776, 'Can Tho', 'VNM', 'Can Tho', 215587),
	(3777, 'Cam Pha', 'VNM', 'Quang Binh', 209086),
	(3778, 'Nam Dinh', 'VNM', 'Nam Ha', 171699),
	(3779, 'Quy Nhon', 'VNM', 'Binh Dinh', 163385),
	(3780, 'Vung Tau', 'VNM', 'Ba Ria-Vung Tau', 145145),
	(3781, 'Rach Gia', 'VNM', 'Kien Giang', 141132),
	(3782, 'Long Xuyen', 'VNM', 'An Giang', 132681),
	(3783, 'Thai Nguyen', 'VNM', 'Bac Thai', 127643),
	(3784, 'Hong Gai', 'VNM', 'Quang Ninh', 127484),
	(3785, 'Phan Thiêt', 'VNM', 'Binh Thuan', 114236),
	(3786, 'Cam Ranh', 'VNM', 'Khanh Hoa', 114041),
	(3787, 'Vinh', 'VNM', 'Nghe An', 112455),
	(3788, 'My Tho', 'VNM', 'Tien Giang', 108404),
	(3789, 'Da Lat', 'VNM', 'Lam Dong', 106409),
	(3790, 'Buon Ma Thuot', 'VNM', 'Dac Lac', 97044),
	(3791, 'Tallinn', 'EST', 'Harjumaa', 403981),
	(3792, 'Tartu', 'EST', 'Tartumaa', 101246),
	(3793, 'New York', 'USA', 'New York', 8008278),
	(3794, 'Los Angeles', 'USA', 'California', 3694820),
	(3795, 'Chicago', 'USA', 'Illinois', 2896016),
	(3796, 'Houston', 'USA', 'Texas', 1953631),
	(3797, 'Philadelphia', 'USA', 'Pennsylvania', 1517550),
	(3798, 'Phoenix', 'USA', 'Arizona', 1321045),
	(3799, 'San Diego', 'USA', 'California', 1223400),
	(3800, 'Dallas', 'USA', 'Texas', 1188580),
	(3801, 'San Antonio', 'USA', 'Texas', 1144646),
	(3802, 'Detroit', 'USA', 'Michigan', 951270),
	(3803, 'San Jose', 'USA', 'California', 894943),
	(3804, 'Indianapolis', 'USA', 'Indiana', 791926),
	(3805, 'San Francisco', 'USA', 'California', 776733),
	(3806, 'Jacksonville', 'USA', 'Florida', 735167),
	(3807, 'Columbus', 'USA', 'Ohio', 711470),
	(3808, 'Austin', 'USA', 'Texas', 656562),
	(3809, 'Baltimore', 'USA', 'Maryland', 651154),
	(3810, 'Memphis', 'USA', 'Tennessee', 650100),
	(3811, 'Milwaukee', 'USA', 'Wisconsin', 596974),
	(3812, 'Boston', 'USA', 'Massachusetts', 589141),
	(3813, 'Washington', 'USA', 'District of Columbia', 572059),
	(3814, 'Nashville-Davidson', 'USA', 'Tennessee', 569891),
	(3815, 'El Paso', 'USA', 'Texas', 563662),
	(3816, 'Seattle', 'USA', 'Washington', 563374),
	(3817, 'Denver', 'USA', 'Colorado', 554636),
	(3818, 'Charlotte', 'USA', 'North Carolina', 540828),
	(3819, 'Fort Worth', 'USA', 'Texas', 534694),
	(3820, 'Portland', 'USA', 'Oregon', 529121),
	(3821, 'Oklahoma City', 'USA', 'Oklahoma', 506132),
	(3822, 'Tucson', 'USA', 'Arizona', 486699),
	(3823, 'New Orleans', 'USA', 'Louisiana', 484674),
	(3824, 'Las Vegas', 'USA', 'Nevada', 478434),
	(3825, 'Cleveland', 'USA', 'Ohio', 478403),
	(3826, 'Long Beach', 'USA', 'California', 461522),
	(3827, 'Albuquerque', 'USA', 'New Mexico', 448607),
	(3828, 'Kansas City', 'USA', 'Missouri', 441545),
	(3829, 'Fresno', 'USA', 'California', 427652),
	(3830, 'Virginia Beach', 'USA', 'Virginia', 425257),
	(3831, 'Atlanta', 'USA', 'Georgia', 416474),
	(3832, 'Sacramento', 'USA', 'California', 407018),
	(3833, 'Oakland', 'USA', 'California', 399484),
	(3834, 'Mesa', 'USA', 'Arizona', 396375),
	(3835, 'Tulsa', 'USA', 'Oklahoma', 393049),
	(3836, 'Omaha', 'USA', 'Nebraska', 390007),
	(3837, 'Minneapolis', 'USA', 'Minnesota', 382618),
	(3838, 'Honolulu', 'USA', 'Hawaii', 371657),
	(3839, 'Miami', 'USA', 'Florida', 362470),
	(3840, 'Colorado Springs', 'USA', 'Colorado', 360890),
	(3841, 'Saint Louis', 'USA', 'Missouri', 348189),
	(3842, 'Wichita', 'USA', 'Kansas', 344284),
	(3843, 'Santa Ana', 'USA', 'California', 337977),
	(3844, 'Pittsburgh', 'USA', 'Pennsylvania', 334563),
	(3845, 'Arlington', 'USA', 'Texas', 332969),
	(3846, 'Cincinnati', 'USA', 'Ohio', 331285),
	(3847, 'Anaheim', 'USA', 'California', 328014),
	(3848, 'Toledo', 'USA', 'Ohio', 313619),
	(3849, 'Tampa', 'USA', 'Florida', 303447),
	(3850, 'Buffalo', 'USA', 'New York', 292648),
	(3851, 'Saint Paul', 'USA', 'Minnesota', 287151),
	(3852, 'Corpus Christi', 'USA', 'Texas', 277454),
	(3853, 'Aurora', 'USA', 'Colorado', 276393),
	(3854, 'Raleigh', 'USA', 'North Carolina', 276093),
	(3855, 'Newark', 'USA', 'New Jersey', 273546),
	(3856, 'Lexington-Fayette', 'USA', 'Kentucky', 260512),
	(3857, 'Anchorage', 'USA', 'Alaska', 260283),
	(3858, 'Louisville', 'USA', 'Kentucky', 256231),
	(3859, 'Riverside', 'USA', 'California', 255166),
	(3860, 'Saint Petersburg', 'USA', 'Florida', 248232),
	(3861, 'Bakersfield', 'USA', 'California', 247057),
	(3862, 'Stockton', 'USA', 'California', 243771),
	(3863, 'Birmingham', 'USA', 'Alabama', 242820),
	(3864, 'Jersey City', 'USA', 'New Jersey', 240055),
	(3865, 'Norfolk', 'USA', 'Virginia', 234403),
	(3866, 'Baton Rouge', 'USA', 'Louisiana', 227818),
	(3867, 'Hialeah', 'USA', 'Florida', 226419),
	(3868, 'Lincoln', 'USA', 'Nebraska', 225581),
	(3869, 'Greensboro', 'USA', 'North Carolina', 223891),
	(3870, 'Plano', 'USA', 'Texas', 222030),
	(3871, 'Rochester', 'USA', 'New York', 219773),
	(3872, 'Glendale', 'USA', 'Arizona', 218812),
	(3873, 'Akron', 'USA', 'Ohio', 217074),
	(3874, 'Garland', 'USA', 'Texas', 215768),
	(3875, 'Madison', 'USA', 'Wisconsin', 208054),
	(3876, 'Fort Wayne', 'USA', 'Indiana', 205727),
	(3877, 'Fremont', 'USA', 'California', 203413),
	(3878, 'Scottsdale', 'USA', 'Arizona', 202705),
	(3879, 'Montgomery', 'USA', 'Alabama', 201568),
	(3880, 'Shreveport', 'USA', 'Louisiana', 200145),
	(3881, 'Augusta-Richmond County', 'USA', 'Georgia', 199775),
	(3882, 'Lubbock', 'USA', 'Texas', 199564),
	(3883, 'Chesapeake', 'USA', 'Virginia', 199184),
	(3884, 'Mobile', 'USA', 'Alabama', 198915),
	(3885, 'Des Moines', 'USA', 'Iowa', 198682),
	(3886, 'Grand Rapids', 'USA', 'Michigan', 197800),
	(3887, 'Richmond', 'USA', 'Virginia', 197790),
	(3888, 'Yonkers', 'USA', 'New York', 196086),
	(3889, 'Spokane', 'USA', 'Washington', 195629),
	(3890, 'Glendale', 'USA', 'California', 194973),
	(3891, 'Tacoma', 'USA', 'Washington', 193556),
	(3892, 'Irving', 'USA', 'Texas', 191615),
	(3893, 'Huntington Beach', 'USA', 'California', 189594),
	(3894, 'Modesto', 'USA', 'California', 188856),
	(3895, 'Durham', 'USA', 'North Carolina', 187035),
	(3896, 'Columbus', 'USA', 'Georgia', 186291),
	(3897, 'Orlando', 'USA', 'Florida', 185951),
	(3898, 'Boise City', 'USA', 'Idaho', 185787),
	(3899, 'Winston-Salem', 'USA', 'North Carolina', 185776),
	(3900, 'San Bernardino', 'USA', 'California', 185401),
	(3901, 'Jackson', 'USA', 'Mississippi', 184256),
	(3902, 'Little Rock', 'USA', 'Arkansas', 183133),
	(3903, 'Salt Lake City', 'USA', 'Utah', 181743),
	(3904, 'Reno', 'USA', 'Nevada', 180480),
	(3905, 'Newport News', 'USA', 'Virginia', 180150),
	(3906, 'Chandler', 'USA', 'Arizona', 176581),
	(3907, 'Laredo', 'USA', 'Texas', 176576),
	(3908, 'Henderson', 'USA', 'Nevada', 175381),
	(3909, 'Arlington', 'USA', 'Virginia', 174838),
	(3910, 'Knoxville', 'USA', 'Tennessee', 173890),
	(3911, 'Amarillo', 'USA', 'Texas', 173627),
	(3912, 'Providence', 'USA', 'Rhode Island', 173618),
	(3913, 'Chula Vista', 'USA', 'California', 173556),
	(3914, 'Worcester', 'USA', 'Massachusetts', 172648),
	(3915, 'Oxnard', 'USA', 'California', 170358),
	(3916, 'Dayton', 'USA', 'Ohio', 166179),
	(3917, 'Garden Grove', 'USA', 'California', 165196),
	(3918, 'Oceanside', 'USA', 'California', 161029),
	(3919, 'Tempe', 'USA', 'Arizona', 158625),
	(3920, 'Huntsville', 'USA', 'Alabama', 158216),
	(3921, 'Ontario', 'USA', 'California', 158007),
	(3922, 'Chattanooga', 'USA', 'Tennessee', 155554),
	(3923, 'Fort Lauderdale', 'USA', 'Florida', 152397),
	(3924, 'Springfield', 'USA', 'Massachusetts', 152082),
	(3925, 'Springfield', 'USA', 'Missouri', 151580),
	(3926, 'Santa Clarita', 'USA', 'California', 151088),
	(3927, 'Salinas', 'USA', 'California', 151060),
	(3928, 'Tallahassee', 'USA', 'Florida', 150624),
	(3929, 'Rockford', 'USA', 'Illinois', 150115),
	(3930, 'Pomona', 'USA', 'California', 149473),
	(3931, 'Metairie', 'USA', 'Louisiana', 149428),
	(3932, 'Paterson', 'USA', 'New Jersey', 149222),
	(3933, 'Overland Park', 'USA', 'Kansas', 149080),
	(3934, 'Santa Rosa', 'USA', 'California', 147595),
	(3935, 'Syracuse', 'USA', 'New York', 147306),
	(3936, 'Kansas City', 'USA', 'Kansas', 146866),
	(3937, 'Hampton', 'USA', 'Virginia', 146437),
	(3938, 'Lakewood', 'USA', 'Colorado', 144126),
	(3939, 'Vancouver', 'USA', 'Washington', 143560),
	(3940, 'Irvine', 'USA', 'California', 143072),
	(3941, 'Aurora', 'USA', 'Illinois', 142990),
	(3942, 'Moreno Valley', 'USA', 'California', 142381),
	(3943, 'Pasadena', 'USA', 'California', 141674),
	(3944, 'Hayward', 'USA', 'California', 140030),
	(3945, 'Brownsville', 'USA', 'Texas', 139722),
	(3946, 'Bridgeport', 'USA', 'Connecticut', 139529),
	(3947, 'Hollywood', 'USA', 'Florida', 139357),
	(3948, 'Warren', 'USA', 'Michigan', 138247),
	(3949, 'Torrance', 'USA', 'California', 137946),
	(3950, 'Eugene', 'USA', 'Oregon', 137893),
	(3951, 'Pembroke Pines', 'USA', 'Florida', 137427),
	(3952, 'Salem', 'USA', 'Oregon', 136924),
	(3953, 'Pasadena', 'USA', 'Texas', 133936),
	(3954, 'Escondido', 'USA', 'California', 133559),
	(3955, 'Sunnyvale', 'USA', 'California', 131760),
	(3956, 'Savannah', 'USA', 'Georgia', 131510),
	(3957, 'Fontana', 'USA', 'California', 128929),
	(3958, 'Orange', 'USA', 'California', 128821),
	(3959, 'Naperville', 'USA', 'Illinois', 128358),
	(3960, 'Alexandria', 'USA', 'Virginia', 128283),
	(3961, 'Rancho Cucamonga', 'USA', 'California', 127743),
	(3962, 'Grand Prairie', 'USA', 'Texas', 127427),
	(3963, 'East Los Angeles', 'USA', 'California', 126379),
	(3964, 'Fullerton', 'USA', 'California', 126003),
	(3965, 'Corona', 'USA', 'California', 124966),
	(3966, 'Flint', 'USA', 'Michigan', 124943),
	(3967, 'Paradise', 'USA', 'Nevada', 124682),
	(3968, 'Mesquite', 'USA', 'Texas', 124523),
	(3969, 'Sterling Heights', 'USA', 'Michigan', 124471),
	(3970, 'Sioux Falls', 'USA', 'South Dakota', 123975),
	(3971, 'New Haven', 'USA', 'Connecticut', 123626),
	(3972, 'Topeka', 'USA', 'Kansas', 122377),
	(3973, 'Concord', 'USA', 'California', 121780),
	(3974, 'Evansville', 'USA', 'Indiana', 121582),
	(3975, 'Hartford', 'USA', 'Connecticut', 121578),
	(3976, 'Fayetteville', 'USA', 'North Carolina', 121015),
	(3977, 'Cedar Rapids', 'USA', 'Iowa', 120758),
	(3978, 'Elizabeth', 'USA', 'New Jersey', 120568),
	(3979, 'Lansing', 'USA', 'Michigan', 119128),
	(3980, 'Lancaster', 'USA', 'California', 118718),
	(3981, 'Fort Collins', 'USA', 'Colorado', 118652),
	(3982, 'Coral Springs', 'USA', 'Florida', 117549),
	(3983, 'Stamford', 'USA', 'Connecticut', 117083),
	(3984, 'Thousand Oaks', 'USA', 'California', 117005),
	(3985, 'Vallejo', 'USA', 'California', 116760),
	(3986, 'Palmdale', 'USA', 'California', 116670),
	(3987, 'Columbia', 'USA', 'South Carolina', 116278),
	(3988, 'El Monte', 'USA', 'California', 115965),
	(3989, 'Abilene', 'USA', 'Texas', 115930),
	(3990, 'North Las Vegas', 'USA', 'Nevada', 115488),
	(3991, 'Ann Arbor', 'USA', 'Michigan', 114024),
	(3992, 'Beaumont', 'USA', 'Texas', 113866),
	(3993, 'Waco', 'USA', 'Texas', 113726),
	(3994, 'Macon', 'USA', 'Georgia', 113336),
	(3995, 'Independence', 'USA', 'Missouri', 113288),
	(3996, 'Peoria', 'USA', 'Illinois', 112936),
	(3997, 'Inglewood', 'USA', 'California', 112580),
	(3998, 'Springfield', 'USA', 'Illinois', 111454),
	(3999, 'Simi Valley', 'USA', 'California', 111351),
	(4000, 'Lafayette', 'USA', 'Louisiana', 110257),
	(4001, 'Gilbert', 'USA', 'Arizona', 109697),
	(4002, 'Carrollton', 'USA', 'Texas', 109576),
	(4003, 'Bellevue', 'USA', 'Washington', 109569),
	(4004, 'West Valley City', 'USA', 'Utah', 108896),
	(4005, 'Clarksville', 'USA', 'Tennessee', 108787),
	(4006, 'Costa Mesa', 'USA', 'California', 108724),
	(4007, 'Peoria', 'USA', 'Arizona', 108364),
	(4008, 'South Bend', 'USA', 'Indiana', 107789),
	(4009, 'Downey', 'USA', 'California', 107323),
	(4010, 'Waterbury', 'USA', 'Connecticut', 107271),
	(4011, 'Manchester', 'USA', 'New Hampshire', 107006),
	(4012, 'Allentown', 'USA', 'Pennsylvania', 106632),
	(4013, 'McAllen', 'USA', 'Texas', 106414),
	(4014, 'Joliet', 'USA', 'Illinois', 106221),
	(4015, 'Lowell', 'USA', 'Massachusetts', 105167),
	(4016, 'Provo', 'USA', 'Utah', 105166),
	(4017, 'West Covina', 'USA', 'California', 105080),
	(4018, 'Wichita Falls', 'USA', 'Texas', 104197),
	(4019, 'Erie', 'USA', 'Pennsylvania', 103717),
	(4020, 'Daly City', 'USA', 'California', 103621),
	(4021, 'Citrus Heights', 'USA', 'California', 103455),
	(4022, 'Norwalk', 'USA', 'California', 103298),
	(4023, 'Gary', 'USA', 'Indiana', 102746),
	(4024, 'Berkeley', 'USA', 'California', 102743),
	(4025, 'Santa Clara', 'USA', 'California', 102361),
	(4026, 'Green Bay', 'USA', 'Wisconsin', 102313),
	(4027, 'Cape Coral', 'USA', 'Florida', 102286),
	(4028, 'Arvada', 'USA', 'Colorado', 102153),
	(4029, 'Pueblo', 'USA', 'Colorado', 102121),
	(4030, 'Sandy', 'USA', 'Utah', 101853),
	(4031, 'Athens-Clarke County', 'USA', 'Georgia', 101489),
	(4032, 'Cambridge', 'USA', 'Massachusetts', 101355),
	(4033, 'Westminster', 'USA', 'Colorado', 100940),
	(4034, 'San Buenaventura', 'USA', 'California', 100916),
	(4035, 'Portsmouth', 'USA', 'Virginia', 100565),
	(4036, 'Livonia', 'USA', 'Michigan', 100545),
	(4037, 'Burbank', 'USA', 'California', 100316),
	(4038, 'Clearwater', 'USA', 'Florida', 99936),
	(4039, 'Midland', 'USA', 'Texas', 98293),
	(4040, 'Davenport', 'USA', 'Iowa', 98256),
	(4041, 'Mission Viejo', 'USA', 'California', 98049),
	(4042, 'Miami Beach', 'USA', 'Florida', 97855),
	(4043, 'Sunrise Manor', 'USA', 'Nevada', 95362),
	(4044, 'New Bedford', 'USA', 'Massachusetts', 94780),
	(4045, 'El Cajon', 'USA', 'California', 94578),
	(4046, 'Norman', 'USA', 'Oklahoma', 94193),
	(4047, 'Richmond', 'USA', 'California', 94100),
	(4048, 'Albany', 'USA', 'New York', 93994),
	(4049, 'Brockton', 'USA', 'Massachusetts', 93653),
	(4050, 'Roanoke', 'USA', 'Virginia', 93357),
	(4051, 'Billings', 'USA', 'Montana', 92988),
	(4052, 'Compton', 'USA', 'California', 92864),
	(4053, 'Gainesville', 'USA', 'Florida', 92291),
	(4054, 'Fairfield', 'USA', 'California', 92256),
	(4055, 'Arden-Arcade', 'USA', 'California', 92040),
	(4056, 'San Mateo', 'USA', 'California', 91799),
	(4057, 'Visalia', 'USA', 'California', 91762),
	(4058, 'Boulder', 'USA', 'Colorado', 91238),
	(4059, 'Cary', 'USA', 'North Carolina', 91213),
	(4060, 'Santa Monica', 'USA', 'California', 91084),
	(4061, 'Fall River', 'USA', 'Massachusetts', 90555),
	(4062, 'Kenosha', 'USA', 'Wisconsin', 89447),
	(4063, 'Elgin', 'USA', 'Illinois', 89408),
	(4064, 'Odessa', 'USA', 'Texas', 89293),
	(4065, 'Carson', 'USA', 'California', 89089),
	(4066, 'Charleston', 'USA', 'South Carolina', 89063),
	(4067, 'Charlotte Amalie', 'VIR', 'St Thomas', 13000),
	(4068, 'Harare', 'ZWE', 'Harare', 1410000),
	(4069, 'Bulawayo', 'ZWE', 'Bulawayo', 621742),
	(4070, 'Chitungwiza', 'ZWE', 'Harare', 274912),
	(4071, 'Mount Darwin', 'ZWE', 'Harare', 164362),
	(4072, 'Mutare', 'ZWE', 'Manicaland', 131367),
	(4073, 'Gweru', 'ZWE', 'Midlands', 128037),
	(4074, 'Gaza', 'PSE', 'Gaza', 353632),
	(4075, 'Khan Yunis', 'PSE', 'Khan Yunis', 123175),
	(4076, 'Hebron', 'PSE', 'Hebron', 119401),
	(4077, 'Jabaliya', 'PSE', 'North Gaza', 113901),
	(4078, 'Nablus', 'PSE', 'Nablus', 100231),
	(4079, 'Rafah', 'PSE', 'Rafah', 92020);

-- 테이블 world.country 구조 내보내기
DROP TABLE IF EXISTS `country`;
CREATE TABLE IF NOT EXISTS `country` (
  `Code` char(3) NOT NULL DEFAULT '',
  `Name` char(52) NOT NULL DEFAULT '',
  `Continent` enum('Asia','Europe','North America','Africa','Oceania','Antarctica','South America') NOT NULL DEFAULT 'Asia',
  `Region` char(26) NOT NULL DEFAULT '',
  `SurfaceArea` decimal(10,2) NOT NULL DEFAULT '0.00',
  `IndepYear` smallint DEFAULT NULL,
  `Population` int NOT NULL DEFAULT '0',
  `LifeExpectancy` decimal(3,1) DEFAULT NULL,
  `GNP` decimal(10,2) DEFAULT NULL,
  `GNPOld` decimal(10,2) DEFAULT NULL,
  `LocalName` char(45) NOT NULL DEFAULT '',
  `GovernmentForm` char(45) NOT NULL DEFAULT '',
  `HeadOfState` char(60) DEFAULT NULL,
  `Capital` int DEFAULT NULL,
  `Code2` char(2) NOT NULL DEFAULT '',
  PRIMARY KEY (`Code`)
) ENGINE=InnoDB DEFAULT CHARSET=utf8mb4 COLLATE=utf8mb4_0900_ai_ci;

-- 테이블 데이터 world.country:~239 rows (대략적) 내보내기
DELETE FROM `country`;
INSERT INTO `country` (`Code`, `Name`, `Continent`, `Region`, `SurfaceArea`, `IndepYear`, `Population`, `LifeExpectancy`, `GNP`, `GNPOld`, `LocalName`, `GovernmentForm`, `HeadOfState`, `Capital`, `Code2`) VALUES
	('ABW', 'Aruba', 'North America', 'Caribbean', 193.00, NULL, 103000, 78.4, 828.00, 793.00, 'Aruba', 'Nonmetropolitan Territory of The Netherlands', 'Beatrix', 129, 'AW'),
	('AFG', 'Afghanistan', 'Asia', 'Southern and Central Asia', 652090.00, 1919, 22720000, 45.9, 5976.00, NULL, 'Afganistan/Afqanestan', 'Islamic Emirate', 'Mohammad Omar', 1, 'AF'),
	('AGO', 'Angola', 'Africa', 'Central Africa', 1246700.00, 1975, 12878000, 38.3, 6648.00, 7984.00, 'Angola', 'Republic', 'José Eduardo dos Santos', 56, 'AO'),
	('AIA', 'Anguilla', 'North America', 'Caribbean', 96.00, NULL, 8000, 76.1, 63.20, NULL, 'Anguilla', 'Dependent Territory of the UK', 'Elisabeth II', 62, 'AI'),
	('ALB', 'Albania', 'Europe', 'Southern Europe', 28748.00, 1912, 3401200, 71.6, 3205.00, 2500.00, 'Shqipëria', 'Republic', 'Rexhep Mejdani', 34, 'AL'),
	('AND', 'Andorra', 'Europe', 'Southern Europe', 468.00, 1278, 78000, 83.5, 1630.00, NULL, 'Andorra', 'Parliamentary Coprincipality', '', 55, 'AD'),
	('ANT', 'Netherlands Antilles', 'North America', 'Caribbean', 800.00, NULL, 217000, 74.7, 1941.00, NULL, 'Nederlandse Antillen', 'Nonmetropolitan Territory of The Netherlands', 'Beatrix', 33, 'AN'),
	('ARE', 'United Arab Emirates', 'Asia', 'Middle East', 83600.00, 1971, 2441000, 74.1, 37966.00, 36846.00, 'Al-Imarat al-´Arabiya al-Muttahida', 'Emirate Federation', 'Zayid bin Sultan al-Nahayan', 65, 'AE'),
	('ARG', 'Argentina', 'South America', 'South America', 2780400.00, 1816, 37032000, 75.1, 340238.00, 323310.00, 'Argentina', 'Federal Republic', 'Fernando de la Rúa', 69, 'AR'),
	('ARM', 'Armenia', 'Asia', 'Middle East', 29800.00, 1991, 3520000, 66.4, 1813.00, 1627.00, 'Hajastan', 'Republic', 'Robert Kotšarjan', 126, 'AM'),
	('ASM', 'American Samoa', 'Oceania', 'Polynesia', 199.00, NULL, 68000, 75.1, 334.00, NULL, 'Amerika Samoa', 'US Territory', 'George W. Bush', 54, 'AS'),
	('ATA', 'Antarctica', 'Antarctica', 'Antarctica', 13120000.00, NULL, 0, NULL, 0.00, NULL, '–', 'Co-administrated', '', NULL, 'AQ'),
	('ATF', 'French Southern territories', 'Antarctica', 'Antarctica', 7780.00, NULL, 0, NULL, 0.00, NULL, 'Terres australes françaises', 'Nonmetropolitan Territory of France', 'Jacques Chirac', NULL, 'TF'),
	('ATG', 'Antigua and Barbuda', 'North America', 'Caribbean', 442.00, 1981, 68000, 70.5, 612.00, 584.00, 'Antigua and Barbuda', 'Constitutional Monarchy', 'Elisabeth II', 63, 'AG'),
	('AUS', 'Australia', 'Oceania', 'Australia and New Zealand', 7741220.00, 1901, 18886000, 79.8, 351182.00, 392911.00, 'Australia', 'Constitutional Monarchy, Federation', 'Elisabeth II', 135, 'AU'),
	('AUT', 'Austria', 'Europe', 'Western Europe', 83859.00, 1918, 8091800, 77.7, 211860.00, 206025.00, 'Österreich', 'Federal Republic', 'Thomas Klestil', 1523, 'AT'),
	('AZE', 'Azerbaijan', 'Asia', 'Middle East', 86600.00, 1991, 7734000, 62.9, 4127.00, 4100.00, 'Azärbaycan', 'Federal Republic', 'Heydär Äliyev', 144, 'AZ'),
	('BDI', 'Burundi', 'Africa', 'Eastern Africa', 27834.00, 1962, 6695000, 46.2, 903.00, 982.00, 'Burundi/Uburundi', 'Republic', 'Pierre Buyoya', 552, 'BI'),
	('BEL', 'Belgium', 'Europe', 'Western Europe', 30518.00, 1830, 10239000, 77.8, 249704.00, 243948.00, 'België/Belgique', 'Constitutional Monarchy, Federation', 'Albert II', 179, 'BE'),
	('BEN', 'Benin', 'Africa', 'Western Africa', 112622.00, 1960, 6097000, 50.2, 2357.00, 2141.00, 'Bénin', 'Republic', 'Mathieu Kérékou', 187, 'BJ'),
	('BFA', 'Burkina Faso', 'Africa', 'Western Africa', 274000.00, 1960, 11937000, 46.7, 2425.00, 2201.00, 'Burkina Faso', 'Republic', 'Blaise Compaoré', 549, 'BF'),
	('BGD', 'Bangladesh', 'Asia', 'Southern and Central Asia', 143998.00, 1971, 129155000, 60.2, 32852.00, 31966.00, 'Bangladesh', 'Republic', 'Shahabuddin Ahmad', 150, 'BD'),
	('BGR', 'Bulgaria', 'Europe', 'Eastern Europe', 110994.00, 1908, 8190900, 70.9, 12178.00, 10169.00, 'Balgarija', 'Republic', 'Petar Stojanov', 539, 'BG'),
	('BHR', 'Bahrain', 'Asia', 'Middle East', 694.00, 1971, 617000, 73.0, 6366.00, 6097.00, 'Al-Bahrayn', 'Monarchy (Emirate)', 'Hamad ibn Isa al-Khalifa', 149, 'BH'),
	('BHS', 'Bahamas', 'North America', 'Caribbean', 13878.00, 1973, 307000, 71.1, 3527.00, 3347.00, 'The Bahamas', 'Constitutional Monarchy', 'Elisabeth II', 148, 'BS'),
	('BIH', 'Bosnia and Herzegovina', 'Europe', 'Southern Europe', 51197.00, 1992, 3972000, 71.5, 2841.00, NULL, 'Bosna i Hercegovina', 'Federal Republic', 'Ante Jelavic', 201, 'BA'),
	('BLR', 'Belarus', 'Europe', 'Eastern Europe', 207600.00, 1991, 10236000, 68.0, 13714.00, NULL, 'Belarus', 'Republic', 'Aljaksandr Lukašenka', 3520, 'BY'),
	('BLZ', 'Belize', 'North America', 'Central America', 22696.00, 1981, 241000, 70.9, 630.00, 616.00, 'Belize', 'Constitutional Monarchy', 'Elisabeth II', 185, 'BZ'),
	('BMU', 'Bermuda', 'North America', 'North America', 53.00, NULL, 65000, 76.9, 2328.00, 2190.00, 'Bermuda', 'Dependent Territory of the UK', 'Elisabeth II', 191, 'BM'),
	('BOL', 'Bolivia', 'South America', 'South America', 1098581.00, 1825, 8329000, 63.7, 8571.00, 7967.00, 'Bolivia', 'Republic', 'Hugo Bánzer Suárez', 194, 'BO'),
	('BRA', 'Brazil', 'South America', 'South America', 8547403.00, 1822, 170115000, 62.9, 776739.00, 804108.00, 'Brasil', 'Federal Republic', 'Fernando Henrique Cardoso', 211, 'BR'),
	('BRB', 'Barbados', 'North America', 'Caribbean', 430.00, 1966, 270000, 73.0, 2223.00, 2186.00, 'Barbados', 'Constitutional Monarchy', 'Elisabeth II', 174, 'BB'),
	('BRN', 'Brunei', 'Asia', 'Southeast Asia', 5765.00, 1984, 328000, 73.6, 11705.00, 12460.00, 'Brunei Darussalam', 'Monarchy (Sultanate)', 'Haji Hassan al-Bolkiah', 538, 'BN'),
	('BTN', 'Bhutan', 'Asia', 'Southern and Central Asia', 47000.00, 1910, 2124000, 52.4, 372.00, 383.00, 'Druk-Yul', 'Monarchy', 'Jigme Singye Wangchuk', 192, 'BT'),
	('BVT', 'Bouvet Island', 'Antarctica', 'Antarctica', 59.00, NULL, 0, NULL, 0.00, NULL, 'Bouvetøya', 'Dependent Territory of Norway', 'Harald V', NULL, 'BV'),
	('BWA', 'Botswana', 'Africa', 'Southern Africa', 581730.00, 1966, 1622000, 39.3, 4834.00, 4935.00, 'Botswana', 'Republic', 'Festus G. Mogae', 204, 'BW'),
	('CAF', 'Central African Republic', 'Africa', 'Central Africa', 622984.00, 1960, 3615000, 44.0, 1054.00, 993.00, 'Centrafrique/Bê-Afrîka', 'Republic', 'Ange-Félix Patassé', 1889, 'CF'),
	('CAN', 'Canada', 'North America', 'North America', 9970610.00, 1867, 31147000, 79.4, 598862.00, 625626.00, 'Canada', 'Constitutional Monarchy, Federation', 'Elisabeth II', 1822, 'CA'),
	('CCK', 'Cocos (Keeling) Islands', 'Oceania', 'Australia and New Zealand', 14.00, NULL, 600, NULL, 0.00, NULL, 'Cocos (Keeling) Islands', 'Territory of Australia', 'Elisabeth II', 2317, 'CC'),
	('CHE', 'Switzerland', 'Europe', 'Western Europe', 41284.00, 1499, 7160400, 79.6, 264478.00, 256092.00, 'Schweiz/Suisse/Svizzera/Svizra', 'Federation', 'Adolf Ogi', 3248, 'CH'),
	('CHL', 'Chile', 'South America', 'South America', 756626.00, 1810, 15211000, 75.7, 72949.00, 75780.00, 'Chile', 'Republic', 'Ricardo Lagos Escobar', 554, 'CL'),
	('CHN', 'China', 'Asia', 'Eastern Asia', 9572900.00, -1523, 1277558000, 71.4, 982268.00, 917719.00, 'Zhongquo', 'People\'sRepublic', 'Jiang Zemin', 1891, 'CN'),
	('CIV', 'Côte d’Ivoire', 'Africa', 'Western Africa', 322463.00, 1960, 14786000, 45.2, 11345.00, 10285.00, 'Côte d’Ivoire', 'Republic', 'Laurent Gbagbo', 2814, 'CI'),
	('CMR', 'Cameroon', 'Africa', 'Central Africa', 475442.00, 1960, 15085000, 54.8, 9174.00, 8596.00, 'Cameroun/Cameroon', 'Republic', 'Paul Biya', 1804, 'CM'),
	('COD', 'Congo, The Democratic Republic of the', 'Africa', 'Central Africa', 2344858.00, 1960, 51654000, 48.8, 6964.00, 2474.00, 'République Démocratique du Congo', 'Republic', 'Joseph Kabila', 2298, 'CD'),
	('COG', 'Congo', 'Africa', 'Central Africa', 342000.00, 1960, 2943000, 47.4, 2108.00, 2287.00, 'Congo', 'Republic', 'Denis Sassou-Nguesso', 2296, 'CG'),
	('COK', 'Cook Islands', 'Oceania', 'Polynesia', 236.00, NULL, 20000, 71.1, 100.00, NULL, 'The Cook Islands', 'Nonmetropolitan Territory of New Zealand', 'Elisabeth II', 583, 'CK'),
	('COL', 'Colombia', 'South America', 'South America', 1138914.00, 1810, 42321000, 70.3, 102896.00, 105116.00, 'Colombia', 'Republic', 'Andrés Pastrana Arango', 2257, 'CO'),
	('COM', 'Comoros', 'Africa', 'Eastern Africa', 1862.00, 1975, 578000, 60.0, 4401.00, 4361.00, 'Komori/Comores', 'Republic', 'Azali Assoumani', 2295, 'KM'),
	('CPV', 'Cape Verde', 'Africa', 'Western Africa', 4033.00, 1975, 428000, 68.9, 435.00, 420.00, 'Cabo Verde', 'Republic', 'António Mascarenhas Monteiro', 1859, 'CV'),
	('CRI', 'Costa Rica', 'North America', 'Central America', 51100.00, 1821, 4023000, 75.8, 10226.00, 9757.00, 'Costa Rica', 'Republic', 'Miguel Ángel Rodríguez Echeverría', 584, 'CR'),
	('CUB', 'Cuba', 'North America', 'Caribbean', 110861.00, 1902, 11201000, 76.2, 17843.00, 18862.00, 'Cuba', 'Socialistic Republic', 'Fidel Castro Ruz', 2413, 'CU'),
	('CXR', 'Christmas Island', 'Oceania', 'Australia and New Zealand', 135.00, NULL, 2500, NULL, 0.00, NULL, 'Christmas Island', 'Territory of Australia', 'Elisabeth II', 1791, 'CX'),
	('CYM', 'Cayman Islands', 'North America', 'Caribbean', 264.00, NULL, 38000, 78.9, 1263.00, 1186.00, 'Cayman Islands', 'Dependent Territory of the UK', 'Elisabeth II', 553, 'KY'),
	('CYP', 'Cyprus', 'Asia', 'Middle East', 9251.00, 1960, 754700, 76.7, 9333.00, 8246.00, 'Kýpros/Kibris', 'Republic', 'Glafkos Klerides', 2430, 'CY'),
	('CZE', 'Czech Republic', 'Europe', 'Eastern Europe', 78866.00, 1993, 10278100, 74.5, 55017.00, 52037.00, '¸esko', 'Republic', 'Václav Havel', 3339, 'CZ'),
	('DEU', 'Germany', 'Europe', 'Western Europe', 357022.00, 1955, 82164700, 77.4, 2133367.00, 2102826.00, 'Deutschland', 'Federal Republic', 'Johannes Rau', 3068, 'DE'),
	('DJI', 'Djibouti', 'Africa', 'Eastern Africa', 23200.00, 1977, 638000, 50.8, 382.00, 373.00, 'Djibouti/Jibuti', 'Republic', 'Ismail Omar Guelleh', 585, 'DJ'),
	('DMA', 'Dominica', 'North America', 'Caribbean', 751.00, 1978, 71000, 73.4, 256.00, 243.00, 'Dominica', 'Republic', 'Vernon Shaw', 586, 'DM'),
	('DNK', 'Denmark', 'Europe', 'Nordic Countries', 43094.00, 800, 5330000, 76.5, 174099.00, 169264.00, 'Danmark', 'Constitutional Monarchy', 'Margrethe II', 3315, 'DK'),
	('DOM', 'Dominican Republic', 'North America', 'Caribbean', 48511.00, 1844, 8495000, 73.2, 15846.00, 15076.00, 'República Dominicana', 'Republic', 'Hipólito Mejía Domínguez', 587, 'DO'),
	('DZA', 'Algeria', 'Africa', 'Northern Africa', 2381741.00, 1962, 31471000, 69.7, 49982.00, 46966.00, 'Al-Jaza’ir/Algérie', 'Republic', 'Abdelaziz Bouteflika', 35, 'DZ'),
	('ECU', 'Ecuador', 'South America', 'South America', 283561.00, 1822, 12646000, 71.1, 19770.00, 19769.00, 'Ecuador', 'Republic', 'Gustavo Noboa Bejarano', 594, 'EC'),
	('EGY', 'Egypt', 'Africa', 'Northern Africa', 1001449.00, 1922, 68470000, 63.3, 82710.00, 75617.00, 'Misr', 'Republic', 'Hosni Mubarak', 608, 'EG'),
	('ERI', 'Eritrea', 'Africa', 'Eastern Africa', 117600.00, 1993, 3850000, 55.8, 650.00, 755.00, 'Ertra', 'Republic', 'Isayas Afewerki [Isaias Afwerki]', 652, 'ER'),
	('ESH', 'Western Sahara', 'Africa', 'Northern Africa', 266000.00, NULL, 293000, 49.8, 60.00, NULL, 'As-Sahrawiya', 'Occupied by Marocco', 'Mohammed Abdel Aziz', 2453, 'EH'),
	('ESP', 'Spain', 'Europe', 'Southern Europe', 505992.00, 1492, 39441700, 78.8, 553233.00, 532031.00, 'España', 'Constitutional Monarchy', 'Juan Carlos I', 653, 'ES'),
	('EST', 'Estonia', 'Europe', 'Baltic Countries', 45227.00, 1991, 1439200, 69.5, 5328.00, 3371.00, 'Eesti', 'Republic', 'Lennart Meri', 3791, 'EE'),
	('ETH', 'Ethiopia', 'Africa', 'Eastern Africa', 1104300.00, -1000, 62565000, 45.2, 6353.00, 6180.00, 'YeItyop´iya', 'Republic', 'Negasso Gidada', 756, 'ET'),
	('FIN', 'Finland', 'Europe', 'Nordic Countries', 338145.00, 1917, 5171300, 77.4, 121914.00, 119833.00, 'Suomi', 'Republic', 'Tarja Halonen', 3236, 'FI'),
	('FJI', 'Fiji Islands', 'Oceania', 'Melanesia', 18274.00, 1970, 817000, 67.9, 1536.00, 2149.00, 'Fiji Islands', 'Republic', 'Josefa Iloilo', 764, 'FJ'),
	('FLK', 'Falkland Islands', 'South America', 'South America', 12173.00, NULL, 2000, NULL, 0.00, NULL, 'Falkland Islands', 'Dependent Territory of the UK', 'Elisabeth II', 763, 'FK'),
	('FRA', 'France', 'Europe', 'Western Europe', 551500.00, 843, 59225700, 78.8, 1424285.00, 1392448.00, 'France', 'Republic', 'Jacques Chirac', 2974, 'FR'),
	('FRO', 'Faroe Islands', 'Europe', 'Nordic Countries', 1399.00, NULL, 43000, 78.4, 0.00, NULL, 'Føroyar', 'Part of Denmark', 'Margrethe II', 901, 'FO'),
	('FSM', 'Micronesia, Federated States of', 'Oceania', 'Micronesia', 702.00, 1990, 119000, 68.6, 212.00, NULL, 'Micronesia', 'Federal Republic', 'Leo A. Falcam', 2689, 'FM'),
	('GAB', 'Gabon', 'Africa', 'Central Africa', 267668.00, 1960, 1226000, 50.1, 5493.00, 5279.00, 'Le Gabon', 'Republic', 'Omar Bongo', 902, 'GA'),
	('GBR', 'United Kingdom', 'Europe', 'British Islands', 242900.00, 1066, 59623400, 77.7, 1378330.00, 1296830.00, 'United Kingdom', 'Constitutional Monarchy', 'Elisabeth II', 456, 'GB'),
	('GEO', 'Georgia', 'Asia', 'Middle East', 69700.00, 1991, 4968000, 64.5, 6064.00, 5924.00, 'Sakartvelo', 'Republic', 'Eduard Ševardnadze', 905, 'GE'),
	('GHA', 'Ghana', 'Africa', 'Western Africa', 238533.00, 1957, 20212000, 57.4, 7137.00, 6884.00, 'Ghana', 'Republic', 'John Kufuor', 910, 'GH'),
	('GIB', 'Gibraltar', 'Europe', 'Southern Europe', 6.00, NULL, 25000, 79.0, 258.00, NULL, 'Gibraltar', 'Dependent Territory of the UK', 'Elisabeth II', 915, 'GI'),
	('GIN', 'Guinea', 'Africa', 'Western Africa', 245857.00, 1958, 7430000, 45.6, 2352.00, 2383.00, 'Guinée', 'Republic', 'Lansana Conté', 926, 'GN'),
	('GLP', 'Guadeloupe', 'North America', 'Caribbean', 1705.00, NULL, 456000, 77.0, 3501.00, NULL, 'Guadeloupe', 'Overseas Department of France', 'Jacques Chirac', 919, 'GP'),
	('GMB', 'Gambia', 'Africa', 'Western Africa', 11295.00, 1965, 1305000, 53.2, 320.00, 325.00, 'The Gambia', 'Republic', 'Yahya Jammeh', 904, 'GM'),
	('GNB', 'Guinea-Bissau', 'Africa', 'Western Africa', 36125.00, 1974, 1213000, 49.0, 293.00, 272.00, 'Guiné-Bissau', 'Republic', 'Kumba Ialá', 927, 'GW'),
	('GNQ', 'Equatorial Guinea', 'Africa', 'Central Africa', 28051.00, 1968, 453000, 53.6, 283.00, 542.00, 'Guinea Ecuatorial', 'Republic', 'Teodoro Obiang Nguema Mbasogo', 2972, 'GQ'),
	('GRC', 'Greece', 'Europe', 'Southern Europe', 131626.00, 1830, 10545700, 78.4, 120724.00, 119946.00, 'Elláda', 'Republic', 'Kostis Stefanopoulos', 2401, 'GR'),
	('GRD', 'Grenada', 'North America', 'Caribbean', 344.00, 1974, 94000, 64.5, 318.00, NULL, 'Grenada', 'Constitutional Monarchy', 'Elisabeth II', 916, 'GD'),
	('GRL', 'Greenland', 'North America', 'North America', 2166090.00, NULL, 56000, 68.1, 0.00, NULL, 'Kalaallit Nunaat/Grønland', 'Part of Denmark', 'Margrethe II', 917, 'GL'),
	('GTM', 'Guatemala', 'North America', 'Central America', 108889.00, 1821, 11385000, 66.2, 19008.00, 17797.00, 'Guatemala', 'Republic', 'Alfonso Portillo Cabrera', 922, 'GT'),
	('GUF', 'French Guiana', 'South America', 'South America', 90000.00, NULL, 181000, 76.1, 681.00, NULL, 'Guyane française', 'Overseas Department of France', 'Jacques Chirac', 3014, 'GF'),
	('GUM', 'Guam', 'Oceania', 'Micronesia', 549.00, NULL, 168000, 77.8, 1197.00, 1136.00, 'Guam', 'US Territory', 'George W. Bush', 921, 'GU'),
	('GUY', 'Guyana', 'South America', 'South America', 214969.00, 1966, 861000, 64.0, 722.00, 743.00, 'Guyana', 'Republic', 'Bharrat Jagdeo', 928, 'GY'),
	('HKG', 'Hong Kong', 'Asia', 'Eastern Asia', 1075.00, NULL, 6782000, 79.5, 166448.00, 173610.00, 'Xianggang/Hong Kong', 'Special Administrative Region of China', 'Jiang Zemin', 937, 'HK'),
	('HMD', 'Heard Island and McDonald Islands', 'Antarctica', 'Antarctica', 359.00, NULL, 0, NULL, 0.00, NULL, 'Heard and McDonald Islands', 'Territory of Australia', 'Elisabeth II', NULL, 'HM'),
	('HND', 'Honduras', 'North America', 'Central America', 112088.00, 1838, 6485000, 69.9, 5333.00, 4697.00, 'Honduras', 'Republic', 'Carlos Roberto Flores Facussé', 933, 'HN'),
	('HRV', 'Croatia', 'Europe', 'Southern Europe', 56538.00, 1991, 4473000, 73.7, 20208.00, 19300.00, 'Hrvatska', 'Republic', 'Štipe Mesic', 2409, 'HR'),
	('HTI', 'Haiti', 'North America', 'Caribbean', 27750.00, 1804, 8222000, 49.2, 3459.00, 3107.00, 'Haïti/Dayti', 'Republic', 'Jean-Bertrand Aristide', 929, 'HT'),
	('HUN', 'Hungary', 'Europe', 'Eastern Europe', 93030.00, 1918, 10043200, 71.4, 48267.00, 45914.00, 'Magyarország', 'Republic', 'Ferenc Mádl', 3483, 'HU'),
	('IDN', 'Indonesia', 'Asia', 'Southeast Asia', 1904569.00, 1945, 212107000, 68.0, 84982.00, 215002.00, 'Indonesia', 'Republic', 'Abdurrahman Wahid', 939, 'ID'),
	('IND', 'India', 'Asia', 'Southern and Central Asia', 3287263.00, 1947, 1013662000, 62.5, 447114.00, 430572.00, 'Bharat/India', 'Federal Republic', 'Kocheril Raman Narayanan', 1109, 'IN'),
	('IOT', 'British Indian Ocean Territory', 'Africa', 'Eastern Africa', 78.00, NULL, 0, NULL, 0.00, NULL, 'British Indian Ocean Territory', 'Dependent Territory of the UK', 'Elisabeth II', NULL, 'IO'),
	('IRL', 'Ireland', 'Europe', 'British Islands', 70273.00, 1921, 3775100, 76.8, 75921.00, 73132.00, 'Ireland/Éire', 'Republic', 'Mary McAleese', 1447, 'IE'),
	('IRN', 'Iran', 'Asia', 'Southern and Central Asia', 1648195.00, 1906, 67702000, 69.7, 195746.00, 160151.00, 'Iran', 'Islamic Republic', 'Ali Mohammad Khatami-Ardakani', 1380, 'IR'),
	('IRQ', 'Iraq', 'Asia', 'Middle East', 438317.00, 1932, 23115000, 66.5, 11500.00, NULL, 'Al-´Iraq', 'Republic', 'Saddam Hussein al-Takriti', 1365, 'IQ'),
	('ISL', 'Iceland', 'Europe', 'Nordic Countries', 103000.00, 1944, 279000, 79.4, 8255.00, 7474.00, 'Ísland', 'Republic', 'Ólafur Ragnar Grímsson', 1449, 'IS'),
	('ISR', 'Israel', 'Asia', 'Middle East', 21056.00, 1948, 6217000, 78.6, 97477.00, 98577.00, 'Yisra’el/Isra’il', 'Republic', 'Moshe Katzav', 1450, 'IL'),
	('ITA', 'Italy', 'Europe', 'Southern Europe', 301316.00, 1861, 57680000, 79.0, 1161755.00, 1145372.00, 'Italia', 'Republic', 'Carlo Azeglio Ciampi', 1464, 'IT'),
	('JAM', 'Jamaica', 'North America', 'Caribbean', 10990.00, 1962, 2583000, 75.2, 6871.00, 6722.00, 'Jamaica', 'Constitutional Monarchy', 'Elisabeth II', 1530, 'JM'),
	('JOR', 'Jordan', 'Asia', 'Middle East', 88946.00, 1946, 5083000, 77.4, 7526.00, 7051.00, 'Al-Urdunn', 'Constitutional Monarchy', 'Abdullah II', 1786, 'JO'),
	('JPN', 'Japan', 'Asia', 'Eastern Asia', 377829.00, -660, 126714000, 80.7, 3787042.00, 4192638.00, 'Nihon/Nippon', 'Constitutional Monarchy', 'Akihito', 1532, 'JP'),
	('KAZ', 'Kazakstan', 'Asia', 'Southern and Central Asia', 2724900.00, 1991, 16223000, 63.2, 24375.00, 23383.00, 'Qazaqstan', 'Republic', 'Nursultan Nazarbajev', 1864, 'KZ'),
	('KEN', 'Kenya', 'Africa', 'Eastern Africa', 580367.00, 1963, 30080000, 48.0, 9217.00, 10241.00, 'Kenya', 'Republic', 'Daniel arap Moi', 1881, 'KE'),
	('KGZ', 'Kyrgyzstan', 'Asia', 'Southern and Central Asia', 199900.00, 1991, 4699000, 63.4, 1626.00, 1767.00, 'Kyrgyzstan', 'Republic', 'Askar Akajev', 2253, 'KG'),
	('KHM', 'Cambodia', 'Asia', 'Southeast Asia', 181035.00, 1953, 11168000, 56.5, 5121.00, 5670.00, 'Kâmpuchéa', 'Constitutional Monarchy', 'Norodom Sihanouk', 1800, 'KH'),
	('KIR', 'Kiribati', 'Oceania', 'Micronesia', 726.00, 1979, 83000, 59.8, 40.70, NULL, 'Kiribati', 'Republic', 'Teburoro Tito', 2256, 'KI'),
	('KNA', 'Saint Kitts and Nevis', 'North America', 'Caribbean', 261.00, 1983, 38000, 70.7, 299.00, NULL, 'Saint Kitts and Nevis', 'Constitutional Monarchy', 'Elisabeth II', 3064, 'KN'),
	('KOR', 'South Korea', 'Asia', 'Eastern Asia', 99434.00, 1948, 46844000, 74.4, 320749.00, 442544.00, 'Taehan Min’guk (Namhan)', 'Republic', 'Kim Dae-jung', 2331, 'KR'),
	('KWT', 'Kuwait', 'Asia', 'Middle East', 17818.00, 1961, 1972000, 76.1, 27037.00, 30373.00, 'Al-Kuwayt', 'Constitutional Monarchy (Emirate)', 'Jabir al-Ahmad al-Jabir al-Sabah', 2429, 'KW'),
	('LAO', 'Laos', 'Asia', 'Southeast Asia', 236800.00, 1953, 5433000, 53.1, 1292.00, 1746.00, 'Lao', 'Republic', 'Khamtay Siphandone', 2432, 'LA'),
	('LBN', 'Lebanon', 'Asia', 'Middle East', 10400.00, 1941, 3282000, 71.3, 17121.00, 15129.00, 'Lubnan', 'Republic', 'Émile Lahoud', 2438, 'LB'),
	('LBR', 'Liberia', 'Africa', 'Western Africa', 111369.00, 1847, 3154000, 51.0, 2012.00, NULL, 'Liberia', 'Republic', 'Charles Taylor', 2440, 'LR'),
	('LBY', 'Libyan Arab Jamahiriya', 'Africa', 'Northern Africa', 1759540.00, 1951, 5605000, 75.5, 44806.00, 40562.00, 'Libiya', 'Socialistic State', 'Muammar al-Qadhafi', 2441, 'LY'),
	('LCA', 'Saint Lucia', 'North America', 'Caribbean', 622.00, 1979, 154000, 72.3, 571.00, NULL, 'Saint Lucia', 'Constitutional Monarchy', 'Elisabeth II', 3065, 'LC'),
	('LIE', 'Liechtenstein', 'Europe', 'Western Europe', 160.00, 1806, 32300, 78.8, 1119.00, 1084.00, 'Liechtenstein', 'Constitutional Monarchy', 'Hans-Adam II', 2446, 'LI'),
	('LKA', 'Sri Lanka', 'Asia', 'Southern and Central Asia', 65610.00, 1948, 18827000, 71.8, 15706.00, 15091.00, 'Sri Lanka/Ilankai', 'Republic', 'Chandrika Kumaratunga', 3217, 'LK'),
	('LSO', 'Lesotho', 'Africa', 'Southern Africa', 30355.00, 1966, 2153000, 50.8, 1061.00, 1161.00, 'Lesotho', 'Constitutional Monarchy', 'Letsie III', 2437, 'LS'),
	('LTU', 'Lithuania', 'Europe', 'Baltic Countries', 65301.00, 1991, 3698500, 69.1, 10692.00, 9585.00, 'Lietuva', 'Republic', 'Valdas Adamkus', 2447, 'LT'),
	('LUX', 'Luxembourg', 'Europe', 'Western Europe', 2586.00, 1867, 435700, 77.1, 16321.00, 15519.00, 'Luxembourg/Lëtzebuerg', 'Constitutional Monarchy', 'Henri', 2452, 'LU'),
	('LVA', 'Latvia', 'Europe', 'Baltic Countries', 64589.00, 1991, 2424200, 68.4, 6398.00, 5639.00, 'Latvija', 'Republic', 'Vaira Vike-Freiberga', 2434, 'LV'),
	('MAC', 'Macao', 'Asia', 'Eastern Asia', 18.00, NULL, 473000, 81.6, 5749.00, 5940.00, 'Macau/Aomen', 'Special Administrative Region of China', 'Jiang Zemin', 2454, 'MO'),
	('MAR', 'Morocco', 'Africa', 'Northern Africa', 446550.00, 1956, 28351000, 69.1, 36124.00, 33514.00, 'Al-Maghrib', 'Constitutional Monarchy', 'Mohammed VI', 2486, 'MA'),
	('MCO', 'Monaco', 'Europe', 'Western Europe', 1.50, 1861, 34000, 78.8, 776.00, NULL, 'Monaco', 'Constitutional Monarchy', 'Rainier III', 2695, 'MC'),
	('MDA', 'Moldova', 'Europe', 'Eastern Europe', 33851.00, 1991, 4380000, 64.5, 1579.00, 1872.00, 'Moldova', 'Republic', 'Vladimir Voronin', 2690, 'MD'),
	('MDG', 'Madagascar', 'Africa', 'Eastern Africa', 587041.00, 1960, 15942000, 55.0, 3750.00, 3545.00, 'Madagasikara/Madagascar', 'Federal Republic', 'Didier Ratsiraka', 2455, 'MG'),
	('MDV', 'Maldives', 'Asia', 'Southern and Central Asia', 298.00, 1965, 286000, 62.2, 199.00, NULL, 'Dhivehi Raajje/Maldives', 'Republic', 'Maumoon Abdul Gayoom', 2463, 'MV'),
	('MEX', 'Mexico', 'North America', 'Central America', 1958201.00, 1810, 98881000, 71.5, 414972.00, 401461.00, 'México', 'Federal Republic', 'Vicente Fox Quesada', 2515, 'MX'),
	('MHL', 'Marshall Islands', 'Oceania', 'Micronesia', 181.00, 1990, 64000, 65.5, 97.00, NULL, 'Marshall Islands/Majol', 'Republic', 'Kessai Note', 2507, 'MH'),
	('MKD', 'Macedonia', 'Europe', 'Southern Europe', 25713.00, 1991, 2024000, 73.8, 1694.00, 1915.00, 'Makedonija', 'Republic', 'Boris Trajkovski', 2460, 'MK'),
	('MLI', 'Mali', 'Africa', 'Western Africa', 1240192.00, 1960, 11234000, 46.7, 2642.00, 2453.00, 'Mali', 'Republic', 'Alpha Oumar Konaré', 2482, 'ML'),
	('MLT', 'Malta', 'Europe', 'Southern Europe', 316.00, 1964, 380200, 77.9, 3512.00, 3338.00, 'Malta', 'Republic', 'Guido de Marco', 2484, 'MT'),
	('MMR', 'Myanmar', 'Asia', 'Southeast Asia', 676578.00, 1948, 45611000, 54.9, 180375.00, 171028.00, 'Myanma Pye', 'Republic', 'kenraali Than Shwe', 2710, 'MM'),
	('MNG', 'Mongolia', 'Asia', 'Eastern Asia', 1566500.00, 1921, 2662000, 67.3, 1043.00, 933.00, 'Mongol Uls', 'Republic', 'Natsagiin Bagabandi', 2696, 'MN'),
	('MNP', 'Northern Mariana Islands', 'Oceania', 'Micronesia', 464.00, NULL, 78000, 75.5, 0.00, NULL, 'Northern Mariana Islands', 'Commonwealth of the US', 'George W. Bush', 2913, 'MP'),
	('MOZ', 'Mozambique', 'Africa', 'Eastern Africa', 801590.00, 1975, 19680000, 37.5, 2891.00, 2711.00, 'Moçambique', 'Republic', 'Joaquím A. Chissano', 2698, 'MZ'),
	('MRT', 'Mauritania', 'Africa', 'Western Africa', 1025520.00, 1960, 2670000, 50.8, 998.00, 1081.00, 'Muritaniya/Mauritanie', 'Republic', 'Maaouiya Ould Sid´Ahmad Taya', 2509, 'MR'),
	('MSR', 'Montserrat', 'North America', 'Caribbean', 102.00, NULL, 11000, 78.0, 109.00, NULL, 'Montserrat', 'Dependent Territory of the UK', 'Elisabeth II', 2697, 'MS'),
	('MTQ', 'Martinique', 'North America', 'Caribbean', 1102.00, NULL, 395000, 78.3, 2731.00, 2559.00, 'Martinique', 'Overseas Department of France', 'Jacques Chirac', 2508, 'MQ'),
	('MUS', 'Mauritius', 'Africa', 'Eastern Africa', 2040.00, 1968, 1158000, 71.0, 4251.00, 4186.00, 'Mauritius', 'Republic', 'Cassam Uteem', 2511, 'MU'),
	('MWI', 'Malawi', 'Africa', 'Eastern Africa', 118484.00, 1964, 10925000, 37.6, 1687.00, 2527.00, 'Malawi', 'Republic', 'Bakili Muluzi', 2462, 'MW'),
	('MYS', 'Malaysia', 'Asia', 'Southeast Asia', 329758.00, 1957, 22244000, 70.8, 69213.00, 97884.00, 'Malaysia', 'Constitutional Monarchy, Federation', 'Salahuddin Abdul Aziz Shah Alhaj', 2464, 'MY'),
	('MYT', 'Mayotte', 'Africa', 'Eastern Africa', 373.00, NULL, 149000, 59.5, 0.00, NULL, 'Mayotte', 'Territorial Collectivity of France', 'Jacques Chirac', 2514, 'YT'),
	('NAM', 'Namibia', 'Africa', 'Southern Africa', 824292.00, 1990, 1726000, 42.5, 3101.00, 3384.00, 'Namibia', 'Republic', 'Sam Nujoma', 2726, 'NA'),
	('NCL', 'New Caledonia', 'Oceania', 'Melanesia', 18575.00, NULL, 214000, 72.8, 3563.00, NULL, 'Nouvelle-Calédonie', 'Nonmetropolitan Territory of France', 'Jacques Chirac', 3493, 'NC'),
	('NER', 'Niger', 'Africa', 'Western Africa', 1267000.00, 1960, 10730000, 41.3, 1706.00, 1580.00, 'Niger', 'Republic', 'Mamadou Tandja', 2738, 'NE'),
	('NFK', 'Norfolk Island', 'Oceania', 'Australia and New Zealand', 36.00, NULL, 2000, NULL, 0.00, NULL, 'Norfolk Island', 'Territory of Australia', 'Elisabeth II', 2806, 'NF'),
	('NGA', 'Nigeria', 'Africa', 'Western Africa', 923768.00, 1960, 111506000, 51.6, 65707.00, 58623.00, 'Nigeria', 'Federal Republic', 'Olusegun Obasanjo', 2754, 'NG'),
	('NIC', 'Nicaragua', 'North America', 'Central America', 130000.00, 1838, 5074000, 68.7, 1988.00, 2023.00, 'Nicaragua', 'Republic', 'Arnoldo Alemán Lacayo', 2734, 'NI'),
	('NIU', 'Niue', 'Oceania', 'Polynesia', 260.00, NULL, 2000, NULL, 0.00, NULL, 'Niue', 'Nonmetropolitan Territory of New Zealand', 'Elisabeth II', 2805, 'NU'),
	('NLD', 'Netherlands', 'Europe', 'Western Europe', 41526.00, 1581, 15864000, 78.3, 371362.00, 360478.00, 'Nederland', 'Constitutional Monarchy', 'Beatrix', 5, 'NL'),
	('NOR', 'Norway', 'Europe', 'Nordic Countries', 323877.00, 1905, 4478500, 78.7, 145895.00, 153370.00, 'Norge', 'Constitutional Monarchy', 'Harald V', 2807, 'NO'),
	('NPL', 'Nepal', 'Asia', 'Southern and Central Asia', 147181.00, 1769, 23930000, 57.8, 4768.00, 4837.00, 'Nepal', 'Constitutional Monarchy', 'Gyanendra Bir Bikram', 2729, 'NP'),
	('NRU', 'Nauru', 'Oceania', 'Micronesia', 21.00, 1968, 12000, 60.8, 197.00, NULL, 'Naoero/Nauru', 'Republic', 'Bernard Dowiyogo', 2728, 'NR'),
	('NZL', 'New Zealand', 'Oceania', 'Australia and New Zealand', 270534.00, 1907, 3862000, 77.8, 54669.00, 64960.00, 'New Zealand/Aotearoa', 'Constitutional Monarchy', 'Elisabeth II', 3499, 'NZ'),
	('OMN', 'Oman', 'Asia', 'Middle East', 309500.00, 1951, 2542000, 71.8, 16904.00, 16153.00, '´Uman', 'Monarchy (Sultanate)', 'Qabus ibn Sa´id', 2821, 'OM'),
	('PAK', 'Pakistan', 'Asia', 'Southern and Central Asia', 796095.00, 1947, 156483000, 61.1, 61289.00, 58549.00, 'Pakistan', 'Republic', 'Mohammad Rafiq Tarar', 2831, 'PK'),
	('PAN', 'Panama', 'North America', 'Central America', 75517.00, 1903, 2856000, 75.5, 9131.00, 8700.00, 'Panamá', 'Republic', 'Mireya Elisa Moscoso Rodríguez', 2882, 'PA'),
	('PCN', 'Pitcairn', 'Oceania', 'Polynesia', 49.00, NULL, 50, NULL, 0.00, NULL, 'Pitcairn', 'Dependent Territory of the UK', 'Elisabeth II', 2912, 'PN'),
	('PER', 'Peru', 'South America', 'South America', 1285216.00, 1821, 25662000, 70.0, 64140.00, 65186.00, 'Perú/Piruw', 'Republic', 'Valentin Paniagua Corazao', 2890, 'PE'),
	('PHL', 'Philippines', 'Asia', 'Southeast Asia', 300000.00, 1946, 75967000, 67.5, 65107.00, 82239.00, 'Pilipinas', 'Republic', 'Gloria Macapagal-Arroyo', 766, 'PH'),
	('PLW', 'Palau', 'Oceania', 'Micronesia', 459.00, 1994, 19000, 68.6, 105.00, NULL, 'Belau/Palau', 'Republic', 'Kuniwo Nakamura', 2881, 'PW'),
	('PNG', 'Papua New Guinea', 'Oceania', 'Melanesia', 462840.00, 1975, 4807000, 63.1, 4988.00, 6328.00, 'Papua New Guinea/Papua Niugini', 'Constitutional Monarchy', 'Elisabeth II', 2884, 'PG'),
	('POL', 'Poland', 'Europe', 'Eastern Europe', 323250.00, 1918, 38653600, 73.2, 151697.00, 135636.00, 'Polska', 'Republic', 'Aleksander Kwasniewski', 2928, 'PL'),
	('PRI', 'Puerto Rico', 'North America', 'Caribbean', 8875.00, NULL, 3869000, 75.6, 34100.00, 32100.00, 'Puerto Rico', 'Commonwealth of the US', 'George W. Bush', 2919, 'PR'),
	('PRK', 'North Korea', 'Asia', 'Eastern Asia', 120538.00, 1948, 24039000, 70.7, 5332.00, NULL, 'Choson Minjujuui In´min Konghwaguk (Bukhan)', 'Socialistic Republic', 'Kim Jong-il', 2318, 'KP'),
	('PRT', 'Portugal', 'Europe', 'Southern Europe', 91982.00, 1143, 9997600, 75.8, 105954.00, 102133.00, 'Portugal', 'Republic', 'Jorge Sampãio', 2914, 'PT'),
	('PRY', 'Paraguay', 'South America', 'South America', 406752.00, 1811, 5496000, 73.7, 8444.00, 9555.00, 'Paraguay', 'Republic', 'Luis Ángel González Macchi', 2885, 'PY'),
	('PSE', 'Palestine', 'Asia', 'Middle East', 6257.00, NULL, 3101000, 71.4, 4173.00, NULL, 'Filastin', 'Autonomous Area', 'Yasser (Yasir) Arafat', 4074, 'PS'),
	('PYF', 'French Polynesia', 'Oceania', 'Polynesia', 4000.00, NULL, 235000, 74.8, 818.00, 781.00, 'Polynésie française', 'Nonmetropolitan Territory of France', 'Jacques Chirac', 3016, 'PF'),
	('QAT', 'Qatar', 'Asia', 'Middle East', 11000.00, 1971, 599000, 72.4, 9472.00, 8920.00, 'Qatar', 'Monarchy', 'Hamad ibn Khalifa al-Thani', 2973, 'QA'),
	('REU', 'Réunion', 'Africa', 'Eastern Africa', 2510.00, NULL, 699000, 72.7, 8287.00, 7988.00, 'Réunion', 'Overseas Department of France', 'Jacques Chirac', 3017, 'RE'),
	('ROM', 'Romania', 'Europe', 'Eastern Europe', 238391.00, 1878, 22455500, 69.9, 38158.00, 34843.00, 'România', 'Republic', 'Ion Iliescu', 3018, 'RO'),
	('RUS', 'Russian Federation', 'Europe', 'Eastern Europe', 17075400.00, 1991, 146934000, 67.2, 276608.00, 442989.00, 'Rossija', 'Federal Republic', 'Vladimir Putin', 3580, 'RU'),
	('RWA', 'Rwanda', 'Africa', 'Eastern Africa', 26338.00, 1962, 7733000, 39.3, 2036.00, 1863.00, 'Rwanda/Urwanda', 'Republic', 'Paul Kagame', 3047, 'RW'),
	('SAU', 'Saudi Arabia', 'Asia', 'Middle East', 2149690.00, 1932, 21607000, 67.8, 137635.00, 146171.00, 'Al-´Arabiya as-Sa´udiya', 'Monarchy', 'Fahd ibn Abdul-Aziz al-Sa´ud', 3173, 'SA'),
	('SDN', 'Sudan', 'Africa', 'Northern Africa', 2505813.00, 1956, 29490000, 56.6, 10162.00, NULL, 'As-Sudan', 'Islamic Republic', 'Omar Hassan Ahmad al-Bashir', 3225, 'SD'),
	('SEN', 'Senegal', 'Africa', 'Western Africa', 196722.00, 1960, 9481000, 62.2, 4787.00, 4542.00, 'Sénégal/Sounougal', 'Republic', 'Abdoulaye Wade', 3198, 'SN'),
	('SGP', 'Singapore', 'Asia', 'Southeast Asia', 618.00, 1965, 3567000, 80.1, 86503.00, 96318.00, 'Singapore/Singapura/Xinjiapo/Singapur', 'Republic', 'Sellapan Rama Nathan', 3208, 'SG'),
	('SGS', 'South Georgia and the South Sandwich Islands', 'Antarctica', 'Antarctica', 3903.00, NULL, 0, NULL, 0.00, NULL, 'South Georgia and the South Sandwich Islands', 'Dependent Territory of the UK', 'Elisabeth II', NULL, 'GS'),
	('SHN', 'Saint Helena', 'Africa', 'Western Africa', 314.00, NULL, 6000, 76.8, 0.00, NULL, 'Saint Helena', 'Dependent Territory of the UK', 'Elisabeth II', 3063, 'SH'),
	('SJM', 'Svalbard and Jan Mayen', 'Europe', 'Nordic Countries', 62422.00, NULL, 3200, NULL, 0.00, NULL, 'Svalbard og Jan Mayen', 'Dependent Territory of Norway', 'Harald V', 938, 'SJ'),
	('SLB', 'Solomon Islands', 'Oceania', 'Melanesia', 28896.00, 1978, 444000, 71.3, 182.00, 220.00, 'Solomon Islands', 'Constitutional Monarchy', 'Elisabeth II', 3161, 'SB'),
	('SLE', 'Sierra Leone', 'Africa', 'Western Africa', 71740.00, 1961, 4854000, 45.3, 746.00, 858.00, 'Sierra Leone', 'Republic', 'Ahmed Tejan Kabbah', 3207, 'SL'),
	('SLV', 'El Salvador', 'North America', 'Central America', 21041.00, 1841, 6276000, 69.7, 11863.00, 11203.00, 'El Salvador', 'Republic', 'Francisco Guillermo Flores Pérez', 645, 'SV'),
	('SMR', 'San Marino', 'Europe', 'Southern Europe', 61.00, 885, 27000, 81.1, 510.00, NULL, 'San Marino', 'Republic', NULL, 3171, 'SM'),
	('SOM', 'Somalia', 'Africa', 'Eastern Africa', 637657.00, 1960, 10097000, 46.2, 935.00, NULL, 'Soomaaliya', 'Republic', 'Abdiqassim Salad Hassan', 3214, 'SO'),
	('SPM', 'Saint Pierre and Miquelon', 'North America', 'North America', 242.00, NULL, 7000, 77.6, 0.00, NULL, 'Saint-Pierre-et-Miquelon', 'Territorial Collectivity of France', 'Jacques Chirac', 3067, 'PM'),
	('STP', 'Sao Tome and Principe', 'Africa', 'Central Africa', 964.00, 1975, 147000, 65.3, 6.00, NULL, 'São Tomé e Príncipe', 'Republic', 'Miguel Trovoada', 3172, 'ST'),
	('SUR', 'Suriname', 'South America', 'South America', 163265.00, 1975, 417000, 71.4, 870.00, 706.00, 'Suriname', 'Republic', 'Ronald Venetiaan', 3243, 'SR'),
	('SVK', 'Slovakia', 'Europe', 'Eastern Europe', 49012.00, 1993, 5398700, 73.7, 20594.00, 19452.00, 'Slovensko', 'Republic', 'Rudolf Schuster', 3209, 'SK'),
	('SVN', 'Slovenia', 'Europe', 'Southern Europe', 20256.00, 1991, 1987800, 74.9, 19756.00, 18202.00, 'Slovenija', 'Republic', 'Milan Kucan', 3212, 'SI'),
	('SWE', 'Sweden', 'Europe', 'Nordic Countries', 449964.00, 836, 8861400, 79.6, 226492.00, 227757.00, 'Sverige', 'Constitutional Monarchy', 'Carl XVI Gustaf', 3048, 'SE'),
	('SWZ', 'Swaziland', 'Africa', 'Southern Africa', 17364.00, 1968, 1008000, 40.4, 1206.00, 1312.00, 'kaNgwane', 'Monarchy', 'Mswati III', 3244, 'SZ'),
	('SYC', 'Seychelles', 'Africa', 'Eastern Africa', 455.00, 1976, 77000, 70.4, 536.00, 539.00, 'Sesel/Seychelles', 'Republic', 'France-Albert René', 3206, 'SC'),
	('SYR', 'Syria', 'Asia', 'Middle East', 185180.00, 1941, 16125000, 68.5, 65984.00, 64926.00, 'Suriya', 'Republic', 'Bashar al-Assad', 3250, 'SY'),
	('TCA', 'Turks and Caicos Islands', 'North America', 'Caribbean', 430.00, NULL, 17000, 73.3, 96.00, NULL, 'The Turks and Caicos Islands', 'Dependent Territory of the UK', 'Elisabeth II', 3423, 'TC'),
	('TCD', 'Chad', 'Africa', 'Central Africa', 1284000.00, 1960, 7651000, 50.5, 1208.00, 1102.00, 'Tchad/Tshad', 'Republic', 'Idriss Déby', 3337, 'TD'),
	('TGO', 'Togo', 'Africa', 'Western Africa', 56785.00, 1960, 4629000, 54.7, 1449.00, 1400.00, 'Togo', 'Republic', 'Gnassingbé Eyadéma', 3332, 'TG'),
	('THA', 'Thailand', 'Asia', 'Southeast Asia', 513115.00, 1350, 61399000, 68.6, 116416.00, 153907.00, 'Prathet Thai', 'Constitutional Monarchy', 'Bhumibol Adulyadej', 3320, 'TH'),
	('TJK', 'Tajikistan', 'Asia', 'Southern and Central Asia', 143100.00, 1991, 6188000, 64.1, 1990.00, 1056.00, 'Toçikiston', 'Republic', 'Emomali Rahmonov', 3261, 'TJ'),
	('TKL', 'Tokelau', 'Oceania', 'Polynesia', 12.00, NULL, 2000, NULL, 0.00, NULL, 'Tokelau', 'Nonmetropolitan Territory of New Zealand', 'Elisabeth II', 3333, 'TK'),
	('TKM', 'Turkmenistan', 'Asia', 'Southern and Central Asia', 488100.00, 1991, 4459000, 60.9, 4397.00, 2000.00, 'Türkmenostan', 'Republic', 'Saparmurad Nijazov', 3419, 'TM'),
	('TMP', 'East Timor', 'Asia', 'Southeast Asia', 14874.00, NULL, 885000, 46.0, 0.00, NULL, 'Timor Timur', 'Administrated by the UN', 'José Alexandre Gusmão', 1522, 'TP'),
	('TON', 'Tonga', 'Oceania', 'Polynesia', 650.00, 1970, 99000, 67.9, 146.00, 170.00, 'Tonga', 'Monarchy', 'Taufa\'ahau Tupou IV', 3334, 'TO'),
	('TTO', 'Trinidad and Tobago', 'North America', 'Caribbean', 5130.00, 1962, 1295000, 68.0, 6232.00, 5867.00, 'Trinidad and Tobago', 'Republic', 'Arthur N. R. Robinson', 3336, 'TT'),
	('TUN', 'Tunisia', 'Africa', 'Northern Africa', 163610.00, 1956, 9586000, 73.7, 20026.00, 18898.00, 'Tunis/Tunisie', 'Republic', 'Zine al-Abidine Ben Ali', 3349, 'TN'),
	('TUR', 'Turkey', 'Asia', 'Middle East', 774815.00, 1923, 66591000, 71.0, 210721.00, 189122.00, 'Türkiye', 'Republic', 'Ahmet Necdet Sezer', 3358, 'TR'),
	('TUV', 'Tuvalu', 'Oceania', 'Polynesia', 26.00, 1978, 12000, 66.3, 6.00, NULL, 'Tuvalu', 'Constitutional Monarchy', 'Elisabeth II', 3424, 'TV'),
	('TWN', 'Taiwan', 'Asia', 'Eastern Asia', 36188.00, 1945, 22256000, 76.4, 256254.00, 263451.00, 'T’ai-wan', 'Republic', 'Chen Shui-bian', 3263, 'TW'),
	('TZA', 'Tanzania', 'Africa', 'Eastern Africa', 883749.00, 1961, 33517000, 52.3, 8005.00, 7388.00, 'Tanzania', 'Republic', 'Benjamin William Mkapa', 3306, 'TZ'),
	('UGA', 'Uganda', 'Africa', 'Eastern Africa', 241038.00, 1962, 21778000, 42.9, 6313.00, 6887.00, 'Uganda', 'Republic', 'Yoweri Museveni', 3425, 'UG'),
	('UKR', 'Ukraine', 'Europe', 'Eastern Europe', 603700.00, 1991, 50456000, 66.0, 42168.00, 49677.00, 'Ukrajina', 'Republic', 'Leonid Kutšma', 3426, 'UA'),
	('UMI', 'United States Minor Outlying Islands', 'Oceania', 'Micronesia/Caribbean', 16.00, NULL, 0, NULL, 0.00, NULL, 'United States Minor Outlying Islands', 'Dependent Territory of the US', 'George W. Bush', NULL, 'UM'),
	('URY', 'Uruguay', 'South America', 'South America', 175016.00, 1828, 3337000, 75.2, 20831.00, 19967.00, 'Uruguay', 'Republic', 'Jorge Batlle Ibáñez', 3492, 'UY'),
	('USA', 'United States', 'North America', 'North America', 9363520.00, 1776, 278357000, 77.1, 8510700.00, 8110900.00, 'United States', 'Federal Republic', 'George W. Bush', 3813, 'US'),
	('UZB', 'Uzbekistan', 'Asia', 'Southern and Central Asia', 447400.00, 1991, 24318000, 63.7, 14194.00, 21300.00, 'Uzbekiston', 'Republic', 'Islam Karimov', 3503, 'UZ'),
	('VAT', 'Holy See (Vatican City State)', 'Europe', 'Southern Europe', 0.40, 1929, 1000, NULL, 9.00, NULL, 'Santa Sede/Città del Vaticano', 'Independent Church State', 'Johannes Paavali II', 3538, 'VA'),
	('VCT', 'Saint Vincent and the Grenadines', 'North America', 'Caribbean', 388.00, 1979, 114000, 72.3, 285.00, NULL, 'Saint Vincent and the Grenadines', 'Constitutional Monarchy', 'Elisabeth II', 3066, 'VC'),
	('VEN', 'Venezuela', 'South America', 'South America', 912050.00, 1811, 24170000, 73.1, 95023.00, 88434.00, 'Venezuela', 'Federal Republic', 'Hugo Chávez Frías', 3539, 'VE'),
	('VGB', 'Virgin Islands, British', 'North America', 'Caribbean', 151.00, NULL, 21000, 75.4, 612.00, 573.00, 'British Virgin Islands', 'Dependent Territory of the UK', 'Elisabeth II', 537, 'VG'),
	('VIR', 'Virgin Islands, U.S.', 'North America', 'Caribbean', 347.00, NULL, 93000, 78.1, 0.00, NULL, 'Virgin Islands of the United States', 'US Territory', 'George W. Bush', 4067, 'VI'),
	('VNM', 'Vietnam', 'Asia', 'Southeast Asia', 331689.00, 1945, 79832000, 69.3, 21929.00, 22834.00, 'Viêt Nam', 'Socialistic Republic', 'Trân Duc Luong', 3770, 'VN'),
	('VUT', 'Vanuatu', 'Oceania', 'Melanesia', 12189.00, 1980, 190000, 60.6, 261.00, 246.00, 'Vanuatu', 'Republic', 'John Bani', 3537, 'VU'),
	('WLF', 'Wallis and Futuna', 'Oceania', 'Polynesia', 200.00, NULL, 15000, NULL, 0.00, NULL, 'Wallis-et-Futuna', 'Nonmetropolitan Territory of France', 'Jacques Chirac', 3536, 'WF'),
	('WSM', 'Samoa', 'Oceania', 'Polynesia', 2831.00, 1962, 180000, 69.2, 141.00, 157.00, 'Samoa', 'Parlementary Monarchy', 'Malietoa Tanumafili II', 3169, 'WS'),
	('YEM', 'Yemen', 'Asia', 'Middle East', 527968.00, 1918, 18112000, 59.8, 6041.00, 5729.00, 'Al-Yaman', 'Republic', 'Ali Abdallah Salih', 1780, 'YE'),
	('YUG', 'Yugoslavia', 'Europe', 'Southern Europe', 102173.00, 1918, 10640000, 72.4, 17000.00, NULL, 'Jugoslavija', 'Federal Republic', 'Vojislav Koštunica', 1792, 'YU'),
	('ZAF', 'South Africa', 'Africa', 'Southern Africa', 1221037.00, 1910, 40377000, 51.1, 116729.00, 129092.00, 'South Africa', 'Republic', 'Thabo Mbeki', 716, 'ZA'),
	('ZMB', 'Zambia', 'Africa', 'Eastern Africa', 752618.00, 1964, 9169000, 37.2, 3377.00, 3922.00, 'Zambia', 'Republic', 'Frederick Chiluba', 3162, 'ZM'),
	('ZWE', 'Zimbabwe', 'Africa', 'Eastern Africa', 390757.00, 1980, 11669000, 37.8, 5951.00, 8670.00, 'Zimbabwe', 'Republic', 'Robert G. Mugabe', 4068, 'ZW');

-- 테이블 world.countrylanguage 구조 내보내기
DROP TABLE IF EXISTS `countrylanguage`;
CREATE TABLE IF NOT EXISTS `countrylanguage` (
  `CountryCode` char(3) NOT NULL DEFAULT '',
  `Language` char(30) NOT NULL DEFAULT '',
  `IsOfficial` enum('T','F') NOT NULL DEFAULT 'F',
  `Percentage` decimal(4,1) NOT NULL DEFAULT '0.0',
  PRIMARY KEY (`CountryCode`,`Language`),
  KEY `CountryCode` (`CountryCode`),
  CONSTRAINT `countryLanguage_ibfk_1` FOREIGN KEY (`CountryCode`) REFERENCES `country` (`Code`)
) ENGINE=InnoDB DEFAULT CHARSET=utf8mb4 COLLATE=utf8mb4_0900_ai_ci;

-- 테이블 데이터 world.countrylanguage:~984 rows (대략적) 내보내기
DELETE FROM `countrylanguage`;
INSERT INTO `countrylanguage` (`CountryCode`, `Language`, `IsOfficial`, `Percentage`) VALUES
	('ABW', 'Dutch', 'T', 5.3),
	('ABW', 'English', 'F', 9.5),
	('ABW', 'Papiamento', 'F', 76.7),
	('ABW', 'Spanish', 'F', 7.4),
	('AFG', 'Balochi', 'F', 0.9),
	('AFG', 'Dari', 'T', 32.1),
	('AFG', 'Pashto', 'T', 52.4),
	('AFG', 'Turkmenian', 'F', 1.9),
	('AFG', 'Uzbek', 'F', 8.8),
	('AGO', 'Ambo', 'F', 2.4),
	('AGO', 'Chokwe', 'F', 4.2),
	('AGO', 'Kongo', 'F', 13.2),
	('AGO', 'Luchazi', 'F', 2.4),
	('AGO', 'Luimbe-nganguela', 'F', 5.4),
	('AGO', 'Luvale', 'F', 3.6),
	('AGO', 'Mbundu', 'F', 21.6),
	('AGO', 'Nyaneka-nkhumbi', 'F', 5.4),
	('AGO', 'Ovimbundu', 'F', 37.2),
	('AIA', 'English', 'T', 0.0),
	('ALB', 'Albaniana', 'T', 97.9),
	('ALB', 'Greek', 'F', 1.8),
	('ALB', 'Macedonian', 'F', 0.1),
	('AND', 'Catalan', 'T', 32.3),
	('AND', 'French', 'F', 6.2),
	('AND', 'Portuguese', 'F', 10.8),
	('AND', 'Spanish', 'F', 44.6),
	('ANT', 'Dutch', 'T', 0.0),
	('ANT', 'English', 'F', 7.8),
	('ANT', 'Papiamento', 'T', 86.2),
	('ARE', 'Arabic', 'T', 42.0),
	('ARE', 'Hindi', 'F', 0.0),
	('ARG', 'Indian Languages', 'F', 0.3),
	('ARG', 'Italian', 'F', 1.7),
	('ARG', 'Spanish', 'T', 96.8),
	('ARM', 'Armenian', 'T', 93.4),
	('ARM', 'Azerbaijani', 'F', 2.6),
	('ASM', 'English', 'T', 3.1),
	('ASM', 'Samoan', 'T', 90.6),
	('ASM', 'Tongan', 'F', 3.1),
	('ATG', 'Creole English', 'F', 95.7),
	('ATG', 'English', 'T', 0.0),
	('AUS', 'Arabic', 'F', 1.0),
	('AUS', 'Canton Chinese', 'F', 1.1),
	('AUS', 'English', 'T', 81.2),
	('AUS', 'German', 'F', 0.6),
	('AUS', 'Greek', 'F', 1.6),
	('AUS', 'Italian', 'F', 2.2),
	('AUS', 'Serbo-Croatian', 'F', 0.6),
	('AUS', 'Vietnamese', 'F', 0.8),
	('AUT', 'Czech', 'F', 0.2),
	('AUT', 'German', 'T', 92.0),
	('AUT', 'Hungarian', 'F', 0.4),
	('AUT', 'Polish', 'F', 0.2),
	('AUT', 'Romanian', 'F', 0.2),
	('AUT', 'Serbo-Croatian', 'F', 2.2),
	('AUT', 'Slovene', 'F', 0.4),
	('AUT', 'Turkish', 'F', 1.5),
	('AZE', 'Armenian', 'F', 2.0),
	('AZE', 'Azerbaijani', 'T', 89.0),
	('AZE', 'Lezgian', 'F', 2.3),
	('AZE', 'Russian', 'F', 3.0),
	('BDI', 'French', 'T', 0.0),
	('BDI', 'Kirundi', 'T', 98.1),
	('BDI', 'Swahili', 'F', 0.0),
	('BEL', 'Arabic', 'F', 1.6),
	('BEL', 'Dutch', 'T', 59.2),
	('BEL', 'French', 'T', 32.6),
	('BEL', 'German', 'T', 1.0),
	('BEL', 'Italian', 'F', 2.4),
	('BEL', 'Turkish', 'F', 0.9),
	('BEN', 'Adja', 'F', 11.1),
	('BEN', 'Aizo', 'F', 8.7),
	('BEN', 'Bariba', 'F', 8.7),
	('BEN', 'Fon', 'F', 39.8),
	('BEN', 'Ful', 'F', 5.6),
	('BEN', 'Joruba', 'F', 12.2),
	('BEN', 'Somba', 'F', 6.7),
	('BFA', 'Busansi', 'F', 3.5),
	('BFA', 'Dagara', 'F', 3.1),
	('BFA', 'Dyula', 'F', 2.6),
	('BFA', 'Ful', 'F', 9.7),
	('BFA', 'Gurma', 'F', 5.7),
	('BFA', 'Mossi', 'F', 50.2),
	('BGD', 'Bengali', 'T', 97.7),
	('BGD', 'Chakma', 'F', 0.4),
	('BGD', 'Garo', 'F', 0.1),
	('BGD', 'Khasi', 'F', 0.1),
	('BGD', 'Marma', 'F', 0.2),
	('BGD', 'Santhali', 'F', 0.1),
	('BGD', 'Tripuri', 'F', 0.1),
	('BGR', 'Bulgariana', 'T', 83.2),
	('BGR', 'Macedonian', 'F', 2.6),
	('BGR', 'Romani', 'F', 3.7),
	('BGR', 'Turkish', 'F', 9.4),
	('BHR', 'Arabic', 'T', 67.7),
	('BHR', 'English', 'F', 0.0),
	('BHS', 'Creole English', 'F', 89.7),
	('BHS', 'Creole French', 'F', 10.3),
	('BIH', 'Serbo-Croatian', 'T', 99.2),
	('BLR', 'Belorussian', 'T', 65.6),
	('BLR', 'Polish', 'F', 0.6),
	('BLR', 'Russian', 'T', 32.0),
	('BLR', 'Ukrainian', 'F', 1.3),
	('BLZ', 'English', 'T', 50.8),
	('BLZ', 'Garifuna', 'F', 6.8),
	('BLZ', 'Maya Languages', 'F', 9.6),
	('BLZ', 'Spanish', 'F', 31.6),
	('BMU', 'English', 'T', 100.0),
	('BOL', 'Aimará', 'T', 3.2),
	('BOL', 'Guaraní', 'F', 0.1),
	('BOL', 'Ketšua', 'T', 8.1),
	('BOL', 'Spanish', 'T', 87.7),
	('BRA', 'German', 'F', 0.5),
	('BRA', 'Indian Languages', 'F', 0.2),
	('BRA', 'Italian', 'F', 0.4),
	('BRA', 'Japanese', 'F', 0.4),
	('BRA', 'Portuguese', 'T', 97.5),
	('BRB', 'Bajan', 'F', 95.1),
	('BRB', 'English', 'T', 0.0),
	('BRN', 'Chinese', 'F', 9.3),
	('BRN', 'English', 'F', 3.1),
	('BRN', 'Malay', 'T', 45.5),
	('BRN', 'Malay-English', 'F', 28.8),
	('BTN', 'Asami', 'F', 15.2),
	('BTN', 'Dzongkha', 'T', 50.0),
	('BTN', 'Nepali', 'F', 34.8),
	('BWA', 'Khoekhoe', 'F', 2.5),
	('BWA', 'Ndebele', 'F', 1.3),
	('BWA', 'San', 'F', 3.5),
	('BWA', 'Shona', 'F', 12.3),
	('BWA', 'Tswana', 'F', 75.5),
	('CAF', 'Banda', 'F', 23.5),
	('CAF', 'Gbaya', 'F', 23.8),
	('CAF', 'Mandjia', 'F', 14.8),
	('CAF', 'Mbum', 'F', 6.4),
	('CAF', 'Ngbaka', 'F', 7.5),
	('CAF', 'Sara', 'F', 6.4),
	('CAN', 'Chinese', 'F', 2.5),
	('CAN', 'Dutch', 'F', 0.5),
	('CAN', 'English', 'T', 60.4),
	('CAN', 'Eskimo Languages', 'F', 0.1),
	('CAN', 'French', 'T', 23.4),
	('CAN', 'German', 'F', 1.6),
	('CAN', 'Italian', 'F', 1.7),
	('CAN', 'Polish', 'F', 0.7),
	('CAN', 'Portuguese', 'F', 0.7),
	('CAN', 'Punjabi', 'F', 0.7),
	('CAN', 'Spanish', 'F', 0.7),
	('CAN', 'Ukrainian', 'F', 0.6),
	('CCK', 'English', 'T', 0.0),
	('CCK', 'Malay', 'F', 0.0),
	('CHE', 'French', 'T', 19.2),
	('CHE', 'German', 'T', 63.6),
	('CHE', 'Italian', 'T', 7.7),
	('CHE', 'Romansh', 'T', 0.6),
	('CHL', 'Aimará', 'F', 0.5),
	('CHL', 'Araucan', 'F', 9.6),
	('CHL', 'Rapa nui', 'F', 0.2),
	('CHL', 'Spanish', 'T', 89.7),
	('CHN', 'Chinese', 'T', 92.0),
	('CHN', 'Dong', 'F', 0.2),
	('CHN', 'Hui', 'F', 0.8),
	('CHN', 'Mantšu', 'F', 0.9),
	('CHN', 'Miao', 'F', 0.7),
	('CHN', 'Mongolian', 'F', 0.4),
	('CHN', 'Puyi', 'F', 0.2),
	('CHN', 'Tibetan', 'F', 0.4),
	('CHN', 'Tujia', 'F', 0.5),
	('CHN', 'Uighur', 'F', 0.6),
	('CHN', 'Yi', 'F', 0.6),
	('CHN', 'Zhuang', 'F', 1.4),
	('CIV', '[South]Mande', 'F', 7.7),
	('CIV', 'Akan', 'F', 30.0),
	('CIV', 'Gur', 'F', 11.7),
	('CIV', 'Kru', 'F', 10.5),
	('CIV', 'Malinke', 'F', 11.4),
	('CMR', 'Bamileke-bamum', 'F', 18.6),
	('CMR', 'Duala', 'F', 10.9),
	('CMR', 'Fang', 'F', 19.7),
	('CMR', 'Ful', 'F', 9.6),
	('CMR', 'Maka', 'F', 4.9),
	('CMR', 'Mandara', 'F', 5.7),
	('CMR', 'Masana', 'F', 3.9),
	('CMR', 'Tikar', 'F', 7.4),
	('COD', 'Boa', 'F', 2.3),
	('COD', 'Chokwe', 'F', 1.8),
	('COD', 'Kongo', 'F', 16.0),
	('COD', 'Luba', 'F', 18.0),
	('COD', 'Mongo', 'F', 13.5),
	('COD', 'Ngala and Bangi', 'F', 5.8),
	('COD', 'Rundi', 'F', 3.8),
	('COD', 'Rwanda', 'F', 10.3),
	('COD', 'Teke', 'F', 2.7),
	('COD', 'Zande', 'F', 6.1),
	('COG', 'Kongo', 'F', 51.5),
	('COG', 'Mbete', 'F', 4.8),
	('COG', 'Mboshi', 'F', 11.4),
	('COG', 'Punu', 'F', 2.9),
	('COG', 'Sango', 'F', 2.6),
	('COG', 'Teke', 'F', 17.3),
	('COK', 'English', 'F', 0.0),
	('COK', 'Maori', 'T', 0.0),
	('COL', 'Arawakan', 'F', 0.1),
	('COL', 'Caribbean', 'F', 0.1),
	('COL', 'Chibcha', 'F', 0.4),
	('COL', 'Creole English', 'F', 0.1),
	('COL', 'Spanish', 'T', 99.0),
	('COM', 'Comorian', 'T', 75.0),
	('COM', 'Comorian-Arabic', 'F', 1.6),
	('COM', 'Comorian-French', 'F', 12.9),
	('COM', 'Comorian-madagassi', 'F', 5.5),
	('COM', 'Comorian-Swahili', 'F', 0.5),
	('CPV', 'Crioulo', 'F', 100.0),
	('CPV', 'Portuguese', 'T', 0.0),
	('CRI', 'Chibcha', 'F', 0.3),
	('CRI', 'Chinese', 'F', 0.2),
	('CRI', 'Creole English', 'F', 2.0),
	('CRI', 'Spanish', 'T', 97.5),
	('CUB', 'Spanish', 'T', 100.0),
	('CXR', 'Chinese', 'F', 0.0),
	('CXR', 'English', 'T', 0.0),
	('CYM', 'English', 'T', 0.0),
	('CYP', 'Greek', 'T', 74.1),
	('CYP', 'Turkish', 'T', 22.4),
	('CZE', 'Czech', 'T', 81.2),
	('CZE', 'German', 'F', 0.5),
	('CZE', 'Hungarian', 'F', 0.2),
	('CZE', 'Moravian', 'F', 12.9),
	('CZE', 'Polish', 'F', 0.6),
	('CZE', 'Romani', 'F', 0.3),
	('CZE', 'Silesiana', 'F', 0.4),
	('CZE', 'Slovak', 'F', 3.1),
	('DEU', 'German', 'T', 91.3),
	('DEU', 'Greek', 'F', 0.4),
	('DEU', 'Italian', 'F', 0.7),
	('DEU', 'Polish', 'F', 0.3),
	('DEU', 'Southern Slavic Languages', 'F', 1.4),
	('DEU', 'Turkish', 'F', 2.6),
	('DJI', 'Afar', 'F', 34.8),
	('DJI', 'Arabic', 'T', 10.6),
	('DJI', 'Somali', 'F', 43.9),
	('DMA', 'Creole English', 'F', 100.0),
	('DMA', 'Creole French', 'F', 0.0),
	('DNK', 'Arabic', 'F', 0.7),
	('DNK', 'Danish', 'T', 93.5),
	('DNK', 'English', 'F', 0.3),
	('DNK', 'German', 'F', 0.5),
	('DNK', 'Norwegian', 'F', 0.3),
	('DNK', 'Swedish', 'F', 0.3),
	('DNK', 'Turkish', 'F', 0.8),
	('DOM', 'Creole French', 'F', 2.0),
	('DOM', 'Spanish', 'T', 98.0),
	('DZA', 'Arabic', 'T', 86.0),
	('DZA', 'Berberi', 'F', 14.0),
	('ECU', 'Ketšua', 'F', 7.0),
	('ECU', 'Spanish', 'T', 93.0),
	('EGY', 'Arabic', 'T', 98.8),
	('EGY', 'Sinaberberi', 'F', 0.0),
	('ERI', 'Afar', 'F', 4.3),
	('ERI', 'Bilin', 'F', 3.0),
	('ERI', 'Hadareb', 'F', 3.8),
	('ERI', 'Saho', 'F', 3.0),
	('ERI', 'Tigre', 'F', 31.7),
	('ERI', 'Tigrinja', 'T', 49.1),
	('ESH', 'Arabic', 'T', 100.0),
	('ESP', 'Basque', 'F', 1.6),
	('ESP', 'Catalan', 'F', 16.9),
	('ESP', 'Galecian', 'F', 6.4),
	('ESP', 'Spanish', 'T', 74.4),
	('EST', 'Belorussian', 'F', 1.4),
	('EST', 'Estonian', 'T', 65.3),
	('EST', 'Finnish', 'F', 0.7),
	('EST', 'Russian', 'F', 27.8),
	('EST', 'Ukrainian', 'F', 2.8),
	('ETH', 'Amhara', 'F', 30.0),
	('ETH', 'Gurage', 'F', 4.7),
	('ETH', 'Oromo', 'F', 31.0),
	('ETH', 'Sidamo', 'F', 3.2),
	('ETH', 'Somali', 'F', 4.1),
	('ETH', 'Tigrinja', 'F', 7.2),
	('ETH', 'Walaita', 'F', 2.8),
	('FIN', 'Estonian', 'F', 0.2),
	('FIN', 'Finnish', 'T', 92.7),
	('FIN', 'Russian', 'F', 0.4),
	('FIN', 'Saame', 'F', 0.0),
	('FIN', 'Swedish', 'T', 5.7),
	('FJI', 'Fijian', 'T', 50.8),
	('FJI', 'Hindi', 'F', 43.7),
	('FLK', 'English', 'T', 0.0),
	('FRA', 'Arabic', 'F', 2.5),
	('FRA', 'French', 'T', 93.6),
	('FRA', 'Italian', 'F', 0.4),
	('FRA', 'Portuguese', 'F', 1.2),
	('FRA', 'Spanish', 'F', 0.4),
	('FRA', 'Turkish', 'F', 0.4),
	('FRO', 'Danish', 'T', 0.0),
	('FRO', 'Faroese', 'T', 100.0),
	('FSM', 'Kosrean', 'F', 7.3),
	('FSM', 'Mortlock', 'F', 7.6),
	('FSM', 'Pohnpei', 'F', 23.8),
	('FSM', 'Trukese', 'F', 41.6),
	('FSM', 'Wolea', 'F', 3.7),
	('FSM', 'Yap', 'F', 5.8),
	('GAB', 'Fang', 'F', 35.8),
	('GAB', 'Mbete', 'F', 13.8),
	('GAB', 'Mpongwe', 'F', 14.6),
	('GAB', 'Punu-sira-nzebi', 'F', 17.1),
	('GBR', 'English', 'T', 97.3),
	('GBR', 'Gaeli', 'F', 0.1),
	('GBR', 'Kymri', 'F', 0.9),
	('GEO', 'Abhyasi', 'F', 1.7),
	('GEO', 'Armenian', 'F', 6.8),
	('GEO', 'Azerbaijani', 'F', 5.5),
	('GEO', 'Georgiana', 'T', 71.7),
	('GEO', 'Osseetti', 'F', 2.4),
	('GEO', 'Russian', 'F', 8.8),
	('GHA', 'Akan', 'F', 52.4),
	('GHA', 'Ewe', 'F', 11.9),
	('GHA', 'Ga-adangme', 'F', 7.8),
	('GHA', 'Gurma', 'F', 3.3),
	('GHA', 'Joruba', 'F', 1.3),
	('GHA', 'Mossi', 'F', 15.8),
	('GIB', 'Arabic', 'F', 7.4),
	('GIB', 'English', 'T', 88.9),
	('GIN', 'Ful', 'F', 38.6),
	('GIN', 'Kissi', 'F', 6.0),
	('GIN', 'Kpelle', 'F', 4.6),
	('GIN', 'Loma', 'F', 2.3),
	('GIN', 'Malinke', 'F', 23.2),
	('GIN', 'Susu', 'F', 11.0),
	('GIN', 'Yalunka', 'F', 2.9),
	('GLP', 'Creole French', 'F', 95.0),
	('GLP', 'French', 'T', 0.0),
	('GMB', 'Diola', 'F', 9.2),
	('GMB', 'Ful', 'F', 16.2),
	('GMB', 'Malinke', 'F', 34.1),
	('GMB', 'Soninke', 'F', 7.6),
	('GMB', 'Wolof', 'F', 12.6),
	('GNB', 'Balante', 'F', 14.6),
	('GNB', 'Crioulo', 'F', 36.4),
	('GNB', 'Ful', 'F', 16.6),
	('GNB', 'Malinke', 'F', 6.9),
	('GNB', 'Mandyako', 'F', 4.9),
	('GNB', 'Portuguese', 'T', 8.1),
	('GNQ', 'Bubi', 'F', 8.7),
	('GNQ', 'Fang', 'F', 84.8),
	('GRC', 'Greek', 'T', 98.5),
	('GRC', 'Turkish', 'F', 0.9),
	('GRD', 'Creole English', 'F', 100.0),
	('GRL', 'Danish', 'T', 12.5),
	('GRL', 'Greenlandic', 'T', 87.5),
	('GTM', 'Cakchiquel', 'F', 8.9),
	('GTM', 'Kekchí', 'F', 4.9),
	('GTM', 'Mam', 'F', 2.7),
	('GTM', 'Quiché', 'F', 10.1),
	('GTM', 'Spanish', 'T', 64.7),
	('GUF', 'Creole French', 'F', 94.3),
	('GUF', 'Indian Languages', 'F', 1.9),
	('GUM', 'Chamorro', 'T', 29.6),
	('GUM', 'English', 'T', 37.5),
	('GUM', 'Japanese', 'F', 2.0),
	('GUM', 'Korean', 'F', 3.3),
	('GUM', 'Philippene Languages', 'F', 19.7),
	('GUY', 'Arawakan', 'F', 1.4),
	('GUY', 'Caribbean', 'F', 2.2),
	('GUY', 'Creole English', 'F', 96.4),
	('HKG', 'Canton Chinese', 'F', 88.7),
	('HKG', 'Chiu chau', 'F', 1.4),
	('HKG', 'English', 'T', 2.2),
	('HKG', 'Fukien', 'F', 1.9),
	('HKG', 'Hakka', 'F', 1.6),
	('HND', 'Creole English', 'F', 0.2),
	('HND', 'Garifuna', 'F', 1.3),
	('HND', 'Miskito', 'F', 0.2),
	('HND', 'Spanish', 'T', 97.2),
	('HRV', 'Serbo-Croatian', 'T', 95.9),
	('HRV', 'Slovene', 'F', 0.0),
	('HTI', 'French', 'T', 0.0),
	('HTI', 'Haiti Creole', 'F', 100.0),
	('HUN', 'German', 'F', 0.4),
	('HUN', 'Hungarian', 'T', 98.5),
	('HUN', 'Romani', 'F', 0.5),
	('HUN', 'Romanian', 'F', 0.1),
	('HUN', 'Serbo-Croatian', 'F', 0.2),
	('HUN', 'Slovak', 'F', 0.1),
	('IDN', 'Bali', 'F', 1.7),
	('IDN', 'Banja', 'F', 1.8),
	('IDN', 'Batakki', 'F', 2.2),
	('IDN', 'Bugi', 'F', 2.2),
	('IDN', 'Javanese', 'F', 39.4),
	('IDN', 'Madura', 'F', 4.3),
	('IDN', 'Malay', 'T', 12.1),
	('IDN', 'Minangkabau', 'F', 2.4),
	('IDN', 'Sunda', 'F', 15.8),
	('IND', 'Asami', 'F', 1.5),
	('IND', 'Bengali', 'F', 8.2),
	('IND', 'Gujarati', 'F', 4.8),
	('IND', 'Hindi', 'T', 39.9),
	('IND', 'Kannada', 'F', 3.9),
	('IND', 'Malajalam', 'F', 3.6),
	('IND', 'Marathi', 'F', 7.4),
	('IND', 'Orija', 'F', 3.3),
	('IND', 'Punjabi', 'F', 2.8),
	('IND', 'Tamil', 'F', 6.3),
	('IND', 'Telugu', 'F', 7.8),
	('IND', 'Urdu', 'F', 5.1),
	('IRL', 'English', 'T', 98.4),
	('IRL', 'Irish', 'T', 1.6),
	('IRN', 'Arabic', 'F', 2.2),
	('IRN', 'Azerbaijani', 'F', 16.8),
	('IRN', 'Bakhtyari', 'F', 1.7),
	('IRN', 'Balochi', 'F', 2.3),
	('IRN', 'Gilaki', 'F', 5.3),
	('IRN', 'Kurdish', 'F', 9.1),
	('IRN', 'Luri', 'F', 4.3),
	('IRN', 'Mazandarani', 'F', 3.6),
	('IRN', 'Persian', 'T', 45.7),
	('IRN', 'Turkmenian', 'F', 1.6),
	('IRQ', 'Arabic', 'T', 77.2),
	('IRQ', 'Assyrian', 'F', 0.8),
	('IRQ', 'Azerbaijani', 'F', 1.7),
	('IRQ', 'Kurdish', 'F', 19.0),
	('IRQ', 'Persian', 'F', 0.8),
	('ISL', 'English', 'F', 0.0),
	('ISL', 'Icelandic', 'T', 95.7),
	('ISR', 'Arabic', 'T', 18.0),
	('ISR', 'Hebrew', 'T', 63.1),
	('ISR', 'Russian', 'F', 8.9),
	('ITA', 'Albaniana', 'F', 0.2),
	('ITA', 'French', 'F', 0.5),
	('ITA', 'Friuli', 'F', 1.2),
	('ITA', 'German', 'F', 0.5),
	('ITA', 'Italian', 'T', 94.1),
	('ITA', 'Romani', 'F', 0.2),
	('ITA', 'Sardinian', 'F', 2.7),
	('ITA', 'Slovene', 'F', 0.2),
	('JAM', 'Creole English', 'F', 94.2),
	('JAM', 'Hindi', 'F', 1.9),
	('JOR', 'Arabic', 'T', 97.9),
	('JOR', 'Armenian', 'F', 1.0),
	('JOR', 'Circassian', 'F', 1.0),
	('JPN', 'Ainu', 'F', 0.0),
	('JPN', 'Chinese', 'F', 0.2),
	('JPN', 'English', 'F', 0.1),
	('JPN', 'Japanese', 'T', 99.1),
	('JPN', 'Korean', 'F', 0.5),
	('JPN', 'Philippene Languages', 'F', 0.1),
	('KAZ', 'German', 'F', 3.1),
	('KAZ', 'Kazakh', 'T', 46.0),
	('KAZ', 'Russian', 'F', 34.7),
	('KAZ', 'Tatar', 'F', 2.0),
	('KAZ', 'Ukrainian', 'F', 5.0),
	('KAZ', 'Uzbek', 'F', 2.3),
	('KEN', 'Gusii', 'F', 6.1),
	('KEN', 'Kalenjin', 'F', 10.8),
	('KEN', 'Kamba', 'F', 11.2),
	('KEN', 'Kikuyu', 'F', 20.9),
	('KEN', 'Luhya', 'F', 13.8),
	('KEN', 'Luo', 'F', 12.8),
	('KEN', 'Masai', 'F', 1.6),
	('KEN', 'Meru', 'F', 5.5),
	('KEN', 'Nyika', 'F', 4.8),
	('KEN', 'Turkana', 'F', 1.4),
	('KGZ', 'Kazakh', 'F', 0.8),
	('KGZ', 'Kirgiz', 'T', 59.7),
	('KGZ', 'Russian', 'T', 16.2),
	('KGZ', 'Tadzhik', 'F', 0.8),
	('KGZ', 'Tatar', 'F', 1.3),
	('KGZ', 'Ukrainian', 'F', 1.7),
	('KGZ', 'Uzbek', 'F', 14.1),
	('KHM', 'Chinese', 'F', 3.1),
	('KHM', 'Khmer', 'T', 88.6),
	('KHM', 'Tšam', 'F', 2.4),
	('KHM', 'Vietnamese', 'F', 5.5),
	('KIR', 'Kiribati', 'T', 98.9),
	('KIR', 'Tuvalu', 'F', 0.5),
	('KNA', 'Creole English', 'F', 100.0),
	('KNA', 'English', 'T', 0.0),
	('KOR', 'Chinese', 'F', 0.1),
	('KOR', 'Korean', 'T', 99.9),
	('KWT', 'Arabic', 'T', 78.1),
	('KWT', 'English', 'F', 0.0),
	('LAO', 'Lao', 'T', 67.2),
	('LAO', 'Lao-Soung', 'F', 5.2),
	('LAO', 'Mon-khmer', 'F', 16.5),
	('LAO', 'Thai', 'F', 7.8),
	('LBN', 'Arabic', 'T', 93.0),
	('LBN', 'Armenian', 'F', 5.9),
	('LBN', 'French', 'F', 0.0),
	('LBR', 'Bassa', 'F', 13.7),
	('LBR', 'Gio', 'F', 7.9),
	('LBR', 'Grebo', 'F', 8.9),
	('LBR', 'Kpelle', 'F', 19.5),
	('LBR', 'Kru', 'F', 7.2),
	('LBR', 'Loma', 'F', 5.8),
	('LBR', 'Malinke', 'F', 5.1),
	('LBR', 'Mano', 'F', 7.2),
	('LBY', 'Arabic', 'T', 96.0),
	('LBY', 'Berberi', 'F', 1.0),
	('LCA', 'Creole French', 'F', 80.0),
	('LCA', 'English', 'T', 20.0),
	('LIE', 'German', 'T', 89.0),
	('LIE', 'Italian', 'F', 2.5),
	('LIE', 'Turkish', 'F', 2.5),
	('LKA', 'Mixed Languages', 'F', 19.6),
	('LKA', 'Singali', 'T', 60.3),
	('LKA', 'Tamil', 'T', 19.6),
	('LSO', 'English', 'T', 0.0),
	('LSO', 'Sotho', 'T', 85.0),
	('LSO', 'Zulu', 'F', 15.0),
	('LTU', 'Belorussian', 'F', 1.4),
	('LTU', 'Lithuanian', 'T', 81.6),
	('LTU', 'Polish', 'F', 7.0),
	('LTU', 'Russian', 'F', 8.1),
	('LTU', 'Ukrainian', 'F', 1.1),
	('LUX', 'French', 'T', 4.2),
	('LUX', 'German', 'T', 2.3),
	('LUX', 'Italian', 'F', 4.6),
	('LUX', 'Luxembourgish', 'T', 64.4),
	('LUX', 'Portuguese', 'F', 13.0),
	('LVA', 'Belorussian', 'F', 4.1),
	('LVA', 'Latvian', 'T', 55.1),
	('LVA', 'Lithuanian', 'F', 1.2),
	('LVA', 'Polish', 'F', 2.1),
	('LVA', 'Russian', 'F', 32.5),
	('LVA', 'Ukrainian', 'F', 2.9),
	('MAC', 'Canton Chinese', 'F', 85.6),
	('MAC', 'English', 'F', 0.5),
	('MAC', 'Mandarin Chinese', 'F', 1.2),
	('MAC', 'Portuguese', 'T', 2.3),
	('MAR', 'Arabic', 'T', 65.0),
	('MAR', 'Berberi', 'F', 33.0),
	('MCO', 'English', 'F', 6.5),
	('MCO', 'French', 'T', 41.9),
	('MCO', 'Italian', 'F', 16.1),
	('MCO', 'Monegasque', 'F', 16.1),
	('MDA', 'Bulgariana', 'F', 1.6),
	('MDA', 'Gagauzi', 'F', 3.2),
	('MDA', 'Romanian', 'T', 61.9),
	('MDA', 'Russian', 'F', 23.2),
	('MDA', 'Ukrainian', 'F', 8.6),
	('MDG', 'French', 'T', 0.0),
	('MDG', 'Malagasy', 'T', 98.9),
	('MDV', 'Dhivehi', 'T', 100.0),
	('MDV', 'English', 'F', 0.0),
	('MEX', 'Mixtec', 'F', 0.6),
	('MEX', 'Náhuatl', 'F', 1.8),
	('MEX', 'Otomí', 'F', 0.4),
	('MEX', 'Spanish', 'T', 92.1),
	('MEX', 'Yucatec', 'F', 1.1),
	('MEX', 'Zapotec', 'F', 0.6),
	('MHL', 'English', 'T', 0.0),
	('MHL', 'Marshallese', 'T', 96.8),
	('MKD', 'Albaniana', 'F', 22.9),
	('MKD', 'Macedonian', 'T', 66.5),
	('MKD', 'Romani', 'F', 2.3),
	('MKD', 'Serbo-Croatian', 'F', 2.0),
	('MKD', 'Turkish', 'F', 4.0),
	('MLI', 'Bambara', 'F', 31.8),
	('MLI', 'Ful', 'F', 13.9),
	('MLI', 'Senufo and Minianka', 'F', 12.0),
	('MLI', 'Songhai', 'F', 6.9),
	('MLI', 'Soninke', 'F', 8.7),
	('MLI', 'Tamashek', 'F', 7.3),
	('MLT', 'English', 'T', 2.1),
	('MLT', 'Maltese', 'T', 95.8),
	('MMR', 'Burmese', 'T', 69.0),
	('MMR', 'Chin', 'F', 2.2),
	('MMR', 'Kachin', 'F', 1.4),
	('MMR', 'Karen', 'F', 6.2),
	('MMR', 'Kayah', 'F', 0.4),
	('MMR', 'Mon', 'F', 2.4),
	('MMR', 'Rakhine', 'F', 4.5),
	('MMR', 'Shan', 'F', 8.5),
	('MNG', 'Bajad', 'F', 1.9),
	('MNG', 'Buryat', 'F', 1.7),
	('MNG', 'Dariganga', 'F', 1.4),
	('MNG', 'Dorbet', 'F', 2.7),
	('MNG', 'Kazakh', 'F', 5.9),
	('MNG', 'Mongolian', 'T', 78.8),
	('MNP', 'Carolinian', 'F', 4.8),
	('MNP', 'Chamorro', 'F', 30.0),
	('MNP', 'Chinese', 'F', 7.1),
	('MNP', 'English', 'T', 4.8),
	('MNP', 'Korean', 'F', 6.5),
	('MNP', 'Philippene Languages', 'F', 34.1),
	('MOZ', 'Chuabo', 'F', 5.7),
	('MOZ', 'Lomwe', 'F', 7.8),
	('MOZ', 'Makua', 'F', 27.8),
	('MOZ', 'Marendje', 'F', 3.5),
	('MOZ', 'Nyanja', 'F', 3.3),
	('MOZ', 'Ronga', 'F', 3.7),
	('MOZ', 'Sena', 'F', 9.4),
	('MOZ', 'Shona', 'F', 6.5),
	('MOZ', 'Tsonga', 'F', 12.4),
	('MOZ', 'Tswa', 'F', 6.0),
	('MRT', 'Ful', 'F', 1.2),
	('MRT', 'Hassaniya', 'F', 81.7),
	('MRT', 'Soninke', 'F', 2.7),
	('MRT', 'Tukulor', 'F', 5.4),
	('MRT', 'Wolof', 'F', 6.6),
	('MRT', 'Zenaga', 'F', 1.2),
	('MSR', 'English', 'T', 0.0),
	('MTQ', 'Creole French', 'F', 96.6),
	('MTQ', 'French', 'T', 0.0),
	('MUS', 'Bhojpuri', 'F', 21.1),
	('MUS', 'Creole French', 'F', 70.6),
	('MUS', 'French', 'F', 3.4),
	('MUS', 'Hindi', 'F', 1.2),
	('MUS', 'Marathi', 'F', 0.7),
	('MUS', 'Tamil', 'F', 0.8),
	('MWI', 'Chichewa', 'T', 58.3),
	('MWI', 'Lomwe', 'F', 18.4),
	('MWI', 'Ngoni', 'F', 6.7),
	('MWI', 'Yao', 'F', 13.2),
	('MYS', 'Chinese', 'F', 9.0),
	('MYS', 'Dusun', 'F', 1.1),
	('MYS', 'English', 'F', 1.6),
	('MYS', 'Iban', 'F', 2.8),
	('MYS', 'Malay', 'T', 58.4),
	('MYS', 'Tamil', 'F', 3.9),
	('MYT', 'French', 'T', 20.3),
	('MYT', 'Mahoré', 'F', 41.9),
	('MYT', 'Malagasy', 'F', 16.1),
	('NAM', 'Afrikaans', 'F', 9.5),
	('NAM', 'Caprivi', 'F', 4.7),
	('NAM', 'German', 'F', 0.9),
	('NAM', 'Herero', 'F', 8.0),
	('NAM', 'Kavango', 'F', 9.7),
	('NAM', 'Nama', 'F', 12.4),
	('NAM', 'Ovambo', 'F', 50.7),
	('NAM', 'San', 'F', 1.9),
	('NCL', 'French', 'T', 34.3),
	('NCL', 'Malenasian Languages', 'F', 45.4),
	('NCL', 'Polynesian Languages', 'F', 11.6),
	('NER', 'Ful', 'F', 9.7),
	('NER', 'Hausa', 'F', 53.1),
	('NER', 'Kanuri', 'F', 4.4),
	('NER', 'Songhai-zerma', 'F', 21.2),
	('NER', 'Tamashek', 'F', 10.4),
	('NFK', 'English', 'T', 0.0),
	('NGA', 'Bura', 'F', 1.6),
	('NGA', 'Edo', 'F', 3.3),
	('NGA', 'Ful', 'F', 11.3),
	('NGA', 'Hausa', 'F', 21.1),
	('NGA', 'Ibibio', 'F', 5.6),
	('NGA', 'Ibo', 'F', 18.1),
	('NGA', 'Ijo', 'F', 1.8),
	('NGA', 'Joruba', 'F', 21.4),
	('NGA', 'Kanuri', 'F', 4.1),
	('NGA', 'Tiv', 'F', 2.3),
	('NIC', 'Creole English', 'F', 0.5),
	('NIC', 'Miskito', 'F', 1.6),
	('NIC', 'Spanish', 'T', 97.6),
	('NIC', 'Sumo', 'F', 0.2),
	('NIU', 'English', 'T', 0.0),
	('NIU', 'Niue', 'F', 0.0),
	('NLD', 'Arabic', 'F', 0.9),
	('NLD', 'Dutch', 'T', 95.6),
	('NLD', 'Fries', 'F', 3.7),
	('NLD', 'Turkish', 'F', 0.8),
	('NOR', 'Danish', 'F', 0.4),
	('NOR', 'English', 'F', 0.5),
	('NOR', 'Norwegian', 'T', 96.6),
	('NOR', 'Saame', 'F', 0.0),
	('NOR', 'Swedish', 'F', 0.3),
	('NPL', 'Bhojpuri', 'F', 7.5),
	('NPL', 'Hindi', 'F', 3.0),
	('NPL', 'Maithili', 'F', 11.9),
	('NPL', 'Nepali', 'T', 50.4),
	('NPL', 'Newari', 'F', 3.7),
	('NPL', 'Tamang', 'F', 4.9),
	('NPL', 'Tharu', 'F', 5.4),
	('NRU', 'Chinese', 'F', 8.5),
	('NRU', 'English', 'T', 7.5),
	('NRU', 'Kiribati', 'F', 17.9),
	('NRU', 'Nauru', 'T', 57.5),
	('NRU', 'Tuvalu', 'F', 8.5),
	('NZL', 'English', 'T', 87.0),
	('NZL', 'Maori', 'F', 4.3),
	('OMN', 'Arabic', 'T', 76.7),
	('OMN', 'Balochi', 'F', 0.0),
	('PAK', 'Balochi', 'F', 3.0),
	('PAK', 'Brahui', 'F', 1.2),
	('PAK', 'Hindko', 'F', 2.4),
	('PAK', 'Pashto', 'F', 13.1),
	('PAK', 'Punjabi', 'F', 48.2),
	('PAK', 'Saraiki', 'F', 9.8),
	('PAK', 'Sindhi', 'F', 11.8),
	('PAK', 'Urdu', 'T', 7.6),
	('PAN', 'Arabic', 'F', 0.6),
	('PAN', 'Creole English', 'F', 14.0),
	('PAN', 'Cuna', 'F', 2.0),
	('PAN', 'Embera', 'F', 0.6),
	('PAN', 'Guaymí', 'F', 5.3),
	('PAN', 'Spanish', 'T', 76.8),
	('PCN', 'Pitcairnese', 'F', 0.0),
	('PER', 'Aimará', 'T', 2.3),
	('PER', 'Ketšua', 'T', 16.4),
	('PER', 'Spanish', 'T', 79.8),
	('PHL', 'Bicol', 'F', 5.7),
	('PHL', 'Cebuano', 'F', 23.3),
	('PHL', 'Hiligaynon', 'F', 9.1),
	('PHL', 'Ilocano', 'F', 9.3),
	('PHL', 'Maguindanao', 'F', 1.4),
	('PHL', 'Maranao', 'F', 1.3),
	('PHL', 'Pampango', 'F', 3.0),
	('PHL', 'Pangasinan', 'F', 1.8),
	('PHL', 'Pilipino', 'T', 29.3),
	('PHL', 'Waray-waray', 'F', 3.8),
	('PLW', 'Chinese', 'F', 1.6),
	('PLW', 'English', 'T', 3.2),
	('PLW', 'Palau', 'T', 82.2),
	('PLW', 'Philippene Languages', 'F', 9.2),
	('PNG', 'Malenasian Languages', 'F', 20.0),
	('PNG', 'Papuan Languages', 'F', 78.1),
	('POL', 'Belorussian', 'F', 0.5),
	('POL', 'German', 'F', 1.3),
	('POL', 'Polish', 'T', 97.6),
	('POL', 'Ukrainian', 'F', 0.6),
	('PRI', 'English', 'F', 47.4),
	('PRI', 'Spanish', 'T', 51.3),
	('PRK', 'Chinese', 'F', 0.1),
	('PRK', 'Korean', 'T', 99.9),
	('PRT', 'Portuguese', 'T', 99.0),
	('PRY', 'German', 'F', 0.9),
	('PRY', 'Guaraní', 'T', 40.1),
	('PRY', 'Portuguese', 'F', 3.2),
	('PRY', 'Spanish', 'T', 55.1),
	('PSE', 'Arabic', 'F', 95.9),
	('PSE', 'Hebrew', 'F', 4.1),
	('PYF', 'Chinese', 'F', 2.9),
	('PYF', 'French', 'T', 40.8),
	('PYF', 'Tahitian', 'F', 46.4),
	('QAT', 'Arabic', 'T', 40.7),
	('QAT', 'Urdu', 'F', 0.0),
	('REU', 'Chinese', 'F', 2.8),
	('REU', 'Comorian', 'F', 2.8),
	('REU', 'Creole French', 'F', 91.5),
	('REU', 'Malagasy', 'F', 1.4),
	('REU', 'Tamil', 'F', 0.0),
	('ROM', 'German', 'F', 0.4),
	('ROM', 'Hungarian', 'F', 7.2),
	('ROM', 'Romani', 'T', 0.7),
	('ROM', 'Romanian', 'T', 90.7),
	('ROM', 'Serbo-Croatian', 'F', 0.1),
	('ROM', 'Ukrainian', 'F', 0.3),
	('RUS', 'Avarian', 'F', 0.4),
	('RUS', 'Bashkir', 'F', 0.7),
	('RUS', 'Belorussian', 'F', 0.3),
	('RUS', 'Chechen', 'F', 0.6),
	('RUS', 'Chuvash', 'F', 0.9),
	('RUS', 'Kazakh', 'F', 0.4),
	('RUS', 'Mari', 'F', 0.4),
	('RUS', 'Mordva', 'F', 0.5),
	('RUS', 'Russian', 'T', 86.6),
	('RUS', 'Tatar', 'F', 3.2),
	('RUS', 'Udmur', 'F', 0.3),
	('RUS', 'Ukrainian', 'F', 1.3),
	('RWA', 'French', 'T', 0.0),
	('RWA', 'Rwanda', 'T', 100.0),
	('SAU', 'Arabic', 'T', 95.0),
	('SDN', 'Arabic', 'T', 49.4),
	('SDN', 'Bari', 'F', 2.5),
	('SDN', 'Beja', 'F', 6.4),
	('SDN', 'Chilluk', 'F', 1.7),
	('SDN', 'Dinka', 'F', 11.5),
	('SDN', 'Fur', 'F', 2.1),
	('SDN', 'Lotuko', 'F', 1.5),
	('SDN', 'Nubian Languages', 'F', 8.1),
	('SDN', 'Nuer', 'F', 4.9),
	('SDN', 'Zande', 'F', 2.7),
	('SEN', 'Diola', 'F', 5.0),
	('SEN', 'Ful', 'F', 21.7),
	('SEN', 'Malinke', 'F', 3.8),
	('SEN', 'Serer', 'F', 12.5),
	('SEN', 'Soninke', 'F', 1.3),
	('SEN', 'Wolof', 'T', 48.1),
	('SGP', 'Chinese', 'T', 77.1),
	('SGP', 'Malay', 'T', 14.1),
	('SGP', 'Tamil', 'T', 7.4),
	('SHN', 'English', 'T', 0.0),
	('SJM', 'Norwegian', 'T', 0.0),
	('SJM', 'Russian', 'F', 0.0),
	('SLB', 'Malenasian Languages', 'F', 85.6),
	('SLB', 'Papuan Languages', 'F', 8.6),
	('SLB', 'Polynesian Languages', 'F', 3.8),
	('SLE', 'Bullom-sherbro', 'F', 3.8),
	('SLE', 'Ful', 'F', 3.8),
	('SLE', 'Kono-vai', 'F', 5.1),
	('SLE', 'Kuranko', 'F', 3.4),
	('SLE', 'Limba', 'F', 8.3),
	('SLE', 'Mende', 'F', 34.8),
	('SLE', 'Temne', 'F', 31.8),
	('SLE', 'Yalunka', 'F', 3.4),
	('SLV', 'Nahua', 'F', 0.0),
	('SLV', 'Spanish', 'T', 100.0),
	('SMR', 'Italian', 'T', 100.0),
	('SOM', 'Arabic', 'T', 0.0),
	('SOM', 'Somali', 'T', 98.3),
	('SPM', 'French', 'T', 0.0),
	('STP', 'Crioulo', 'F', 86.3),
	('STP', 'French', 'F', 0.7),
	('SUR', 'Hindi', 'F', 0.0),
	('SUR', 'Sranantonga', 'F', 81.0),
	('SVK', 'Czech and Moravian', 'F', 1.1),
	('SVK', 'Hungarian', 'F', 10.5),
	('SVK', 'Romani', 'F', 1.7),
	('SVK', 'Slovak', 'T', 85.6),
	('SVK', 'Ukrainian and Russian', 'F', 0.6),
	('SVN', 'Hungarian', 'F', 0.5),
	('SVN', 'Serbo-Croatian', 'F', 7.9),
	('SVN', 'Slovene', 'T', 87.9),
	('SWE', 'Arabic', 'F', 0.8),
	('SWE', 'Finnish', 'F', 2.4),
	('SWE', 'Norwegian', 'F', 0.5),
	('SWE', 'Southern Slavic Languages', 'F', 1.3),
	('SWE', 'Spanish', 'F', 0.6),
	('SWE', 'Swedish', 'T', 89.5),
	('SWZ', 'Swazi', 'T', 89.9),
	('SWZ', 'Zulu', 'F', 2.0),
	('SYC', 'English', 'T', 3.8),
	('SYC', 'French', 'T', 1.3),
	('SYC', 'Seselwa', 'F', 91.3),
	('SYR', 'Arabic', 'T', 90.0),
	('SYR', 'Kurdish', 'F', 9.0),
	('TCA', 'English', 'T', 0.0),
	('TCD', 'Arabic', 'T', 12.3),
	('TCD', 'Gorane', 'F', 6.2),
	('TCD', 'Hadjarai', 'F', 6.7),
	('TCD', 'Kanem-bornu', 'F', 9.0),
	('TCD', 'Mayo-kebbi', 'F', 11.5),
	('TCD', 'Ouaddai', 'F', 8.7),
	('TCD', 'Sara', 'F', 27.7),
	('TCD', 'Tandjile', 'F', 6.5),
	('TGO', 'Ane', 'F', 5.7),
	('TGO', 'Ewe', 'T', 23.2),
	('TGO', 'Gurma', 'F', 3.4),
	('TGO', 'Kabyé', 'T', 13.8),
	('TGO', 'Kotokoli', 'F', 5.7),
	('TGO', 'Moba', 'F', 5.4),
	('TGO', 'Naudemba', 'F', 4.1),
	('TGO', 'Watyi', 'F', 10.3),
	('THA', 'Chinese', 'F', 12.1),
	('THA', 'Khmer', 'F', 1.3),
	('THA', 'Kuy', 'F', 1.1),
	('THA', 'Lao', 'F', 26.9),
	('THA', 'Malay', 'F', 3.6),
	('THA', 'Thai', 'T', 52.6),
	('TJK', 'Russian', 'F', 9.7),
	('TJK', 'Tadzhik', 'T', 62.2),
	('TJK', 'Uzbek', 'F', 23.2),
	('TKL', 'English', 'T', 0.0),
	('TKL', 'Tokelau', 'F', 0.0),
	('TKM', 'Kazakh', 'F', 2.0),
	('TKM', 'Russian', 'F', 6.7),
	('TKM', 'Turkmenian', 'T', 76.7),
	('TKM', 'Uzbek', 'F', 9.2),
	('TMP', 'Portuguese', 'T', 0.0),
	('TMP', 'Sunda', 'F', 0.0),
	('TON', 'English', 'T', 0.0),
	('TON', 'Tongan', 'T', 98.3),
	('TTO', 'Creole English', 'F', 2.9),
	('TTO', 'English', 'F', 93.5),
	('TTO', 'Hindi', 'F', 3.4),
	('TUN', 'Arabic', 'T', 69.9),
	('TUN', 'Arabic-French', 'F', 26.3),
	('TUN', 'Arabic-French-English', 'F', 3.2),
	('TUR', 'Arabic', 'F', 1.4),
	('TUR', 'Kurdish', 'F', 10.6),
	('TUR', 'Turkish', 'T', 87.6),
	('TUV', 'English', 'T', 0.0),
	('TUV', 'Kiribati', 'F', 7.5),
	('TUV', 'Tuvalu', 'T', 92.5),
	('TWN', 'Ami', 'F', 0.6),
	('TWN', 'Atayal', 'F', 0.4),
	('TWN', 'Hakka', 'F', 11.0),
	('TWN', 'Mandarin Chinese', 'T', 20.1),
	('TWN', 'Min', 'F', 66.7),
	('TWN', 'Paiwan', 'F', 0.3),
	('TZA', 'Chaga and Pare', 'F', 4.9),
	('TZA', 'Gogo', 'F', 3.9),
	('TZA', 'Ha', 'F', 3.5),
	('TZA', 'Haya', 'F', 5.9),
	('TZA', 'Hehet', 'F', 6.9),
	('TZA', 'Luguru', 'F', 4.9),
	('TZA', 'Makonde', 'F', 5.9),
	('TZA', 'Nyakusa', 'F', 5.4),
	('TZA', 'Nyamwesi', 'F', 21.1),
	('TZA', 'Shambala', 'F', 4.3),
	('TZA', 'Swahili', 'T', 8.8),
	('UGA', 'Acholi', 'F', 4.4),
	('UGA', 'Ganda', 'F', 18.1),
	('UGA', 'Gisu', 'F', 4.5),
	('UGA', 'Kiga', 'F', 8.3),
	('UGA', 'Lango', 'F', 5.9),
	('UGA', 'Lugbara', 'F', 4.7),
	('UGA', 'Nkole', 'F', 10.7),
	('UGA', 'Rwanda', 'F', 3.2),
	('UGA', 'Soga', 'F', 8.2),
	('UGA', 'Teso', 'F', 6.0),
	('UKR', 'Belorussian', 'F', 0.3),
	('UKR', 'Bulgariana', 'F', 0.3),
	('UKR', 'Hungarian', 'F', 0.3),
	('UKR', 'Polish', 'F', 0.1),
	('UKR', 'Romanian', 'F', 0.7),
	('UKR', 'Russian', 'F', 32.9),
	('UKR', 'Ukrainian', 'T', 64.7),
	('UMI', 'English', 'T', 0.0),
	('URY', 'Spanish', 'T', 95.7),
	('USA', 'Chinese', 'F', 0.6),
	('USA', 'English', 'T', 86.2),
	('USA', 'French', 'F', 0.7),
	('USA', 'German', 'F', 0.7),
	('USA', 'Italian', 'F', 0.6),
	('USA', 'Japanese', 'F', 0.2),
	('USA', 'Korean', 'F', 0.3),
	('USA', 'Polish', 'F', 0.3),
	('USA', 'Portuguese', 'F', 0.2),
	('USA', 'Spanish', 'F', 7.5),
	('USA', 'Tagalog', 'F', 0.4),
	('USA', 'Vietnamese', 'F', 0.2),
	('UZB', 'Karakalpak', 'F', 2.0),
	('UZB', 'Kazakh', 'F', 3.8),
	('UZB', 'Russian', 'F', 10.9),
	('UZB', 'Tadzhik', 'F', 4.4),
	('UZB', 'Tatar', 'F', 1.8),
	('UZB', 'Uzbek', 'T', 72.6),
	('VAT', 'Italian', 'T', 0.0),
	('VCT', 'Creole English', 'F', 99.1),
	('VCT', 'English', 'T', 0.0),
	('VEN', 'Goajiro', 'F', 0.4),
	('VEN', 'Spanish', 'T', 96.9),
	('VEN', 'Warrau', 'F', 0.1),
	('VGB', 'English', 'T', 0.0),
	('VIR', 'English', 'T', 81.7),
	('VIR', 'French', 'F', 2.5),
	('VIR', 'Spanish', 'F', 13.3),
	('VNM', 'Chinese', 'F', 1.4),
	('VNM', 'Khmer', 'F', 1.4),
	('VNM', 'Man', 'F', 0.7),
	('VNM', 'Miao', 'F', 0.9),
	('VNM', 'Muong', 'F', 1.5),
	('VNM', 'Nung', 'F', 1.1),
	('VNM', 'Thai', 'F', 1.6),
	('VNM', 'Tho', 'F', 1.8),
	('VNM', 'Vietnamese', 'T', 86.8),
	('VUT', 'Bislama', 'T', 56.6),
	('VUT', 'English', 'T', 28.3),
	('VUT', 'French', 'T', 14.2),
	('WLF', 'Futuna', 'F', 0.0),
	('WLF', 'Wallis', 'F', 0.0),
	('WSM', 'English', 'T', 0.6),
	('WSM', 'Samoan', 'T', 47.5),
	('WSM', 'Samoan-English', 'F', 52.0),
	('YEM', 'Arabic', 'T', 99.6),
	('YEM', 'Soqutri', 'F', 0.0),
	('YUG', 'Albaniana', 'F', 16.5),
	('YUG', 'Hungarian', 'F', 3.4),
	('YUG', 'Macedonian', 'F', 0.5),
	('YUG', 'Romani', 'F', 1.4),
	('YUG', 'Serbo-Croatian', 'T', 75.2),
	('YUG', 'Slovak', 'F', 0.7),
	('ZAF', 'Afrikaans', 'T', 14.3),
	('ZAF', 'English', 'T', 8.5),
	('ZAF', 'Ndebele', 'F', 1.5),
	('ZAF', 'Northsotho', 'F', 9.1),
	('ZAF', 'Southsotho', 'F', 7.6),
	('ZAF', 'Swazi', 'F', 2.5),
	('ZAF', 'Tsonga', 'F', 4.3),
	('ZAF', 'Tswana', 'F', 8.1),
	('ZAF', 'Venda', 'F', 2.2),
	('ZAF', 'Xhosa', 'T', 17.7),
	('ZAF', 'Zulu', 'T', 22.7),
	('ZMB', 'Bemba', 'F', 29.7),
	('ZMB', 'Chewa', 'F', 5.7),
	('ZMB', 'Lozi', 'F', 6.4),
	('ZMB', 'Nsenga', 'F', 4.3),
	('ZMB', 'Nyanja', 'F', 7.8),
	('ZMB', 'Tongan', 'F', 11.0),
	('ZWE', 'English', 'T', 2.2),
	('ZWE', 'Ndebele', 'F', 16.2),
	('ZWE', 'Nyanja', 'F', 2.2),
	('ZWE', 'Shona', 'F', 72.1);

/*!40103 SET TIME_ZONE=IFNULL(@OLD_TIME_ZONE, 'system') */;
/*!40101 SET SQL_MODE=IFNULL(@OLD_SQL_MODE, '') */;
/*!40014 SET FOREIGN_KEY_CHECKS=IFNULL(@OLD_FOREIGN_KEY_CHECKS, 1) */;
/*!40101 SET CHARACTER_SET_CLIENT=@OLD_CHARACTER_SET_CLIENT */;
/*!40111 SET SQL_NOTES=IFNULL(@OLD_SQL_NOTES, 1) */;
